source,year,abstract,label
Sistemasi (Sistem Informasi) UNISI (IndoT5 Parafrase),2015,"acar merupakan salah satu komuditi agrobisnis pertanian atau perkebunan di Indonesia yang banyak diminati oleh petani, karena makanan di Indonesia pada umumnya banyak menggunakan Cabai, sehingga mereka dapat menggantikan peran seorang ahli dalam mencari solusi dan membuat panen menjadi gagal. Sistem pakar diperlukan untuk membantu mendiagnosa gangguan pada tanaman Cabai, dengan tujuan untuk mengadopsi kemampuan yang mirip dengan pakar dalam berpikir atau bernalar dengan ketelitian dan informasi yang tepat dan akurat. untuk orang yang tidak memiliki pengetahuan tentang bagaimana menangani masalah ini dengan baik dan memberikan kepada orang yang lebih mudah bagi orang yang sederhana untuk mengembangkan sistem pakar dalam hal-hal yang lebih lanjut dari petani, untuk itu. (Ca) , yang telah berkembang sebagai bahan baku, dan sebagai petani, sebagai petani , untuk membuat keputusan.",ai
Sistemasi (Sistem Informasi) UNISI (IndoT5 Parafrase),2016,"Cipta Karya, data barang disimpan dalam bentuk tumpukan faktur pembelian yang memungkinkan terjadinya kehilangan data barang, perhitungan setiap transaksi masih menggunakan perhitungan manual sehingga memungkinkan terjadi kesalahan terhadap jumlah total harga, pengendalian persediaan barang belum terkontrol dengan baik, serta pembuatan laporan yang dilakukan pada TB. , yaitu dengan mencatat seluruh transaksi yang telah dilakukan. Laporan yang dibuat oleh penelitian ini adalah dengan mencatat semua transaksi yang dilakukan. dan membuat laporan yang dibuat pada TB Cipta Karya. Dengan catatan keseluruhan transaksi yang sudah dilakukan. - Laporan yang dilakukan dengan mencatat transaksi yang sedang dibuat Laporan yang sesuai dengan tujuan dari suatu aplikasi yang lain yang dapat dibuat untuk tujuan yang telah dibuat pada database yang telah digunakan sebagai berikut: 1 2 ( 1). 3 , , dan , yang telah menjadi lebih baik, dan tidak dapat dibuat oleh , serta membuat laporan tersebut.",ai
Sistemasi (Sistem Informasi) UNISI (IndoT5 Parafrase),2014,(Technique for Others Preference By Similarity to Ideal Solution (TOPSIS) adalah jawaban atas kesulitan yang dihadapi oleh Kantor Kecamatan Tembakan Kabupaten Inhil dengan menentukan kriteria dan alternatif yang menjadi acuan untuk menentukan nilai keputusan dan melakukan perhitungan matrik untuk mencapai tujuan yang tepat pada keputusan penetapan pegawai teladan di Kantor Kec.,ai
Sistemasi (Sistem Informasi) UNISI (IndoT5 Parafrase),2013,"( 1 ) Metode penelitian yang digunakan oleh penulis adalah metode deskriptif, sebagai upaya untuk mendapatkan gambaran tentang metode pengumpulan data, penulis menggunakan alat bantu desain yaitu bagan alir dokumen, bagan konteks, diagram alir data (DFD), untuk merancang basis data digunakan metode normalisasi, relasi tabel, dan diagram hubungan entitas (ERD). Impelementasi dan rancangan program menggunakan Visual basic 6. 0 dan database Microsoft Access. - Sistem informasi, sehingga membantu mencapai hasil yang optimal. ) (b) , dan (2) ( ), dan pemrograman (a) ` (l () ). aplikasi (D) /sistem informasi (C) : (d). 3 ( ERD) END (E).",ai
Sistemasi (Sistem Informasi) UNISI (IndoT5 Parafrase),2013,"(2) Penelitian ini mengembangkan sistem pendukung keputusan (SPK) dengan menggunakan metode Analytical Hierarchy Process (AHP) sebagai proses dalam seleksi penerimaan siswa baru, digunakan beberapa kriteria untuk menentukan calon siswa baru yang mana yang akan diterima, SPK ini membantu sekolah dalam menentukan siswa mana yang harus diterima, dan AHP digunakan sebagai metode dalam perhitungannya.",ai
Sistemasi (Sistem Informasi) UNISI (IndoT5 Parafrase),2013,"Untuk menentukan atau melihat minat beli konsumen atau masyarakat terhadap air minum isi ulang di Tembilahan, metode yang digunakan dalam penelitian ini menggunakan metode AHP (Analitycal Hierarchy Process) sebagai alat bantu dalam pengambilan keputusan, SPK ini lebih menekankan bagaimana merancang dan menentukan minat beli masyarakat tersebut serta implementasi program yang dimaksudkan untuk memudahkan proses perhitungan. , dengan maksud untuk meningkatkan proses pengambilan keputusannya sendiri, dan untuk menyederhanakan proses perhitungannya sendiri. (Teks dengan relevansi EEA) (AHP). Keputusan Sistem Pendukung Keputusan (S). Masyarakat yang sesuai dengan tujuan tersebut (C).",ai
Sistemasi (Sistem Informasi) UNISI (IndoT5 Parafrase),2017,"Ini hanya menampilkan informasi tentang aturan simulasi perpustakaan secara umum, tetapi anggota perpustakaan tidak dapat melihat dan melakukan proses meminjam koleksi buku secara online, aplikasi ini hanya menyajikan informasi tentang Aturan Simulasi Perpustakaan Umum, dibandingkan dengan Sistem Desktop, Sistem Web Base tidak memiliki batasan waktu dan tempat untuk mengaksesnya. Oleh karena itu, penelitian ini hanya bertujuan untuk menganalisis dan merancang model sistem perpustakaan yang sesuai dengan misi perpustakaan UNISI. , sehingga tujuan ini dapat dicapai dengan membangun infrastruktur yang mendukung akses internet. (Teks dengan relevansi EEA), oleh karena itu diperlukan. - desain sistem perpustakaan, dan ruang lingkup yang relevansi (a). dari perpustakaan , dan mengakses perpustakaan, , dll , sebagai berikut: , ( ).",ai
Sistemasi (Sistem Informasi) UNISI (IndoT5 Parafrase),2016,"Integra Enviro Energy, sistem informasi yang beroperasi di bidang pengolahan data, khususnya di bagian pelaporan dan penggunaan dana operasional, masih menggunakan sistem komputerisasi sederhana, yang berarti bahwa setiap pekerjaan yang berkaitan dengan pemrosesan datanya, khususnya penggunaan Microsoft Office Excel dan word, memungkinkan banyak kesalahan dalam pemrosesan data penggunaan keuangan operasional yang ada di lingkungan PT. , dapat berkontribusi untuk membantu pihak perusahaan dalam melakukan kegiatan operasional perusahaan. ( 1 ) , dana yang digunakan dalam operasi perusahaan, dapat mengurangi tingkat kesalahan tersebut, sehingga dapat memberikan layanan yang lebih lama untuk mengatasi masalah ini, untuk membantu dalam hal ini, yang terkait dengan tujuan untuk tujuan untuk membantu perusahaan, untuk tujuan. aplikasi, untuk menyediakan layanan yang relevansi yang diperlukan untuk membantu proses yang bersangkutan, yang ada. - ( , dll , , yang akan menjadi lebih lanjut, dan waktu yang ada, yang disediakan oleh mereka.",ai
Sistemasi (Sistem Informasi) UNISI (IndoT5 Parafrase),2013,"( 1 ) Tujuan dari penelitian ini adalah untuk memberikan solusi berbasis teknologi informasi berupa sistem pendukung keputusan yang dapat memberikan alternatif terbaik dalam memilih lokasi toko buku yang strategis, serta penggunaan metode AHP dalam mempertimbangkan lokasi yang strategis dapat menghasilkan alternatif lokasi yang sesuai dengan harapan dan kemampuan pelaku usaha, dan perhitungan yang dilakukan diharapkan dapat menghasilkan keputusan yang cepat dan objektif. Keputusan yang dihasilkan dalam penentuan lokasi usaha toko buku, yang hanya mengandalkan intuisi dan pengalaman saja dapat menjadi lambat dan tidak objektif. keputusan yang dibuat dalam menentukan lokasi bisnis toko buku. , yang akan menghasilkan suatu keputusan yang tepat waktu yang tepat dan keputusan yang akurat dan kesimpulan yang tepat Waktu yang tepat yang tepat, yang tepat. pendekatan yang relevansi yang tepat untuk keputusan yang efisien. - lokasi yang tepat-lokasi yang tepat sasaran yang strategis - strategi yang tepat pada lokasi yang efektif. tempat yang tepat - lokasi strategis - lokasi , dll , sebagai langkah-keputusan yang tepat , keputusan.",ai
Sistemasi (Sistem Informasi) UNISI (IndoT5 Parafrase),2014,"(2) Dalam penelitian ini, berbagai jenis sistem yang digunakan sangat memungkinkan untuk menciptakan berbagai kesulitan dalam pengumpulan data kenaikan gaji berkala yang diperlukan untuk memberikan laporan dan penilaian kegiatan, salah satunya informasi dalam pengolahan data Kenaikan Gaji Berkala masih menggunakan cara manual dengan cara melihat tabel gaji, sehingga proses pengajuan gaji berkala memerlukan waktu yang lama. Oleh karena itu diperlukan aplikasi untuk memberikan solusi pada masalah tersebut. : Sistem Informasi, Pengusulan Kenaikan Ghb Berkala Berbasis Web, sehingga dapat dikembangkan lebih lanjut sesuai dengan perkembangan teknologi informasi yang ada. 4 - ( 1 ) ( 2 ); (1) ( ) ` ` untuk `.",ai
Sistemasi (Sistem Informasi) UNISI (IndoT5 Parafrase),2017,"Untuk mendukung dan mensukseskan program ini, penerapan metode AHP dalam pembangunan sistem pendukung keputusan penilaian desa terbaik dalam program pemerintah daerah DMIJ ditetapkan dengan 8 kriteria, yaitu: Pendidikan, Kesehatan, Ekonomi Masyarakat, Keamanan dan Ketertiban, Partisipasi Masyarakat, Pemerintahan, Lembaga Kemasyarakatan, dan Pemberdayaan dan Kesejahteraan Keluarga (DMIJ), dengan nilai eigen 0. 245 atau 24,5%, sehingga Desa Pulau Palas dapat direkomendasikan sebagai desa terbaik. , Desa Maju Inhil Jaya ( DMI J). ( ) ( 1 ), , (H) , dan kesejahteraan keluarga (S) s ,. - (A) ); () ` (a ) yang relevansi (M) / (K).",ai
Sistemasi (Sistem Informasi) UNISI (IndoT5 Parafrase),2015,"Ini adalah perpustakaan yang berlokasi di Jalan Poros Benteng Utara, Sungai Batang, memberikan pelayanan kepada anggotanya dalam bentuk proses pendaftaran, peminjaman dan pengembalian buku, selain itu juga menyediakan fitur pencarian buku yang dapat diakses melalui internet sehingga akan lebih memudahkan anggota dalam mencari buku, dan sistem juga didukung oleh teknologi barcode untuk memudahkan pihak perpustakaan dalam membuat laporan yang diperlukan. - Sistem Informasi Perpustakaan, Teknologi Barcode, Database MySQL, PHP. (Teks dengan relevansi EEA), dan database MySqL, dan PHp (M) (D) s , dan - Layanan Perpustakaan, dan pembuatan Laporan (Rl) , dan pengembalian.",ai
Sistemasi (Sistem Informasi) UNISI (IndoT5 Parafrase),2014,"(security) kriptografi, ElGamal Kriptografi, adalah salah satu dari kriptografi publik yang sangat sering digunakan untuk menyembunyikan isi pesan atau data, adalah algoritma kriptografi yang rumit untuk menghitung logaritma diskrit, dan hasil dari proses dekripsi dari ciphertext ini akan menjadi plaintext yang sama dengan teks sebelum dilakukan enkripsi. Kata Kunci : kriptografi, kriptografi, elgamal kriptografi, Privat Key, Public Key. (Teks dengan relevansi EEA) - kriptografi, public key. , - kriptografi () (Key) , ( ) ) - kunci rahasia - kriptografi yang asli. - kriptografis - kriptografi - kriptografi) - enkripsi.",ai
Sistemasi (Sistem Informasi) UNISI (IndoT5 Parafrase),2013,"Untuk membantu pengolahan data KKU dan penelitian di Program Studi Sistem Informasi pada Universitas Islam Iran Fakultas Teknik dan Ilmu Komputer, kualitas sistem tersebut ditentukan oleh kemampuannya untuk menganalogikan sistem seperti kehidupan nyata yang didominasi oleh obyek, dan digambarkan atau dinotasikan dalam simbol-simbol yang cukup spesifik, OO memiliki proses standar dan bersifat independen, sehingga dapat mengurangi tingkat kesalahan dalam pemrosesan data akademik. , dan dapat memberikan layanan yang memuaskan bagi pengguna sistem. - Sistem Informasi, Sistem Informasi. Data (UML), dan Penelitian, (UN) (C) , dan dari sistem informasi yang bersangkutan tentang sistem informasi , dll , , yang relevansi s ( ) ` ; - pemrograman : (T).",ai
Sistemasi (Sistem Informasi) UNISI (IndoT5 Parafrase),2013,"TIK merupakan media yang dapat digunakan dengan lebih efisien dan lebih berguna untuk memproses dan menyelesaikan masalah yang dihadapi, selain itu, banyak faktor yang mempengaruhi pilihan yang ada, dengan berbagai kriteria pemilihan dan jumlah pembuat keputusan yang lebih dari satu merupakan bentuk penyelesaian masalah yang sangat kompleks. Harga, jaringan, baterry, fitur, size, audio, kamera, dan LCD, sangat penting untuk dipertimbangkan dalam pengambilan keputusan. Keputusan yang sulit yang dihadapi oleh konsumen tidak hanya disebabkan oleh ketidakpastian atau ketidaksempurnaan informasi, tetapi juga karena adanya kebutuhan informasi yang berkembang pesat ini, dan karenanya diperlukan. ukuran dan LCD (C) (c) , ( ) s - faktor-faktor yang relevansi (a) `. (p ) a (e) nya yang lebih banyak faktor tersebut.",ai
Sistemasi (Sistem Informasi) UNISI (IndoT5 Parafrase),2017,"(LPSI) adalah salah satu lembaga yang ada di Universitas Islam (UNISI) Tembakan, dimana pada lembaga ini bertugas untuk membina urusan agama, Sistem Informasi E-SBQ merupakan sistem berbasis web yang sangat membantu dalam penyimpanan data baik itu data mahasiswa, nilai dan lain-lain Metode pengembangan sistem yang digunakan adalah SDLC, dalam hal ini UML digunakan untuk pemodelan sistem yang telah dirancang, berdasarkan pengujian beberapa pengguna di limgungan LPSI bahwa sistem sangat memberi kemudahan dalam mengelola data LPSI dan layak untuk implementasi. - Data LPSI , dll.",ai
Sistemasi (Sistem Informasi) UNISI (IndoT5 Parafrase),2015,"Salju Coco Mandiri Tembakan, pergerakan penjualan produk dan peramalan kebutuhan bahan baku dilakukan selama tiga bulan pengamatan, dari bulan Desember 2014 hingga Februari 2015, data pergerakan penjualan ini kemudian dihitung berdasarkan rumus EOQ, yang menunjukkan bahwa pengeluaran biaya persediaan bahan baku mengalami penurunan dari periode sebelumnya, artinya pengeluaran biaya stok bahan baku ini memiliki perbedaan yang signifikan dibandingkan dengan data yang dikeluarkan oleh perusahaan sebelum menggunakan metode EoQ. , yang berarti bahwa biaya persediaan tersebut berbeda secara signifikan dibandingkan sebelum menggunakan Metode EOq. - Data Pengelua - Perusahaan s ` `. ` untuk tujuan produksi pada saat ini.",ai
Sistemasi (Sistem Informasi) UNISI (IndoT5 Parafrase),2015,"Di antara dua komponen utama, yaitu dosen dan mahasiswa, ada dua jenis pendidikan, yaitu formal dan non-formal, yang masing-masing memiliki kriteria tersendiri dari mata kuliah lainnya, dan merupakan salah satu bahan pertimbangan bagi mahasiswa ketika akan mengambil mata kuliah yang bersangkutan. , yaitu: minat, matakuliah, SPK, AHP, Sistem Informasi (Sistem Informasi), yang akan membantu Prodi Sistem Informasi UNISI dalam mengevaluasi mahasiswa dan dosen pengampunya, dan untuk membantu Prosiding Sistem Informasi Uni Eropa (UNISI). - (A) ` A yang relevansi di mana.",ai
Sistemasi (Sistem Informasi) UNISI (IndoT5 Parafrase),2016,"(Data mining) adalah proses yang mempekerjakan satu atau lebih teknik pembelajaran komputer (mechine learning) untuk menganalisis dan mengekstraksi pengetahuan (knowledge) secara lain, sehingga pengguna dapat memprediksi pertandingan sepak bola dengan baik, mengetahui kekuatan klub bola yang akan bertanding, dan mengetahui hasil prediksi klub bola. , yang dapat menghemat waktu untuk memprediksi pertandingan tersebut dan mengetahui skor pertandingan yang telah diprediksinya. kata kunci : Sepakbola, Data mining, Pohon keputusan (decision Tree). Keputusan yang telah ditentukan oleh mereka.",ai
Sistemasi (Sistem Informasi) UNISI (IndoT5 Parafrase),2016,"(PSK) adalah perusahaan swasta nasional yang bergerak di bidang industri pengolahan hasil perkebunan, yang didirikan pada tanggal 5 Desember 1967 dan berkantor pusat di Jakarta, dengan nilai 0. 389 atau 38,9%, sementara pemberian dan/atau penyertaan dana CSR PT. Pulau Sambu Kuala Enok masih dilakukan seleksi sederhana, yaitu hanya melihat proposal yang diajukan tanpa mempertimbangkan kemungkinan lain, sehingga penggunaan teknologi informasi dapat digunakan secara maksimal. ( 1 ) , dan ( 2 ) dari aplikasi yang diberikan oleh masyarakat. , ( 3 ), dan sebagai kriteria yang relevansi ( CSR) ( BMT), , yang bersangkutan, dll , dimana , yaitu , untuk tujuan , masing-masing- ( ). - (MPP) %, danaan, , ) dalam hal- , sebagai berikut (2 ): , dll.",ai
Sistemasi (Sistem Informasi) UNISI (IndoT5 Parafrase),2015,"(2) Penelitian ini mengembangkan sistem pendukung keputusan (SPK) dengan menggunakan metode Analytical Hierarchy Process (AHP) sebagai proses dalam pemilihan sepeda motor. Dalam proses pemilihan ini, beberapa kriteria digunakan untuk menentukan sepeda motor yang mana yang akan dipilih, SPK ini membantu dalam menentukan pelamar mana yang harus dipilih. Metode AHP digunakan sebagai metode dalam perhitungan dalam pemilihan motor ini.",ai
Sistemasi (Sistem Informasi) UNISI (IndoT5 Parafrase),2014,"Untuk mengimplementasikan metode Forward Chaining pada sistem pakar diagnosa stadium penyakit kaki gajah berdasarkan gejala yang diderita, maka dapat dilakukan dengan pengamatan dari gejala tersebut. Metode forward chaining merupakan metode perunutan maju dengan melakukan penelusuran fakta sehingga menghasilkan kesimpulan atau diagnosis akhir. Kata Kunci : Forward Chaining, Sistem Pakar, Gejala, Penyakit, Obat-obatan (Obat).",ai
Sistemasi (Sistem Informasi) UNISI (IndoT5 Parafrase),2014,"Ini adalah sistem pakar yang dirancang sebagai alat bantu untuk mendiagnosa penyakit ginjal dengan basis pengetahuan yang dinamis, pengetahuan ini disusun sedemikian rupa ke dalam database dengan beberapa tabel, termasuk tabel penyakit, tabel gejala, dan tabel aturan untuk memudahkan kinerja sistem dalam penarikan kesimpulan. Kata Kunci : Ginjal, Sistem Pakar, Metode Forward Chaining. (Teks dengan relevansi EEA), yang akan memberikan keluaran berupa hasil diagnosis penyakit ginjal berdasarkan gejala yang dirasakan oleh pasien. Hasil penelitian menunjukkan bahwa metode forward chaining sangat cocok untuk diagnosis ginjal. , yang digunakan untuk menarik kesimpulan yang akan membantu dalam mengambil kesimpulan. sa - data yang sesuai.",ai
Sistemasi (Sistem Informasi) UNISI (IndoT5 Parafrase),2013,"PENILAIAN HASIL EVALUASI siswa SMP Negeri Satu Atap Kuala Sebatu saat ini masih belum akurat, data-data tersimpan secara terpisah dan perlu dilakukan pengumpulan data ulang, sehingga fasilitas sistem tidak efisien dan efektif. Hal ini mendorong penulis untuk menganalisis dan merancang sistem informasi evaluasi siswa agar dapat menyajikan informasi dengan lebih cepat, tepat, ekonomis, relevan dan tepat. Dengan demikian, hasil analisis dan desain ini dapat mempermudah dalam memperoleh data siswa, guru, data mata pelajaran.",ai
Sistemasi (Sistem Informasi) UNISI (IndoT5 Parafrase),2017,"( 1 ) Untuk membantu pelaksanaan Sistem Penjaminan Mutu Internal (SPMI) di suatu pendidikan dasar dan menengah, yang selanjutnya disebut sekolah model, sekolah model adalah sekolah yang ditetapkan dan dibina oleh Lembaga Penjamin Mutu Pendidikan (LPMP) untuk menjadi sekolah acuan bagi sekolah lain di sekitarnya dalam menerapkan penjaminan mutu pendidikan secara mandiri, dengan cara mencari nilai bobot dari setiap atribut, kemudian dilakukan perangkingan yang akan menentukan pilihan yang optimal, yaitu sekolah model. , Sekolah Model, untuk membantu dalam memecahkan masalah ini, untuk tujuan memastikan bahwa semua pekerjaan yang sesuai dengan cara yang relevansi dalam hal tersebut. Keputusan yang tepat waktu yang baik. ( SPMI) , untuk memfasilitasi pengambilan keputusan yang efektif, untuk mendukung keputusan yang akan membantu dalam memilih sekolah model untuk tujuan untuk membentuk model, untuk mengembangkan sekolah model , sebagai sekolah model sekolah model yang akan menjadi sekolah Model sekolah Model Sekolah Model sekolah model-sekolah model. - Sekolah Model , dan sekolah Model, sebagai model.",ai
Sistemasi (Sistem Informasi) UNISI (IndoT5 Parafrase),2017,"Ini adalah metode naïve bayes yang digunakan untuk mendiagnosa penyakit asma karena adanya gejala sesak napas, batuk, dan suara saat bernapas (mengi) yang disebabkan oleh penyempitan saluran napas, sehingga hasil akhirnya tergantung pada nilai probabilitas yang paling tinggi pada setiap data yang akan didiagnostik, sehingga manfaat dari penelitian ini adalah untuk menghasilkan diagnosis tingkat parah penyakit asma dan solusi secara cepat dan akurat. , yang merupakan manfaat dari penggunaan penelitian ini untuk membuat diagnosis asma tingkat parah dan solusi yang lebih baik dengan biaya yang lebih rendah. ukuran yang paling penting untuk tujuan dari jumlah yang paling banyak untuk tujuan yang paling akurat.",ai
Sistemasi (Sistem Informasi) UNISI (IndoT5 Parafrase),2015,"SISTEM INFORMASI RAPORT SEMESTER SISWA BERBASIS WEB ini dibuat dengan menggunakan Macromedia Dreamweaver 8 dengan bahasa pemrograman PHP dan database MySQL untuk memberikan informasi mengenai data guru, data siswa dan data nilai semester pada raport siswa yang ada di Sekolah Menengah Kejuruan Negeri Tembilahan, diharapkan dapat mempermudah guru dalam mengelola data nilai siswa, khususnya nilai semester siswa tanpa harus terjadi kesalahan dalam pengelolaan data tersebut, sehingga tujuan dapat tercapai secara maksimal.",ai
Sistemasi (Sistem Informasi) UNISI (IndoT5 Parafrase),2013,"( 1 ) Sistem Informasi Akuntansi, yang merupakan sistem aplikasi terkomputerisasi yang mampu melakukan pengolahan data transaksi keuangan, sistem yang dibangun dapat melakukan penjurnalan, posting jurnal, buku besar, neraca, dan laporan keuangan (Rugilaba, Perubahan Modal, Neraca, dan Arus Kas), dengan memperhatikan hasil penelitian yang dilakukan, aplikasi ini dapat membantu dalam proses pengolahan laporan keuangan, berdasarkan hasil yang diperoleh dari penelitian yang telah dilakukan, bahwa aplikasi tersebut dapat membantu untuk memproses laporan keuangan. Laporan Keuangan ( rugilaba, perubahan modal, neraca dan arus kas ) , dan Laporan Keuangan, , Aplikasi yang digunakan sebagai aplikasi yang dibuat oleh aplikasi , aplikasi ( ) - ), aplikasi yang , dll , yang akan () ) pada saat ini ).",ai
Sistemasi (Sistem Informasi) UNISI (IndoT5 Parafrase),2016,"Untuk mendukung sistem informasi transaksi penjualan dan pembelian obat di apotek Kab. Inhil, perlu dikembangkan sistem yang lebih baik yang memungkinkan orang-orang untuk berinteraksi dan memanfaatkan sistem informasi tersebut untuk membantu mencapai tujuan, oleh karena itu peneliti menggunakan bahasa pemrograman Web PHP dan MySQL yang akan membangun basis datanya dengan menggunakan program komputer untuk memudahkan para pegawai dan instansi dalam melakukan transaksi, sehingga menghasilkan informasi yang lebih efisien dan efektif. ( 1 ) OJ L 201, 7. 2005, hal ini dapat melayani pelanggan yang lebih efektif dan layanan yang tepat waktu yang efektif. Instansi, hal-hal yang efektif, dan waktu yang efisien. masalah yang efektifitas yang relevansi yang efisien, dan membantu pencapaian tujuan yang efektif dari mereka sendiri, untuk tujuan yang efisien , dan efisiensi, sebagai berikut s , , pada saat ini , dll , 3 , yang diperlukan.",ai
Sistemasi (Sistem Informasi) UNISI (IndoT5 Parafrase),2014,"Dibutuhkan alat bantu bagi masyarakat pengguna untuk mendiagnosis penyakit THT (Telinga Hidung Tenggorokan) pada manusia, sistem certainty factor adalah suatu metode untuk membuktikan apakah suatu fakta itu pasti atau tidak pasti. Hasil penelitian menunjukkan bahwa faktor kepastian dapat digunakan sebagai cara untuk mengatasi ketidakpastian untuk diagnosis awal penyakit THTA (Telinga hidung tenggorokan). `` Penelitian ini bertujuan untuk mengimplementasikan Metode Certainty Factor pada sistem diagnosa THT, yang merupakan cara untuk menghindari ketidakpastian. ` ` untuk untuk mengatasi ketidak pasti.",ai
Sistemasi (Sistem Informasi) UNISI (IndoT5 Parafrase),2013,", Memindahkan keahlian seseorang ke dalam program, menciptakan alat bantu kerja dan praktikum reparasi televisi berwarna bagi siswa jurusan audio video. Tujuan dari penelitian ini adalah untuk menciptakan suatu reperensi atau panduan untuk memperbaiki televisi berwarna, membuat program yang dapat membantu memecahkan masalah kerusakan pada televisi berwarna tersebut, sehingga perlu adanya solusi untuk mengatasi masalah kerusakan yang terjadi pada televisi warna tersebut, Manfaat dari studi ini adalah , Tersedianya Reperensi dan Panduan untuk Reparasi Televisi Berwarna, Mempercepat waktu diagnosis kerusakan yang akan terjadi, Tujuan dari Penelitian ini adalah.",ai
Sistemasi (Sistem Informasi) UNISI (IndoT5 Parafrase),2013,"SISTEM INFORMASI PILKADA, Bagan Arus Dokumen, Diagram Konteks, Data Flow Diagram, Aplikasi Rekapitulasi Perolehan Suara ini merupakan solusi yang tepat untuk mengatasi kendala yang menjadi masalah dalam proses pelaporan hasil perolehan suara, oleh karena itu perlu diterapkan sistem informasi secara terprogram untuk membantu pihak KPU Kabupaten Inhil dalam hal layanan operasional, dengan tujuan untuk memberikan bantuan kepada pihak KPU kabupaten inhil dalam masalah layanan operasional. , untuk itu perlu dibuat aplikasi ini sebagai solusi yang memadai.",ai
Sistemasi (Sistem Informasi) UNISI (IndoT5 Parafrase),2013,"( 1 ) Penelitian ini bertujuan untuk memberikan aplikasi sistem yang dapat digunakan dengan mudah, karena data dan informasi yang tersedia masih manual (Microsoft Office), seperti: data anak, data donatur, data transaksi dan data anak yatim yang kurang terkondisikan, karena informasi anak yatim menyebar dan tidak dapat dilihat pada waktu itu juga, sehingga data anak yang dihasilkan dan informasi anak yang diproduksi tidak lengkap. , dengan demikian tujuan dari sistem informasi ini adalah untuk menyediakan aplikasi sistem informasi yang dapat diakses dengan mudah. dan untuk meningkatkan efektivitas dan efisiensi kerja. untuk tujuan untuk tujuan dari data yang diperlukan untuk tujuan tersebut harus dibuat oleh sistem informasi terkait dengan maksud dari mereka. - data yang relevansi ( ) dalam hal-data yang diperlukan. ` `; di atas dasar tentang data yang sesuai dengan cara yang diperlukan.",ai
Sistemasi (Sistem Informasi) UNISI (IndoT5 Parafrase),2014,"( 1 ) Penelitian ini bertujuan untuk mengembangkan sistem informasi manajemen hutan rakyat atau Synthesis Devlopment Life Cycle (SDLC) prototipe (prototyping model), SDLC dengan model prototipe digunakan karena model ini menyederhanakan dan mempercepat langkah-langkah siklus hidup pengembangan sistem. Sistem informasi yang dikaji dalam penelitian ini menggunakan Web yang dikembangkan dengan Php Mysql. Hasil penelitian ini adalah potensi hutan rakyat untuk memenuhi kebutuhan penyampaian informasi hutan rakyat melalui sistem informasi pengelolaan hutan dengan web. , dan grafik total perusahaan per tahun, dan peta , yang relevansimetric , , di manageografi, dan potensi hutan Rakyat Hutan Rakyat Potensi Hutan Rakyat , dll.",ai
Sistemasi (Sistem Informasi) UNISI (IndoT5 Parafrase),2015,"(2) Penelitian ini menggunakan metode pengembangan sistem yang terdiri dari kebijakan dan desain sistem, analisis sistem, desain (perancangan) sistem secara umum, desain pemrograman sistem secara terinci, seleksi sistem, implementasi (penerapan) sistem dan perawatan sistem, dimana sistem ini dapat lebih mudah diterapkan serta membantu bagian penggajian guru, data Guru, data aktifitas guru. , dan aplikasi yang digunakan untuk mengembangkan sistem informasi gaji di MT Ja. 3 ) , dengan metode yang digunakan oleh aplikasi.",ai
Sistemasi (Sistem Informasi) UNISI (IndoT5 Parafrase),2014,": pemasaran buku, buku, website, macromedia, mysql. Perkembangan teknologi saat ini mendorong banyak pihak untuk meningkatkan sistem yang ada pada instansi mereka, tidak seperti sistem pemasaran toko buku manual, vacuum dan hanya menunggu pelanggan, karena sekarang sistem pemasaran sudah bersifat global. Dari masalah ini, sistem berbasis web yang akan dibangun diharapkan dapat membantu proses pemasaran berbasis global.",ai
Sistemasi (Sistem Informasi) UNISI (IndoT5 Parafrase),2014,"( 1 ) Penelitian ini dilakukan dengan metode forward chaining, metode perunutan maju dengan melakukan penelusuran fakta sehingga menghasilkan kesimpulan, sistem pakar dengan metode Forward Chaining cocok untuk menentukan sanksi tilang lalu lintas angkutan jalan (LLAJ) berdasarkan pelanggaran yang dilakukan oleh pengemudi, karena sistem pakar tersebut mampu menentukan sanksi yang harus diterima oleh pengemudi tersebut. - Hasil penelitian menunjukkan bahwa Sistem Pakar, Pelanggaran, Sangsi Tilang Lalu Lintas Angkutan Jalan Berdasarkan Pelanggaran yang Dilakukan oleh Pengemudi.",ai
Sistemasi (Sistem Informasi) UNISI (IndoT5 Parafrase),2015,"Di daerah Inhil, pemilihan wisma-wisma yang berkualitas bukanlah hal yang mudah, karena konsep matematika yang mendasari penalaran fuzzy sangat sederhana dan mudah dipahami, sedangkan logika fuzzy merupakan generalisasi dari logika klasik (Crisp Set) yang hanya memiliki dua nilai keanggotaan, yaitu 0 dan 1. Berdasarkan hal tersebut di atas, proses pemilihan wisma terbaik ini tidak mudah, hanya ada dua kriteria yang terukur yang digunakan untuk menentukan wisma mana yang akan menjadi wisma terbaik. - , dengan demikian dapat digunakan untuk menggambarkan suatu masalah yang matematis. , dan tidak adanya kriteria yang menentukan wisma itu sendiri.",ai
Sistemasi (Sistem Informasi) UNISI (IndoT5 Parafrase),2016,"BUMDes Al-amin adalah badan usaha yang bergerak di bidang penyimpanan dan peminjaman uang yang berfungsi untuk membantu kebutuhan keuangan masyarakat pedesaan, oleh karena itu para peneliti merancang sistem pinjaman dan informasi yang menghemat untuk memfasilitasi kinerja administrator, pemimpin BUMS, dan anggota BUMES, pada tahap ini studi ini, peneliti menggunakan metode penelitian ini menggunakan siklus hidup pengembangan sistem (SDLC), menggunakan analisis PIECES, dengan pemrograman berbasis web.",ai
Sistemasi (Sistem Informasi) UNISI (IndoT5 Parafrase),2014,"(2) Kantor desa Tasik Raya adalah salah satu kantor dinas pemerintahan yang bergerak di bidang Kepala Pemerintahan Desa, yang memiliki kegiatan pendataan penduduk desa sebagai elemen penting dalam mendukung kegiatan pemerintahan desa sehari-hari, dengan tujuan untuk mengelola semua data pokok perkembangan penduduk serta hal-hal yang mempengaruhi perkembangan kependudukan, diperlukan sistem informasi pengolahan data kependudukan yang terstruktur dan mudah sehingga memudahkan pegawai dalam kegiatan pencacahan ini untuk mengontrol data penduduk dan menyediakan laporan kependudukan yang tepat dan akurat. Sistem ini dapat berfungsi sesuai dengan kegiatan utama dalam kegiatan administrasi kependudukan. untuk mendukung kegiatan pemerintah desa tasik raya, Pendata penduduk, Sistem Informasi Penduduk, Data Penduduk, Layanan Desa, Masyarakat. - Kantor Desa Tasik - Kantor, Penduduk. - Kegiatan Pemerintahan Desa - Kegiatan Pemerintah desa.",ai
Sistemasi (Sistem Informasi) UNISI (IndoT5 Parafrase),2014,"Semakin canggihnya teknologi informasi saat ini, mendorong munculnya perangkat teknologi informasi, hal ini seringkali dikaitkan dengan munculnya laptop dengan berbagai merek dan kualitas serta variasi harga yang semakin kompetitif baik produksi dalam negeri maupun produksi luar negeri, yang seringkali mengakibatkan ketidaksesuaian antara harga barang, fitur dan fasilitas yang ada. ( 1 ) Kata Kunci : Sistem Pendukung Keputusan Memilih Komputer, Sistem Pengambil Keputusan , Metode AHP, yang dapat mempercepat dan mempermudah calon pembeli dalam mengambil keputusan untuk melakukan pemilihan komputer (laptop) sesuai dengan kebutuhan mereka.",ai
Sistemasi (Sistem Informasi) UNISI (IndoT5 Parafrase),2013,"( 1 ) Tujuan dari penelitian ini adalah untuk membangun sistem informasi administrasi pasien di Rumah Sakit Bangkinang. Kebutuhan sistem yang dikumpulkan dari berbagai sumber analisis dan rancangan yang sesuai dengan hasil analisis telah menghasilkan sebuah program aplikasi yang dapat membantu petugas dalam memberikan pelayanan kepada pasien. Dari kendala yang ada, cukup menjadi alasan bagi rumah sakit untuk memiliki sistem yang terkomputerisasi untuk memudahkan dan memenuhi kebutuhan administrasi pasien, baik rawat jalan, rawat inap, dan rawat jalan. untuk membantu petugas memberikan layanan kepada pasien, dan untuk memenuhi tujuan yang diinginkan. Untuk tujuan yang diperlukan untuk mencapai tujuan yang diusulkan untuk tujuan yang akan digunakan untuk mengelola data pasien yang sesuai untuk melayani pasien yang bersangkutan untuk pasien yang berkaitan dengan tujuan yang terkait dengan tujuan tersebut untuk tujuan untuk tujuan dari aplikasi yang telah dibuat untuk mengembangkan aplikasi yang relevansi untuk tujuan. , untuk membuat aplikasi yang dihasilkan untuk tujuan ini untuk tujuan tersebut. - aplikasi yang diperlukan oleh aplikasi.",ai
Sistemasi (Sistem Informasi) UNISI (IndoT5 Parafrase),2013,"Di Desa Pulau Kecil, proses penelusuran penyakit kacang panjang ini menggunakan penalaran maju, aturan-aturan diuji satu per satu dalam urutan tertentu, saat setiap aturan diuji, sistem pakar akan mengevaluasi apakah kondisinya benar atau salah, jika kondisinya sesuai, maka aturan tersebut disimpan, kemudian aturan berikutnya diujiKata kunci : Sistem Pakar, Kacang Panjang (vigna sesquipedalis), Forward Chaining (MFA), forward chaining, dll.",ai
Sistemasi (Sistem Informasi) UNISI (IndoT5 Parafrase),2017,"Semakin meningkatnya teknologi informasi saat ini sering dikaitkan dengan manfaat dalam berbagai aspek kehidupan, salah satunya yaitu dalam hal administrasi, surat persetujuan berlayar, kelancaran keluar masuk kapal, dan pembongkaran barang dipelabuhan, oleh karena itu penelitian ini bertujuan untuk mengembangkan sistem informasi untuk mendukung kebutuhan informasi pengolahan data surat perjanjian berlayar, sehingga pencatatan data surat permohonan berlayar dapat diganti menggunakan database. Metode yang digunakan adalah SDLC ( System Development Life Cycle ), yang dihasilkan dari metode ini adalah menghemat waktu dalam pencarian data surat izin berlayar.",ai
Sistemasi (Sistem Informasi) UNISI (IndoT5 Parafrase),2017,"Semakin meningkatnya teknologi informasi saat ini sering dikaitkan dengan pentingnya pendidikan bagi masyarakat yang ingin melanjutkan pendidikan setelah lulus dari sekolah menengah pertama, berbagai kegiatan telah dilakukan mulai dari pemasangan pamflet dan Baleho, serta kegiatan PMB dan HUMAS, sehingga masyarakat dapat memahami dan memahami apa saja keunggulan dan kualitas dan kuantitas dari UNISI tersebut, sehingga tidak ada lagi keraguan dan masyarakat dapat mengambil kesempatan untuk melanjutkan pendidikan ke perguruan tinggi. dan mereka dapat memiliki kesempatan untuk pergi ke Perguruan Tinggi. - Universitas Islam Indagiri Hilir sekarang memiliki universitas yang dapat dijadikan tempat untuk melanjutkan ke Perguruan tinggi ( ) (T ), dan Kualitas dan Kualitas , dan kualitas, dan lebih lanjut, dan melanjutkan ke universitas ini, dan mengembangkan sistem ini, dll , dll, dll. , , untuk tujuan, dan , bahwa , dalam hal- , yang relevansi, dan kuantitas. , sebagai: , oleh , tetapi, dll).",ai
Sistemasi (Sistem Informasi) UNISI (IndoT5 Parafrase),2015,"Untuk mendiagnosa penyakit gigi dengan menggunakan metode Case Based Reasoning (CBR) adalah salah satu metode untuk membangun sistem pakar dengan pengambilan keputusan dari kasus baru (target case) yang berisi gejala penyakit yang akan didiagnostik, kemudian kasus yang berhasil direvisi akan disimpan untuk menjadi pengetahuan baru yang akan menjadi solusi untuk kasus baru. Metode similaritas yang digunakan adalah Nearest Neighbourhood (K-NN) yang telah disimpan di dalam basis data (case-based) sistem, yang merupakan solusi kasus baru, yang telah menjadi solusi kasus yang lebih lanjut kasus yang sama. - NNNN , dan sebagai kasus yang relevansimilarity , yang sesuai kasus yang telah dilakukan oleh pakar.",ai
Sistemasi (Sistem Informasi) UNISI (IndoT5 Parafrase),2015,"PIECES, Perancangan Sistem Informasi Pertokoan, dengan komputer sebagai motor penggeraknya, telah mengubah segalanya. Pemrosesan informasi berbasis komputer, yang menghasilkan laporan secara rinci dan memudahkan pemilik toko dalam mengambil keputusan dan kerugian. Penyimpanan faktur pembelian dan penjualan masih dalam bentuk arsip, sehingga sulit untuk memahami sistem informasi yang sedang berjalan, sehingga dapat memberikan solusi yang tepat terhadap kekurangan dan kelemahan dari sistem yang sedang berlangsung, dan juga keamanannya lebih terjamin. - Sistem Informasi yang akan menjadi perusahaan. ` , tentang ; pada data yang diperlukan. 1 - : ini 4.",ai
Sistemasi (Sistem Informasi) UNISI (IndoT5 Parafrase),2016,"(LPSI) adalah salah satu lembaga yang ada di Universitas Islam (UNISI) Tembakan, dimana pada lembaga ini bertugas untuk membina urusan agama, Sistem Informasi E-SBQ merupakan sistem berbasis web yang sangat membantu dalam penyimpanan data baik itu data mahasiswa, nilai dan lain-lain, berdasarkan pengujian beberapa pengguna di limgungan LPSI bahwa sistem sangat memberi kemudahan dalam pengelolaan data LPSI dan layak untuk implementasi. Kata Kunci : informasi, e-sbq, php. (Teks dengan relevansi EEA), dll.",ai
Sistemasi (Sistem Informasi) UNISI (IndoT5 Parafrase),2013,"( 1 ) Perencanaan pada perencanaan ini berisi rencana sistem yang akan dibangun, termasuk bagaimana data dapat diperoleh secara valid, selanjutnya tahap kedua adalah analisa menggunakan analisa SWOT, kemudian tahap ketiga adalah desain input dan output yang berisi tool-tool yang digunakan dalam perencanaan ini, yaitu : Contex Diagram, Data Flow Diagram , Entitas Relational Diagram dan desain input/output. - Sistem informasi, PNPM Mandiri, Waterfall.",ai
Sistemasi (Sistem Informasi) UNISI (IndoT5 Parafrase),2014,"Di bawah perkembangan yang kompetitif dan mengaglobalisasi, setiap lembaga, termasuk lembaga pendidikan seperti Universitas Islam (UNISI), membutuhkan personel, terutama tenaga dosen yang berprestasi, dalam aplikasi yang dirancang menggunakan VB 6. 0 dan DBMS My sql, sehingga menghasilkan hasil dari keputusan tersebut. Kata Kunci: Dosen, AHP, Topsis, pada penelitian tugas akhir tersebut tentang Sistem Pendukung Keputusan Evaluasi Kinerja Dosen. , dan pada alternatifnya adalah dosen tetap Sistem Informasi UNISI Tembilahan.",ai
Sistemasi (Sistem Informasi) UNISI (IndoT5 Parafrase),2013,"waterfall adalah sistem informasi yang memungkinkan pelanggan percetakan Ade Printing untuk mencetak produk percetakan secara online, sehingga dapat memberikan kemudahan bagi pelanggan yang memiliki aktivitas yang padat atau berada jauh dari percetakan, tentu saja hal tersebut diharapkan secara tidak langsung dapat menghemat biaya pelanggan. Kata Kunci : Sistem Informasi, Pencetakan, Berbasis Web, Waterfall, PHP. dan Metode Pengumpulan Datanya : wawancara, observasi dan Kuesioner. - Sistem informasi pencetakan berbasis web ini dibuat dengan menggunakan bahasa pemrograman PHPS dan MySQL.",ai
Sistemasi (Sistem Informasi) UNISI (IndoT5 Parafrase),2015,"Untuk membangun infrastruktur dan fasilitas umum dan infrastruktur pemerintahan di wilayah Pemerintah Daerah Kabupaten Inhil, proses pemilihan kontraktor metode prakualifikasi harus didasarkan pada kriteria profil perusahaan, sedangkan kriteria untuk metode pascakualifikasi adalah kriteria persyaratan administrasi, sumber daya manusia (SDM), dan harga penawaran Hasil akhir dari proses SPK menggunakan metode AHP ini adalah peringkat dari beberapa alternatif perusahaan yang ditetapkan dan yang paling banyak memiliki bobot global yang menjadi rekomendasi untuk memilih calon pemenang tender proyek. , yang merupakan rekomendasi untuk pemilihan calon pemenang.",ai
Sistemasi (Sistem Informasi) UNISI (IndoT5 Parafrase),2016,"Untuk mengatasi masalah ini, para peternak dan masyarakat sering kali dihadapkan pada berbagai serangan penyakit yang menyerang ayam, dengan menerapkan salah satu metode yang dapat mengadopsi pengetahuan pakar ke dalam komputer, sehingga komputer dapat menyelesaikan masalah seperti seorang pakar, salah satu faktor rendahnya perkembangan dan produktifitas ayam adalah kurangnya pengetahuan dan informasi yang dimiliki oleh para peternak atau masyarakat mengenai penyakit ayam dan cara untuk mengatasinya. , hal ini dapat menyebabkan kerugian pada ayam itu sendiri. 1, hal-hal berikut: Sistem Pakar, penyakit, ayam ( 1 ) ( 2).",ai
Sistemasi (Sistem Informasi) UNISI (IndoT5 Parafrase),2017,"(GIS) adalah sistem informasi berbasis komputer yang dirancang untuk bekerja dengan menggunakan data yang memiliki informasi spasial (berreferensi keruangan), sistem ini mengcapture, memeriksa, mengintegrasikan, memanipulasi, menganalisa, dan menampilkan data yang secara spasial mereferensikan ke kondisi bumi. sektor perkebunan merupakan salah satu tulang punggung perekonomian Kabupaten Inhil karena dapat diakses melalui jaringan internet. 1 di seluruh wilayah Kabupaten.",ai
Sistemasi (Sistem Informasi) UNISI (IndoT5 Parafrase),2015,"Ini adalah salah satu bentuk organisasi yang di dalamnya terdapat proses belajar mengajar dan proses pengolahan data siswa, yang tidak dapat dimonitor secara keseluruhan tanpa adanya pengorganisasian yang tepat. Tujuan dari penelitian ini adalah untuk membangun sistem informasi siswa yang diharapkan dapat digunakan dalam pengelolaan sistem yang ada di SMA N 1 Tembilahan Hulu. Kata Kunci: Siswa, Sistem Informasi, SDLC dan SMAN 1 Tembakan Hulu. 1, dengan tujuan untuk mencapai hasil yang terbaik dari kemajuan teknologi yang dimiliki oleh sekolah tersebut. pembelajaran pada siswa - , dengan struktur. , dengan cara yang tepat , Dengan demikian.",ai
Sistemasi (Sistem Informasi) UNISI (IndoT5 Parafrase),2016,"Untuk itu, Pemerintah melalui PT. PLN (Perusahaan Listrik Negara) telah mengalami berbagai kesulitan dalam pengurusan instalasi listrik bersubsidi, khususnya bagi masyarakat kurang mampu, hanya saja mereka menginginkan harga yang lebih murah untuk instalasi dan mudah untuk menaikkan daya listrik sesuai dengan kebutuhannya. Penelitian ini dilakukan dengan membuat Sistem Pendukung Keputusan dengan metode AHP yang digunakan untuk memudahkan pihak CV. Yuwan Marola memberikan pertimbangan untuk menerima atau menolak pelanggan yang meminta instalasi listrik subsidi. , yang akan digunakan untuk tujuan tersebut. ---- -- - -- --.",ai
Sistemasi (Sistem Informasi) UNISI (IndoT5 Parafrase),2013,", Sistem Pakar adalah sistem yang berusaha untuk mengadopsi pengetahuan manusia ke komputer yang dirancang untuk memodelkan kemampuan untuk menyelesaikan masalah seperti yang dapat dipahami oleh orang biasa, atau hanya sekedar mencari informasi berkualitas yang sebenarnya hanya dapat diperoleh dengan bantuan para ahli di bidangnya, dan komputer dapat menyimpan pengetahuan dan keahlian pada pakar, meningkatkan produktivitas, output, dan kualitas pertanian di Kabupaten Inhil. Dengan adanya sistem Pakar Identifikasi penyakit pada tanaman kecipir, dengan menggunakan aplikasi sistem pakar, sehingga dapat membantu petani dalam mengatasi hama dan penyakit dengan menggunakan sistem pakar. - , dengan demikian, Dengan demikian, sebagai berikut ( ) (a) , () ` ` untuk tujuan dari , untuk melakukan konsultasi , dll , setelah berkonsultasi , dan , untuk , dalam proses yang diperlukan , sebagai ahli, dan keahlian mereka, dan keterampilan yang relevansi , yang diperlukan, , khususnya,.",ai
Sistemasi (Sistem Informasi) UNISI (IndoT5 Parafrase),2014,"SIS ini dikembangkan dengan model waterfall, dan dikembangkan dengan menggunakan bahasa pemrograman Visual basic 6. 0 dan PH MyAdmin sebagai tools untuk membantu mengelola basis data MySql, dengan tujuan untuk memberikan kemudahan pada saat proses pengolahan data siswa, pengolahan data guru, pengolahan nilai siswa, dan pembuatan laporan akademik. Hasil dari penelitian ini adalah bahwa sistem informasi akademik yang ada di sekolah tersebut belum terkelola dengan baik, sehingga sulit untuk melaksanakan aktifitas akademik di sekolah itu sendiri. - Sistem Informasi Akademik ini dibuat untuk memfasilitasi kegiatan akademik di dalamnya, sehingga keamanan data siswa lebih terjamin. (1) ( 1 ) , ( 2 ) yang telah dikembangkan (2) s n ` database siswa e.",ai
Sistemasi (Sistem Informasi) UNISI (IndoT5 Parafrase),2013,"( 1 ) Metode penelitian yang digunakan dalam penelitian ini adalah metode analisis studi literatur, pencarian fakta berupa wawancara dan penelusuran dokumentasi dan melakukan pengamatan pada sistem yang sedang berjalan, sedangkan metode perancangan yang digunakan meliputi desain basis data (Entity Relationship Diagram) dan DFD (Data Flow Diagram ). Hasil akhir dari studi ini adalah merancang sistem informasi geografis untuk memantau penyebaran titik api yang ada di kabupaten indragiri hilir, sehingga sulit untuk memadamkan kebakaran hutan dan lahan yang terjadi di Kabupaten Indragiri hilir. - Sistem Informasi Geografis - Data FDa ) - Penelitian ini , , dan , yang , dll , DDFDa, dll) , dengan , untuk , dimana. , RDP (R) ) (d) DF (DFDDD), DF-DD DDF DF, dan DFlow diagram.",ai
Sistemasi (Sistem Informasi) UNISI (IndoT5 Parafrase),2014,"SISTEM INFORMASI IZIN USAHA ini masih manual yaitu dengan mencatat data pemohon dan data izin di buku besar, sehingga sering terjadi kesalahan dalam pencatatan dan pencarian data Pemohon dan Data Izin yang ingin melakukan perpanjangan dan pembaruan data izin usaha, serta menggunakan bahasa pemrograman Visual basic 6. dan data izin yang ingin memperpanjang dan memperbarui data izin.",ai
Sistemasi (Sistem Informasi) UNISI (IndoT5 Parafrase),2013,"( 1 ) Tujuan Penelitian Untuk mencatat dan membuat bukti pembayaran siswa, jika siswa tidak membawa atau kehilanagan kartu pembayaran pada saat melakukan pembayaran iuran orang tua siswa, sedangkan manfaat penelitian adalah untuk menganalisis dan mengembangkan sistem informasi keuangan sekolah yang dapat meningkatkan efisiensi dan produktivitas kerja serta mengatasi masalah yang ada di dalam sistem Informasi Keuangan Sekolah pada MTS. PPTH Tembilahan, sedangkan metode yang digunakan dalam desain adalah diagram konteks, DFD, ERD, flowchart dan tampilan antarmuka yang diajukan. , yang akan digunakan dalam penelitian.",ai
Sistemasi (Sistem Informasi) UNISI (IndoT5 Parafrase),2017,"( 1 ) Penelitian ini menganalisis masalah tersebut untuk mendapatkan solusi yang tepat, dengan membangun sistem informasi izin usaha jasa konstruksi pada Badan Perizinan Penanaman Modal dan Promosi Daerah Kabupaten Inhil, dengan menggunakan bahasa pemrograman Visual basic 6. 0, database My SQL, dengan keunggulan pencatatan pembuatan izin usaha Jasa Konstruksi dan akan tetap menyimpan data izin tersebut pada tabel izin Usaha Jasa Konstruksi untuk masa yang akan datang, data yang telah dikumpulkan harus direkap ulang untuk memperoleh data secara menyeluruh, sehingga meningkatkan proses kerja petugas, dan privasi data terjaga dengan baik. Data yang dapat memberikan laporan tentang data yang akan membuat data yang tepat. , dan kerahasiaan data yang sesuai. perlindungan data yang relevansi yang tepat untuk memastikan keamanan data yang efektif dan Perlindungan Data yang tepat waktu yang tepat dalam hal-lembaga yang tepat dari data yang benar-sistem yang tepat - SQl - data yang lebih baik untuk menjaga privasi data yang baik data yang aman data yang diperlukan untuk data yang bersangkutan.",ai
Sistemasi (Sistem Informasi) UNISI (IndoT5 Parafrase),2017,"Skema pakar adalah cabang dari kecerdasan buatan yang berisi pengetahuan dan pengalaman yang dimasukkan oleh banyak pakar ke dalam area pengetahuan tertentu, sehingga setiap orang dapat menggunakannya untuk memecahkan masalah yang berbeda yang bersifat spesifik, dalam hal ini masalah penyakit pencernaan manusia dengan menggunakan metode case-based reasoning. Case Based Reasoning adalah metode untuk menyelesaikan masalah dengan mengingat kejadian yang sama atau sejenis yang pernah terjadi di masa lalu, atau dengan kata lain memecahkan masalah dengan menghadapi solusi yang pernah digunakan sebelumnya.",ai
Sistemasi (Sistem Informasi) UNISI (IndoT5 Parafrase),2015,"(2) Penelitian yang dilakukan di Dinas Perhubungan Komunikasi dan Informatika Kabupaten Inhil adalah untuk menganalisis peran teknologi informasi yang ada di dinas yang berwenang di sektor kelautan pelabuhan UPT Kuala Enok, khususnya di bidang kelautan, masih melakukan pekerjaan yang dilakukan secara manual dalam pendataan izin trayek baik kapal besar maupun kapal kecil, dengan tujuan untuk memberikan manfaat dalam pelayanan dan pembuatan laporan izin trayek angkutan laut, memberikan kemudahan dalam mendapatkan informasi yang berkaitan dengan izin trayek. Angkutan Laut, dan Rancang Bangun Sistem Informasi Izin Trayek Angkutan Laut Bidang Perhubungan Laut Kuala enok. ( 1 ) ( 2 ), (3) , ( ) ` (T ( T ) - Pelabuhan UPT ( OCT).",ai
Sistemasi (Sistem Informasi) UNISI (IndoT5 Parafrase),2016,"Di bidang pertanian, kemajuan teknologi telah banyak mempengaruhi proses pekerjaan manusia dalam berbagai bidang, misalnya dalam pertanian, di mana banyak peralatan pertanian yang dikembangkan melalui teknologi internet untuk membantu mengidentifikasi hama dan penyakit tanaman jagung, tetapi untuk mengidentifikasi jenis hama dan Penyakit tanaman jagung memerlukan pengetahuan, sedangkan pengetahuan yang dimiliki petani masih sangat terbatas. Oleh karena itu, penelitian ini dirancang sistem pakar menggunakan basis aturan dengan metode forward chaining untuk membantu identifikasi penyakit dan hama tanaman jagung berbasis web.",ai
Sistemasi (Sistem Informasi) UNISI (IndoT5 Parafrase),2015,"Di Dinas Perkebunan Inhil, Sistem Pakar Diagnosa Penyakit pada Tanaman Kakao menggunakan metode Forward Chaining, yang dapat memberikan informasi tentang beberapa jenis dan ciri-ciri penyakit yang mengganggu tanaman kakao, sehingga petani atau pengguna dapat mengetahui cara mendiagnosis penyakit pada tanaman kakao. Kata kunci: sistem pakar diagnostik penyakit kakao (forward chaining), dan untuk metode pengumpulan datanya penulis menggunakan metode wawancara, observasi dan kuesioner. - Metode yang digunakan dalam pengembangan sistem ini adalah metode wawancara. pengamatan dan Kuesioner ( ) (O) , (T (Da).",ai
Sistemasi (Sistem Informasi) UNISI (IndoT5 Parafrase),2014,"(1) Pengujian yang dilakukan pada Sistem Pendukung Keputusan ini meliputi sistem pendukung keputusan, dengan melakukan observasi dan wawancara dan pembobotan nilai Kriteria Spare Part, harga, banyak silinder, RPM dan alternatif mesin Mitsubishi, Yanmar, Mesin Catterpillar, Mesin Hino, Mesin Isuzu, Mesin Nissan, Mesin Toyota, berdasarkan hasil pengamatan dan wawancara, dan aplikasi yang dirancang menggunakan bahasa pemrograman vb 6. 0 dan DBMS My sql, sehingga menghasilkan satu tujuan atau satu tujuan. - , , dll ) , untuk , yang bersangkutan.",ai
Sistemasi (Sistem Informasi) UNISI (IndoT5 Parafrase),2015,"( 1 ) Sistem Informasi Perpustakaan yang berjalan di Universitas Islam, yang dalam pengolahan data perpustakaannya masih menggunakan sistem komputerisasi sederhana, meskipun sudah didukung dengan komputer, tetapi hanya menggunakan Office standar (Microsoft Office Excel dan Word), memungkinkan banyak sekali kesalahan dalam pemrosesan data perpustakaan, dan menyebabkan layanan perpustakaan yang diberikan oleh Universitas Islam Inhil menjadi kurang efektif, dan memerlukan waktu yang relatif lama untuk mencari data dan membuat laporan. (UML), untuk membantu menyelesaikan masalah ini. - Sistem informasi perpustakaan, Sistem Informasi, Client Server, Unified Modellingu ) (U).",ai
Sistemasi (Sistem Informasi) UNISI (IndoT5 Parafrase),2017,"(ERP) adalah sebuah layanan yang membantu proses bisnis dari Fakultas Ilmu Komputer UNSRI dalam menyediakan layanan kepada seluruh civitas akademika kampus, server dan perangkat jaringan yang ada di dalam sistem ERP fakultas, menggunakan protokol SNMP dan ICMP, sistem monitoring mampu memberikan informasi up dan down perangkat jaringan pada ERP. Berdasarkan hasil percobaan, sistem dapat memberikan informasi yang diperlukan dari perangkat jaringan ke komputer lainnya (client). ( 1 ) OJ L 127, 7. 5 detik ( 2) ( ERP) - ( ) untuk ( 4) s.",ai
Sistemasi (Sistem Informasi) UNISI (IndoT5 Parafrase),2014,"( 1 ) Metodologi penelitian yang digunakan dalam pembuatan aplikasi fuzzy ini adalah dengan metode database model Tahani,dimana model tahani memiliki 3 variabel utama yaitu sks,umur dan IPK mahasiswa, sehingga prestasi mahasiswa di bidang akadmik menjadi menurun, dengan adanya sistem ini, mahasiswa dapat mengetahui tingkat motivasi intrinsik dalam hal melakukan aktivitas sehari-hari atau dalam pekerjaan atau dalam belajar, sehingga dapat membantu menentukan motivasi intrinsik mahasiswa dalam melakukan hal-hal yang berkaitan dengan pribadi mahasiswa itu sendiri, seperti dalam belajar. - , , dll , yang akan membuat aplikasi ini , aplikasi ini, dan ERD , Aplikasi , sebagai berikut , untuk aplikasi. 2 , dimana , dari , dalam aplikasi.",ai
Sistemasi (Sistem Informasi) UNISI (IndoT5 Parafrase),2017,"TIK (Teknologi Informasi dan Komunikasi) yang efektif dan efisien dapat meningkatkan produktivitas dan kinerja organisasi, sehingga diperlukan strategi sistem informasi/teknologi informasi (SI/TI) yang dirancang untuk memetakan kebutuhan SI/TI di masa mendatang untuk RSGM FKG Uskastia agar dapat menjadi motor penggerak bagi strategi bisnisnya. 1 Strategi Sistem Informasi/TIK yang dikembangkan dapat digunakan untuk memetakan Kebutuhan SI/TIK untuk setiap unit bisnisnya.",ai
Sistemasi (Sistem Informasi) UNISI (IndoT5 Parafrase),2016,"Untuk menganalisis dan merancang sistem pakar diagnosa penyakit mata yang digunakan terdiri dari studi observasi, wawancara dan literatur, serta analisis dan desain sistem menggunakan diagram yang terkandung dalam UML (Unified Modeling Linguistics) dan metode Case Bassed Reasioning (CBR)), yang diharapkan dapat membantu pasien untuk membantu mendeteksi penyakit mata secara dini sebelum berkonsultasi dengan dokter mata. dan juga untuk mengatasi kesalahan manusia (human eror).",ai
Sistemasi (Sistem Informasi) UNISI (IndoT5 Parafrase),2015,"SISTEM Cerdas yang digunakan adalah Sistem Pakar dengan menggunakan teknik diagnose gejala, selanjutnya ditemukan penyakit dan solusi, pasien cukup berkonsultasi dengan sistem ini untuk mendapatkan hasil diagnosis lebih awal penyakitnya, apakah demam gejala biasa atau karana nyamuk, dengan adanya model yang digunakan dalam pengembangan sistem ini. Model yang digunakan pada pengembangan sistem tersebut adalah model terstuktur. - Model yang diterapkan dalam mengembangkan sistem tersebut.",ai
Sistemasi (Sistem Informasi) UNISI (IndoT5 Parafrase),2014,"PAD dan Pajak Daerah merupakan sebagian dari sumber pendapatan daerah untuk melaksanakan otonominya, yaitu mampu mengatur dan mengurus rumah tangganya sendiri, di samping penerimaan yang berasal dari Pemerintah Pusat berupa subsidi/bantuan dan bukan pajak, untuk mencapai daya guna dan hasil guna yang optimal, sesuai dengan Peraturan Perpajakan dan Retribusi Daerah, perlu dilakukan peningkatan kapasitas administrasi daerah dalam mengelola pajak daerah dan retribusi daerah, dengan tujuan untuk meningkatkan efisiensi dan manfaat yang diperoleh dari fiskal pusat dan daerah. masing-masing, sehingga dapat memberikan kontribusi yang adil kepada pemerintah daerah, dan untuk meningkatkan kesejahteraan masyarakat, untuk meningkatkan pendapatan asli daerah tersebut harus dikembangkan oleh pemerintah daerah. , untuk tujuan untuk menerapkan otonomi daerah , dan penerimaan daerah (PD), dan pajak daerah lainnya, dan pendapatan daerah yang relevansi , serta pendapatan daerah ini , sebagai akibatnya. Negara Bagian III , dll. - , sehubungan dengan cara-daerah , khususnya.",ai
Sistemasi (Sistem Informasi) UNISI (IndoT5 Parafrase),2013,"SISTEM INFORMASI MANAJEMEN adalah alat untuk menyajikan informasi sedemikian rupa sehingga bermanfaat bagi penerima manfaat, dengan membuat aplikasi pengolah data penggajian ini dapat membantu pihak Yayasan SMA Persatuan Tembilahan dalam hal layanan operasional, dengan menerapkan sistem informasi terkomputerisasi sebagai solusi yang tepat untuk mengatasi kendala yang menjadi masalah dalam proses pencatatan dan perhitungan gaji, oleh karena itu perlu diterapkan sistem informasi secara terprogram untuk membantu pihak yayasan dalam hal pelayanan operasional.",ai
Sistemasi (Sistem Informasi) UNISI (IndoT5 Parafrase),2013,"(1) Sistem Konsultasi Siswa Bermasalah, MTSN Tembilahan, Backward Chaining, Visual basic 6. 0 dan database MySQL digunakan untuk menganalisis sistem Pakar Konsultasi siswa bermasalah, dengan menggunakan bahasa pemrograman VBA dan MySqL, yang diharapkan dapat mempermudah proses konsultasi siswa yang bermasalah, serta hasil bimbingan konseling yang diberikan menjadi lebih efisien sehingga meningkatkan efektivitas dan efisiensi kinerja kerja siswa yang bersangkutan.",ai
Sistemasi (Sistem Informasi) UNISI (IndoT5 Parafrase),2013,", Desain penelitian yang penulis gunakan adalah desain penelitian dengan data primer dan sekunder, teknik pengumpulan data yang digunakan adalah studi pustaka dan studi lapangan yang terdiri dari wawancara dan pengamatan, tujuan penelitian ini adalah untuk merancang sistem informasi akuntansi berupa laporan keuangan, dengan proses Jurnal Umum, Buku Besar, Neraca Saldo, dan Output Laporan Keuangan Laba Rugi, masalah laporan keuangan pada PT. Wahyu Tripraja Karya dapat lebih cepat dalam pembuatan laporan keuangan.",ai
Sistemasi (Sistem Informasi) UNISI (IndoT5 Parafrase),2017,"(2) Dengan adanya Web KKN LPPM UNISI yang ada di Universitas Islam, penelitian ini dilakukan untuk mengetahui niat perilaku dalam penggunaannya dengan menggunakan model UTAUT (Unified Theory of Acceptance and Use of Technology), sedangkan 35,204521% dijelaskan oleh variabel BIUS, sehingga keberadaan Web KIN LPPM Unisi sangat membantu mahasiswa dalam melaksanakan KKN di lingkungan Universitas Islam Ind. , dengan demikian, menunjukkan bahwa penggunaan Internet KKN UNISI sangat membantu Mahasiswa UNISI dalam melaksanakan kuliah kerja nyata. (3) (1) , dan ( ) ), dengan , dengan tujuan , dalam hal ini, sebagai berikut (T) : (U) PE).",ai
Sistemasi (Sistem Informasi) UNISI (IndoT5 Parafrase),2014,"Diprioritas Tembakan, masalah yang dijadikan dasar dalam penulisan skripsi ini adalah sistem penjualan barang, penyajian laporan yang berkaitan dengan informasi penjualan barang disajikan dalam bentuk tabel yang diharapkan akan lebih jelas dan akurat dibandingkan dengan laporan yang sebelumnya hanya dibuat secara manual yang memiliki tingkat kesalahan yang tinggi. Dan dalam merancang aplikasinya, bahasa pemrograman Visual basic 6. 0 digunakan untuk membuat aplikasi yang lebih mudah dipahami oleh pengguna (user). ( 1 ) - Sistem Informasi, Penjualan, Prioritas Tembilahan.",ai
Sistemasi (Sistem Informasi) UNISI (IndoT5 Parafrase),2015,"waterfall adalah sistem informasi manajemen yang memungkinkan pihak Hotel Arrahman untuk memberikan informasi kamar, data tamu, data inap tamu yang lebih akurat secara online, sehingga dapat memberikan kemudahan bagi pelanggan/tamu yang memiliki aktivitas yang padat atau jauh dari kota untuk mendapatkan informasi tentang layanan penginapan hotel jika ada urusan pekerjaan dan lain-lain yang memerlukan waktu berhari-hari, tentu saja hal tersebut diharapkan secara tidak langsung dapat menghemat budget pelanggan. 1, dengan demikian dapat menghemat biaya pelanggan. ( 1 ) ( ( 2) s n - d `.",ai
Sistemasi (Sistem Informasi) UNISI (IndoT5 Parafrase),2016,"Inhil Sarimas Kelapa, berdasarkan penelitian dan analisa kualitatif yang dilakukan oleh peneliti, bahwa pihak perusahaan memiliki sistem penilaian dan seleksi supplier sebelumnya yang hanya menekankan pada aspek/kriteria biaya (cost) dan ditambah penilaian lain yang bersifat subjektif, penerapan metode AHP dalam membangun sistem pendukung keputusan untuk menilai pemasok yang mampu memenuhi kebutuhan perusahaan secara konsisten, dengan kriteria Mutu produk yang disertifikasi, nilai eigen 0. , yang paling berpengaruh adalah mutu produk yang diserahkan. dari pelanggan yang telah dipilih. - , dan yang relevansi. Keputusan , , dalam penelitian ini, yang bersangkutan, yang baik, yang tepat waktu yang baik , sebagai berikut , masing- , yaitu , untuk yang lebih lanjut , seperti itu , dll , proses , antara , dimana , khususnya , harus , sesuai dengan cara yang bersangkutan.",ai
Sistemasi (Sistem Informasi) UNISI (IndoT5 Parafrase),2016,"(2) Pengembangan sistem informasi akademik berbasis web pada SMP Negeri 2 Gaung Anak Serka masih dilakukan secara manual, dengan sistem pendataan yang saat ini dianggap masih banyak kekurangan, karena sistem yang ada masih menggunakan lembaran kertas dan arsip, sehingga dapat diharapkan dapat diimplementasikan dalam sebuah produk yang akan memperbaiki kekurangan yang ada pada sistem lama. Sistem yang ada sangat mungkin untuk hilang atau rusak. data yang ada dapat diharapkan untuk diperbaiki dalam bentuk produk yang dapat meningkatkan kecepatan dan kualitas penyampaian informasi. , sehingga memungkinkan untuk memperbaiki kekurangannya sendiri. dan dapat merusak data yang relevansi , dan sebagai sarana yang ada. - Sekolah (B) ( B) ) , dll.",ai
"CESS (Computer Engineering, System and Science) (IndoT5 Parafrase)",2016,"Di tengah perkembangan teknologi yang terus-menerus, sumber daya manusia juga harus berkembang untuk mengikutinya, dengan menggunakan konsep Sistem Pengambilan Keputusan dengan Metode Simple Additive Weighting (SAW) dan aplikasi Mirosoft Visual Studio 2008 dan database MS Access 2007 untuk merancang aplikasi untuk menentukan Tablet PC yang cocok untuk digunakan oleh para pemula, tetapi kebutuhan manusia yang semakin meningkat membuat para vendor teknologi harus memikirkan produk baru yang mampu mengimbangi kebutuhan manusia dengan baik. , khususnya bagi para pemula. Aplikasi PC adalah salah satu dari jawaban ini. - produk yang lebih besar yang lebih banyak orang tua dan yang muda, dan produk yang sesuai dengan cara yang lebih baik, yang lebih lanjut, yang tepat, yang relevansi yang tepat untuk tujuan yang tepat. di mana yang sesuai untuk mereka sendiri - , dll , sebagai berikut s ` , dan aplikasi yang sesuai , seperti itu, dan perangkat PC, dan.",ai
"CESS (Computer Engineering, System and Science) (IndoT5 Parafrase)",2016,"network security atau keamanan jaringan berkembang pesat seiring dengan meningkatnya kebutuhan akan akses jaringan yang efisien, stabil dan cepat serta kemanan yang kuat, banyak teknik yang dapat dilakukan untuk meningkatkan keamanan jaringan, baik dengan membangun sistem firewall, menggunakan Layer7 protocol maupun dengan port sekuriti, untuk menentukan kehandalan, kegunaan dan pemanfaatannya di lapangan. , dan untuk melakukan analisis terhadap masing-masing jenis switch port security. Jenis yang digunakan adalah sticky port Security, Port Securities, Portswitch Port Sekurity.",ai
"CESS (Computer Engineering, System and Science) (IndoT5 Parafrase)",2016,"Digit Signature Algorithm (DSA) adalah salah satu kriptografi yang digunakan untuk nirpenyangkalan, DSA merupakan tanda tangan elektronik yang dapat digunakan untuk membuktikan keaslian identitas pengirim atau penandatangan dari suatu pesan atau dokumen digital, namun DSA dengan fungsi hash tidak mengenkripsi plainteks asli, sehingga dikombinasikan dengan RSA.",ai
"CESS (Computer Engineering, System and Science) (IndoT5 Parafrase)",2016,"Pengiriman atau pertukaran data adalah hal yang sering terjadi dalam dunia teknologi informasi, data yang dikirim terkadang berisi data informasi yang penting bahkan sangat rahasia dan harus dijaga keamanannya. Peningkatan keamanan pesan dan kunci dilakukan dengan metode hybrid, yaitu mengintegrasikan beberapa algoritma kriptografi, baik algoritma simetri maupun algoritma asimetri, dan algoritma Elgamal digunakan untuk mengamankan kunci dari algoritma AES dan RC4 untuk enkripsi dan dekripsi kunci ditingkatkan dengan algoritma hybride. - algoritma () ( ) ( 2014) ); (T) : (C) `.",ai
"CESS (Computer Engineering, System and Science) (IndoT5 Parafrase)",2016,"Semakin bertambahnya manusia di alam ini, semakin besar, kecil, tua-muda, laki-laki, perempuan, bentuk muka, warna kulit atau kondisi fisik lain yang ada di rumah sakit tersebut, semakin banyak kemungkinan pasien akan mengalami gangguan medis mendadak, sehingga sistem yang dikembangkan masih memiliki kelemahan, karena hanya dapat digunakan pada telepon selular yang menggunakan modem GSM yang dapat digunakan untuk pemesanan kamar rawat inap saja yang dapat dilakukan oleh pasien. dan harus dipindahkan lagi ke rumah sakit lain. fasilitas yang sama sekali tidak dapat digunakan. (2) (3) , dan lebih banyak pasien tersebut, dan lambat, dan terlambat, dan buruk, dan parah, dan fatal, dan pasien tersebut , yang lain, dan sebagainya, dll , seperti itu, dan penyakit yang terjadi.",ai
"CESS (Computer Engineering, System and Science) (IndoT5 Parafrase)",2016,"(Optimasi website) adalah untuk meningkatkan index artikel pada halaman google ketika pencari mengetikkan kata kunci mereka sambil mencari konten apapun pada mesin pencari google dan pengguna search engine tersebut akan melihat hasil dari keyword yang mereka cari di halaman pertama hasil pencarian. Makalah ini memperkenalkan konsep optimasi web, hasil pencarian google, posisi index google. , Posisi index di halaman hasil pencarian, Posisi di halaman Hasil Google , posisi di halaman 1 hasil pencarian:.",ai
"CESS (Computer Engineering, System and Science) (IndoT5 Parafrase)",2016,"(1) Berdasarkan penelitian yang sudah pernah dilakukan sebelumnya dan dari uraian di atas, masalah optimasi kombinatorial umumnya sangat sulit untuk dipecahkan, Bin Packing Algorithm adalah solusi terbaik dalam mengatasi masalah Optimasi Kombinatorial, yang digunakan untuk menemukan objek secara optimal dari sekelompok himpunan objek yang berhingga, tetapi algoritma genetika paralel ini hanya cocok untuk masalah Jaringan Komputer heterogen dan Sistem Terdistribusi, dengan pendekatan hybrid telah dikembangkan dalam hal ini untuk memecahkan masalah Bin Paking Problem. - Pendekatan yang akan menerapkan algoritma genetika - pendekatan tingkat tinggi, algoritma genetika, dan algoritma genetika yang lebih lanjut, metode genetika. , dan kompleksitas, yang relevansi , yang signifikansi, dan konvergensi yang dapat diterapkan, yang lebih baik, dan.",ai
"CESS (Computer Engineering, System and Science) (IndoT5 Parafrase)",2016,"Ini adalah salah satu metode yang dapat digunakan untuk mengamankan informasi, Steganografi yaitu menyembunyikan informasi atau pesan ke dalam media lain seperti citra digital, teks, suara atau video sehingga tidak menimbulkan kecurigaan orang lain. Metode steganografi yang digunakan yaitu metode Pixel Value Differencing (PVD), kapasitas citra untuk menyisipkan pesan, lebih kecil dari ukuran citranya, waktu pemrosesan pada metode ini cukup cepat, kualitas citra setelah disisipi pesan, dan ketahanan pesan terhadap manipulasi citra dan steganalysis, dan aplikasi kriptografi. - teknik kriptografi yang digunakan sebagai standar kriptografi yang sesuai dengan metode yang digunakan untuk meningkatkan keamanan informasi yang digunakan, dan untuk meningkatkan kriptografi. , dan kriptografi, dan , , pada citra, dan citra, pada beberapa citra yang lain. data yang , yang digunakan oleh kriptografi, pada kriptografi , dll. ( ), s, dan metode kriptografi, dll , masing-.",ai
"CESS (Computer Engineering, System and Science) (IndoT5 Parafrase)",2016,"Di sini dibahas tentang definisi entitas, atribut, relasi dan kardinalitas antar entitas dan tahap-tahap pembentukan Relasi Entitas diagram yang berbeda berdasarkan skenario yang berbeda, pada bagian hasil akan dibuat beberapa diagram entitas rekursif yang terbentuk dari berbagai skenario. Pada pembahasan dan diskusi, hal-hal atau kondisi yang menyebabkan suatu entitas menjadi berbeda dalam satu entitas, serta latar belakang untuk membentuk Relasi Relasi yang berbeda. , dan sebagai kesimpulannya, harus ditulis dengan benar. kata-kata yang relevan dengan topik yang dibahas dalam tulisan ini. Keputusan ini akan membahas hubungan yang membentuk Rekursif.",ai
"CESS (Computer Engineering, System and Science) (IndoT5 Parafrase)",2016,"wordpress sebagai frame CMS yang memudahkan pengguna untuk membangun web atau situs dengan cepat dan mudah, dengan berbagai nama domain dan platform script yang dibangun, baik secara manual koding dan menggunakan CMS (Content Management System) dengan berbagai bahasa pemrograman web, seperti php, asp, phyton, jsp, javascript dan bahasa pemrograman Web lainnya, pada jurnal ini, kecepatan akses dan render html pada situs yang menggunakan platform CMS Wordpress, maka diperlukan optimasi dalam memecahkan masalah umum yang sering terjadi. ukuran dan kecepatan dan peningkatan kecepatan dan kecepatan akses yang lebih penting untuk mengatasi masalah umum, dan meningkatkan kecepatan akses, dan kecepatan yang lebih mudah, dll , sehingga meningkatkan kecepatan dan mempercepat akses , dan membuat situs , halaman web , , yang lebih baik, dan waktu yang lebih banyak , di manage yang berbeda, dan situs yang lebih dari , lebih baik , aplikasi web lainnya , dll, dll.",ai
"CESS (Computer Engineering, System and Science) (IndoT5 Parafrase)",2016,", XML dan JSON adalah format data yang digunakan pada saat komunikasi data pada web service, XML akan menghasilkan ukuran data yang lebih kecil jika dibandingkan dengan XML. Keywords” komunikasi data, Web Service, XML, JSONS. keyword Komunikasi Data, Web Services, XMLJSON.",ai
"CESS (Computer Engineering, System and Science) (IndoT5 Parafrase)",2016,"Ini menganalisis cara kerja metode Two Sided Side Match dalam mengamankan pesan rahasia dengan mengukur tingkat kerusakan citra hasil penyisipan pesan terhadap citra asli yang dihitung dengan nilai MSE (Mean Square Error). Jenis citra yang digunakan pada penelitian ini adalah jenis citra multi-layer TIFF yang bertujuan untuk membantu kedua metode tersebut dalam menampung lebih banyak pesan, Penelitian ini menganalisis cara kerjanya, dan ekstraksi pesan metode Two Sied Side Match, dan mengukur tingkat Kerusakan Citra Hasil Penyiapan Pesan terhadap Citra Asli, yang dihitung sebagai MSE.",ai
"CESS (Computer Engineering, System and Science) (IndoT5 Parafrase)",2017,"Ini adalah destinasi objek wisata yang menarik untuk dikunjungi dengan wilayah kepulauan, tetapi biaya yang tidak terduga ketika wisatawan mengunjungi satu objek lokasi wisata, seperti biaya perjalanan, biaya masuk dan fasilitas wisata, sering menjadi masalah, sehingga wisatawan harus menyesuaikan budget. Sistem yang dirancang menggunakan perangkat bergerak dengan menggunakan fitur Google Maps API, sistem pengembangan aplikasi mampu melakukan simulasi perhitungan tarif perjalanan berdasarkan input data dari pengguna, sehingga dapat memperkirakan total biaya perjalanan. - Perhitungan biaya perjalanan berdasarkan jalur transportasi umum dengan memilih jalur terdekat. (android) - sistem yang digunakan. kinerja perangkat bergerak yang berfungsi sebagai berikut: ( ) (a) () ` pada perangkat bergerak.",ai
"CESS (Computer Engineering, System and Science) (IndoT5 Parafrase)",2017,"Di era teknologi informasi dan komunikasi inter-networking saat ini, semua orang dapat berkomunikasi dengan orang lain yang berada di berbagai tempat melalui media internet, manusia dapat memperoleh dan menyampaikan informasi yang diperlukan kapan saja dan di mana saja dalam waktu singkat. Penelitian ini dilakukan dengan metode studi literatur, studi banding situs web yang ada di internet mengenai aplikasi dan jurnal terkait serta observasi langsung ke beberapa kantor pajak wilayah : jaksel, utara, barat, timur, dan pusat. data yang telah terjadi kesalahan pemotongan (WPPh ) ( OJ) s , dan `.",ai
"CESS (Computer Engineering, System and Science) (IndoT5 Parafrase)",2017,", pada era teknologi ini hampir semua kebutuhan menggunakan jaringan internet sebagai media untuk membantu kegiatan apapun, pengguna jaringaninter vlan saat ini yang paling banyak adalah di kampus atau universitas, mulai dari proses belajar mengajar, absensi online, KRS online, e-learning, dan lain-lain yang seluruhnya membutuhkan akses internet, adapun studi kasus untuk penggunaan inter vlan routing ini akan disimulasikan berdasarkan topologi jaringan yang ada di Universitas Negeri Medan (UNIMED).",ai
"CESS (Computer Engineering, System and Science) (IndoT5 Parafrase)",2017,"TIK saat ini berkembang sangat cepat seiring dengan semakin kompleksnya sistem komputer dan kemampuan komputer untuk berkomunikasi dengan komputer lain melalui jaringan, distribusi file menggunakan jaringan antar komputer yang bersifat rahasia memerlukan teknik untuk mengamankan file tersebut. Oleh karena itu, teknik pengamanan dengan menggunakan algoritma kriptografi diperlukan untuk mengamankan data tersebut.",ai
"CESS (Computer Engineering, System and Science) (IndoT5 Parafrase)",2017,"Di sini penulis menganalisa hasil yang diberikan Weiner bahwa jika private key d digunakan dalam algoritma kriptografi RSA kurang dari n292, maka sistem tersebut kurang aman. Karena nadalah perkalian p dan q, yang mana bilangan relative prima, sehingga mempengaruhi kinerja enkripsi algoritma yang lebih aman. 1 Tujuan utama dari tulisan ini adalah untuk menganalisis hasil dari Weiner dan mencoba untuk meningkatkan range dari privatekey d sampai n0.",ai
"CESS (Computer Engineering, System and Science) (IndoT5 Parafrase)",2017,"( 1 ) Metode penelitian yang digunakan adalah metode studi pustaka, analisis dan desain, kemudian dilakukan tahapan implementasi pada sistem yang telah dirancang, hasil yang diharapkan adalah dapat meningkatkan aspek kenyamanan dan kemudahan bagi pengguna dalam membuka atau mengunci pintu dengan sistem keamanan yang lebih canggih dan efisien dengan menggunakan smartphone android. Kesimpulan yang diperoleh adalah peralatan ini telah diuji dan dapat digunakan dengan menggunakan Smartphone android.",ai
"CESS (Computer Engineering, System and Science) (IndoT5 Parafrase)",2017,", khususnya untuk sistem keamanan, terdapat dua tipe sistem pengenalan, yaitu sistem verifikasi dan identifikasi, di mana sistem identifikasi bertujuan untuk memecahkan identitas individu, salah satunya adalah tangan. Telapak tangan merupakan salah satu organ tubuh manusia yang unik dan memiliki tekstur yang detail, bahkan berbeda antara tangan kanan dan kiri. Proses identifikasi jari tangan ini dilakukan dengan data latih dan uji. Hasil penelitian ini sebagian besar dapat mengidentifikasi biometrika talapak tangan. - Kata Kunci: Aplikasi, Identifikasi, Biometrika, Telinga Tangan, Chain Code. , Metode identifikasi telingkartu, yang dapat digunakan dalam sistem identifikasi. aplikasi yang dapat ditemukan pada sistem identifikasi karakteristik fisik yang dapat diidentifikasi secara otomatisasi, dan stabil, dan pengenalan teknologi identifikasi.",ai
"CESS (Computer Engineering, System and Science) (IndoT5 Parafrase)",2017,"Di bidang teknik industri, penelitian ini mencakup perlindungan aset informasi di lingkungan Organisasi XYZ dengan melakukan penilaian risiko keamanan informasi, yang berisi daftar prioritas analisis risiko yang disertai dengan akar penyebab masalah dan pengendalian risiko sesuai dengan standar ISO 27001. Hasil dari studi kasus menunjukkan bahwa penerapan standar iso 27001 berimplikasi pada penurunan tingkat kehati-hatian sebesar 30%. (Teks dengan relevansi EEA), yang telah terbukti secara signifikan terhadap penurunan tingkat kerentanan sebesar 30%, dengan menggunakan metodologi FMEA (FMEA) (D). , dan kontrol risiko yang relevansi (M).",ai
"CESS (Computer Engineering, System and Science) (IndoT5 Parafrase)",2017,"clustering adalah metode yang digunakan dalam datamining Clustering K-Means, yang mencari dan mengklasifikasikan data yang memiliki kemiripan karakteristik antara data satu dengan data lainnya yang diperoleh, sedangkan pertanyaan dalam kuesioner Susenas yang ditujukan kepada individu dikumpulkan melalui wawancara tatap muka dengan pencacah, suami/isteri kepala rumah tangga, atau anggota rumah tangga lain yang mengetahui karakteristik yang ditanyakan, yang dilakukan dalam beberapa tahap mulai dari tahun 1999-2016, dengan 2 provinsi cluster tingkat tinggi, yaitu Kepulauan Riuan, dan Jawa Tengah, dan Papua Barat, dan 20 provinsi tingkat rendah, yang digunakan untuk proses yang digunakan pada tingkat tinggi. Tingkat Tinggi, dan Tingkat Rendah, Datamining, yang sesuai dengan karakteristik yang relevansi karakteristik yang telah diperoleh, dan karakteristik yang sama. tingkat yang berbeda, masing-masing-individu yang terkait dengan data yang berkaitan dengan responden, yang bersangkutan, cluster, dan data yang bersangkutan. , dan , , yang terkait, mereka.",ai
"CESS (Computer Engineering, System and Science) (IndoT5 Parafrase)",2017,"( 1 ) Penelitian menggunakan salah satu metode dari Fuzzy MADM, yaitu Weighted Product (WP), yang dipilih karena mampu memilih alternatif terbaik dari sejumlah alternatif yang ada, disini alternatif yang dimaksud adalah mahasiswa calon penerima beasiswa berdasarkan kriteria yang ditentukan, kemudian dilakukan proses perengkingan yang menentukan alternatif optimal, yaitu mahasiswa berprestasi. , dengan tujuan untuk membantu menentukan siapa yang menerima beasiswa, diperlukan suatu metode yang dapat memberikan rekomendasi penerima beasiswa yang valid, dengan cara yang dapat membantu menentukan mana yang terbaik dari mereka.",ai
"CESS (Computer Engineering, System and Science) (IndoT5 Parafrase)",2017,"`` Penelitian ini mengimplementasikan push notification sistem untuk melakukan kendali listrik dengan kondisi, ketika sensor PIR mendeteksi cahaya rendah, maka raspberry pi secara otomatis akan memadamkan listrik, sedangkan sensor gerak akan mendeteksi adanya gerakan, bila ada gerakan, raspberry pi mengirimkan notifikasi, sehingga pengguna dapat memutuskan untuk memdamkan listrik atau tidak dari jarak jauh melalui jaringan wifi. Selain itu, hasil pengujian konsumsi daya baterai perangkat smartphone dapat digunakan selama 28 jam, sehingga sesuai dengan kebutuhan penggunaan ponsel. `; selain itu, sensor gerak mendeteksi adanya pergerakan, dan perangkat smartphone. - hasil pengujian Konsumsi daya baterai yang sesuai dengan menggunakan ponsel aplikasi pengaturan pada perangkat seluler perangkat.",ai
"CESS (Computer Engineering, System and Science) (IndoT5 Parafrase)",2017,"Ini menggunakan beberapa proses pengolahan citra digital dan metode k-nearest neighbor, seperti thereshold, yaitu dengan cara memisahkan objek dan latar belakang mutiara dan selanjutnya konten yang digunakan adalah bentuk dan ukuran yang diektraksi dari citra mutiara dengan metode regionprops. Hasil akhir dari sistem ini adalah mampu menentukan kelas dan kualitas mutiara secara manual, karena keterbatasan visual dan kelelahan manusia. untuk itu diperlukan suatu teknologi untuk melakukan proses klasifikasi yang cepat dan akurat. ( 1 ) K-NN (K-Nearest Neighbor) - ( ) ( K=1).",ai
"CESS (Computer Engineering, System and Science) (IndoT5 Parafrase)",2017,"Learning Vector Quantization (LVQ) adalah alat untuk menilai komponen kompetensi klinis seperti history taking, pemeriksaan fisik, keterampilan prosedural, keterampilan komunikasi, interpretasi hasil laboratorium, manajemen, dan lain-lain yang diuji menggunakan checklist yang telah disetujui dan mahasiswa akan mengikuti beberapa station. OSCE merupakan bagian dari penilaian yang bertujuan untuk menilai kompetensi dan keterampilan klinis mahasiswa secara objektif dan terstruktur, yang biasanya dilakukan pada tengah semester atau akhir semester pada mata kuliah tertentu. - Sistem penilaian dilakukan dengan melakukan klasifikasi nilai untuk setiap jenis kategori pemeriksaan yang dapat digunakan. dalam penelitian ini diterapkan untuk klasifikasi s 0 untuk mengklasifikasikan -.",ai
"CESS (Computer Engineering, System and Science) (IndoT5 Parafrase)",2017,"(Teks dengan relevansi EEA) pada penelitian ini didasarkan pada pengujian dataset jamur family Agaricus dan Lepiota menggunakan algoritma klasifikasidecision tree (J48), dari hasil pengujian rata-rata galat menggunakan 10-fold cross validation diperoleh nilai galat 0, yang berarti bahwa algoritma ini dapat mengkategorikan jamur layak konsumsi dengan akurasi sebesar 100%, sedangkan Indonesia yang secara geografis berada di daerah tropis mendukung pertumbuhan jamur.",ai
"CESS (Computer Engineering, System and Science) (IndoT5 Parafrase)",2017,"Diperbandingkan dengan parameter QoS Throughput, Delay (latency), Jitter (variasi kedatangan paket), Packet loss, pada HTB menggunakan teknik antrian queue tree, PCQ dengan Layer 7 protocol, PC Q dan Hotspot, sehingga diperoleh perbandingan dari metode HTB (Hierarchical Tocken Bucket), PCPQ, dan HTB untuk diterapkan pada Mikrotik RB750GL. - , dan Delay - Metode. yang akan diterapkan pada Routerm - Metode HTB.",ai
"CESS (Computer Engineering, System and Science) (IndoT5 Parafrase)",2017,"Untuk mengurangi kesenjangan yang terjadi dalam proses pengembangan sistem, penggunaan E-Academic dengan teknologinya saat ini tidak dapat didamaikan dengan kebutuhan Politeknik Harapan Bersama yang sebenarnya, sehingga memungkinkan untuk saling tumpang tindih, kebutuhan pada E-academic hanya dapat dijawab dengan memperhatikan faktor integrasi dalam pengembangannya, tujuan integrasi yang sebenarnya adalah untuk mengurangi kesenjangan tersebut. dan untuk meningkatkan efisiensi dan efektifitas. penyebaran informasi secara lebih efektif dan efisien.",ai
"CESS (Computer Engineering, System and Science) (IndoT5 Parafrase)",2017,"(SPK), Fuzzy Tsukamoto, Sepeda Motor, Honda, Kredit, Perusahaan Pembiayaan adalah badan usaha non-bank yang khusus didirikan untuk melakukan kegiatan usaha: sewa guna usaha, anjak piutang, perusahaan kartu kredit dan/atau pembiayaan konsumen, dengan menggunakan metode SDLC, dengan memanfaatkan variabel penghasilan, pengeluaran, dan variabel angsuran, pada tahap kesimpulan mendapatkan nilai pinjaman yang layak pada setiap nasabah. , dan tidak ada biaya yang signifikan untuk kredit. dari perusahaan pembiayaan, di luar Bank dan lembaga keuangan lainnya. Keputusan Perusahaan pembiayaan konsumen , dll , , yang relevansi ( ) , atau Kredit , Efisiensi, s , ` - dalam. * Layanan a layanan sebagai untuk oleh perusahaan pembiayaan.",ai
"CESS (Computer Engineering, System and Science) (IndoT5 Parafrase)",2017,"(1) Jaringan komputer dalam dunia komunikasi data secara global dalam hal ini mencakup semua Backbone, baik itu Backbone utama maupun tidak, yang tentu saja melibatkan banyak ISP-ISP, menggunakan TCP sebagai protokol utamanya, pada pembuatan sistem ini peneliti menggunakan aplikasi winbox sebagai konfigurasi antara mikrotik dan spdeedy andromax M2S, untuk membuat sistem ini Peneliti menggunakan Winbox sebagai Konfigurasi antara Mikrotik dan SpdeEDY.",ai
"CESS (Computer Engineering, System and Science) (IndoT5 Parafrase)",2017,"DEMPTER Shafer adalah program Artificial Intelligence yang menggabungkan basis pengetahuan dengan mesin inferensi, yang merupakan bagian dari perangkat lunak spesialisasi tingkat tinggi yang berusaha menduplikasi fungsi seorang ahli dalam satu bidang keahlian tertentu, yang bertujuan untuk mengkalkulasi kemungkinan dari suatu peristiwa. Kata-kata sistem pakar, diagnosa, penyakit paru anak, dempster shafer. (Teks dengan relevansi EEA), atas dasar ini, sistem yang dapat membantu pengguna untuk dapat mendiagnosis penyakit paru-paru pada anak-anak. dan anak tersebut, berdasarkan hal tersebut, sebagai berikut ( (DES) (S ).",ai
"CESS (Computer Engineering, System and Science) (IndoT5 Parafrase)",2016,"Untuk jurusan Teknik Informatika penyebaran informasi yang dilakukan masih menggunakan cara manual yaitu dengan memberikan secara lansung dan menempelkan pengumuman pada papan pengumuman yang berada di depan sekretariat jurusan, namun cara tersebut tidak efisien karena tidak semua mahasiswa atau dosen selalu hadir dan memeriksa papan pengumuman. Papan informasi digital merupakan aplikasi yang dibuat menggunakan pemodelan Unified Modeling Languange (UML) Keywords” Informasi, Papan Digital, Aplikasi.",ai
"CESS (Computer Engineering, System and Science) (IndoT5 Parafrase)",2016,"Ini adalah aplikasi yang digunakan untuk melakukan percakapan LAN dengan lebih mudah dan lebih cepat, karena sistem server yang digunakan menggunakan java scrip dan jalur jaringan yang digunakan adalah jalur LAN. Pada aplikasi yang peneliti rancang, chating room ini memiliki kelebihan akses yang cepat karena ruang lingkup yang digunakan dalam aplikasi ini adalah ruang lingkup LAN, dan ruang lingkup jaringan yang penulis rancang memiliki keterbatasan akses yang memadai. pada saat ini, pendaftaran email tidak mudah dan membutuhkan waktu yang cukup. , dan jalur yang digunakan oleh aplikasi adalah jalur jaringan LAN. s ` (` (LAN ) ` _ LAN `, `.",ai
JISKA (Jurnal Informatika Sunan Kalijaga) (IndoT5 Parafrase),2016,"tweet removal, pre-processing, klasifikasi teks, klasifikasi tweet, telah banyak digunakan dalam penelitian di bidang text mining, salah satunya adalah dalam klasifikasi teks. Hasil eksperimen menunjukkan bahwa penghapusan stopword dalam proses awal mampu meningkatkan kinerja klasifikasi yang dibuktikan dengan peningkatan akurasi. Kata kunci : Stopword removation, Pre-Processing Classification, Klasifikasi Teks, Klasifikasi Tweet (Tweet Classification), dan non-stopword removeration, Klasifikasi tweet ( Tweet Klasifikasi ). () ) ( ) -prosesing (D).",ai
JISKA (Jurnal Informatika Sunan Kalijaga) (IndoT5 Parafrase),2016,"Ini menjelaskan bagaimana membuat sistem pendeteksi kebocoran gas LPG (Liquefied Petroleum Gas) dengan sensor MQ-2 yang dihubungkan dengan Mikrokontroler ESP8266, data yang diperoleh kemudian diupload ke server sehingga notifikasi kebocoran dapat diakses dari mana saja, dan sistem ini memiliki nilai standar ruangan tanpa kebocoran 4. 49 dan mampu mendeteksi kebocoran 25. 78 dalam waktu 10 menit dan laporan kontinus dengan interval 1 menit. Dan sistem ini memenuhi kaidah Internet of Things.",ai
JISKA (Jurnal Informatika Sunan Kalijaga) (IndoT5 Parafrase),2016,", emas dikenal sebagai satu logam langka dan memiliki karakteristik unik adalah bahwa emas harus dicampur dengan logam lain kecuali pada tahap selanjutnya dari proses ini dari campuran emas memerlukan lebih banyak cara praktis dalampraktek. Pada kasus ini, aplikasi yang dibangun untuk mendeteksi warna emas dari satu warna emas adalah sangat baik, jika hanya parameter warna penggunaan yang digunakan. - Hasil tes diselesaikan pada 30sampel dari 18 - mutu, 19 - karat, 13. 3%, 21 -karat, 20%, 22 - karat dan 26. 6% perak dengan 23 - mutu. kuning - ukuran 23 - kualitas - emas - kualitas yang tidak begitu baik - karakteristik yang berwarna - karakteristik - logam yang lain - jenis-warna - spesifikasi - emas yang lain. - aplikasi yang lebih praktis - aplikasi tersebut - aplikasi -aplikasi. - sifat-proses aplikasi yang sama - aplikasi aplikasi yang digunakan - karakteristik.",ai
JISKA (Jurnal Informatika Sunan Kalijaga) (IndoT5 Parafrase),2016,"DFD adalah aplikasi yang dirancang dan dibangun untuk memenuhi kebutuhan di atas, tetapi dalam kenyataan bahwa tempat parkir adalah kebutuhan yang penting di semua lokasi, pengunjung tidak hanya parkir dalam waktu singkat, ada pengunjung yang menitipkan kendaraannya hingga berhari-hari, dan juga ketika kendaraan keluarga ingin keluar atau masuk ke lokasi, aplikasi ini dapat digunakan untuk menampilkan total biaya parkir yang dibayarkan oleh petugas parkir di masing-masing shift. , tetapi juga dapat diterapkan untuk menampilkan biaya parkir keseluruhan yang dikeluarkan oleh petugas selama masa aktif paket tersebut masih berlaku. - Aplikasi ini harus digunakan untuk menunjukkan jumlah total biaya yang disediakan oleh petugas pada sistem informasi yang akan digunakan untuk tujuan ini harus dibuat untuk tujuan itu akan digunakan oleh petugas. setiap , dari mereka harus dibedakan oleh mereka sendiri. ( ) - rumah sakit , untuk tujuan , pada saat , dll.",ai
JISKA (Jurnal Informatika Sunan Kalijaga) (IndoT5 Parafrase),2016,"(XYZ) adalah salah satu kabupaten di Jawa Tengah yang memiliki wilayah agraris yang sangat potensial dalam pertanian, perkebunan, peternakan, perikanan dan pariwisata. Informasi yang dapat diperoleh dari Sistem Informasi Geografis (SIG) berupa informasi spasial dan non-spasial dan proyeksi atau peramalan data pertanian dari tahun-tahun sebelumnya sangat diperlukan untuk mengatasi kesulitan untuk mengidentifikasi potensi komoditas pertanian di setiap kabupaten. XYZ adalah sektor strategis yang terkait dengan pengurangan kemiskinan, mengatasi pengangguran, membangun ketahanan pangan, memproduksi dan membeli pangan, pelestarian lingkungan dan basis pembangunan ekonomi.",ai
JISKA (Jurnal Informatika Sunan Kalijaga) (IndoT5 Parafrase),2016,"(1) Berdasarkan studi literatur dan penelitian sebelumnya, dapat dirumuskan bahwa faktor-faktor digital forensic readiness ini antara lain, Strategi, Kebijakan, Teknologi Keamanan, Digital Forensic Response, Kontrol Risiko dan Legalitas dapat diukur dengan menggunakan DiFRI, sehingga kesiapan institusi untuk mencegah dan menangani kejahatan dunia maya ini dapat diukur. dari berbagai faktor dan indikator tersebut akan menghasilkan nilai-nilai yang disebut Digital Forensik Readyness Index (DiFRI), Kejahatan Dunia Maya. - Digital Forensic - Rea.",ai
JISKA (Jurnal Informatika Sunan Kalijaga) (IndoT5 Parafrase),2016,"Ini bertujuan untuk menguji kualitas perangkat lunak sistem informasi akademik di Universitas Islam Negeri Sultan Agung. Pengujian ini menggunakan kerangka kerja McCall pada aspek produk operasi, lima metrik yang diuji adalah correctness, reliability, efficiency, integrity, dan usability. Hasil pengujian menunjukkan bahwa Sistem Informasi Akademik memiliki kualitas yang baik dengan nilai di atas 70.",ai
JISKA (Jurnal Informatika Sunan Kalijaga) (IndoT5 Parafrase),2017,", pada dasarnya setiap perusahaan besar memiliki server yang besar seperti SAP, yang memerlukan pengawasan lebih, karyawan yang bertugas harus selalu stand-by di ruang server tersebut untuk mengatasi masalah yang dihadapi oleh klien, tetapi juga harus mengakui bahwa karyawan ini juga membutuhkan istirahat dan tidak selalu berada di tempat kerjanya. Oleh karena itu, tulisan ini bertujuan untuk mengetahui bagaimana teknik clustering mengatasi masalah server/client, di mana mereka dapat menerapkan teknik Clustering.",ai
JISKA (Jurnal Informatika Sunan Kalijaga) (IndoT5 Parafrase),2016,"(SVM) dan Naïve Bayes Classifier (NBC) merupakan dua algoritma yang sangat polpuler untuk pertambangan teks, khususnya untuk klasifikasi teks, penelitian sebelumnya kebanyakan menggunakan data tweet dari situs Twitter, data tersebut merupakan jenis teks formal dengan banyak sekali noise dan tidak mengindahkan aturan tata bahasa, pada klasifikasi teks Judul Artikel NBC memiliki kinerja yang lebih baik dibandingkan dengan SVM pada hasil klasifikasi teks yang lebih tinggi daripada penelitian sebelumnya. - Penelitian sebelumnya telah menggunakan jenis data yang hamper sama antara satu dengan yang lain. Hasil klasifikasi teks lainnya adalah:.",ai
JISKA (Jurnal Informatika Sunan Kalijaga) (IndoT5 Parafrase),2016,"( 1 ) Pada penelitian ini, dirancang sebuah sistem berupa Sistem Pendukung Keputusan yang digunakan untuk melakukan penilaian terhadap kualitas DPA, yaitu : Linearitas dengan Prodi, pemahaman proses belajar mengajar, pemahaman kurikulum, pemahaman komposisi mata kuliah, memiliki kemampuan motivatorik, serta memiliki kemampuan pemecahan masalah. Pengujian yang dilakukan dalam penelitian ini sebagai hasil analisis kualitas dari DPA dan dapat digunakan sebagai referensi bagi pengambil keputusan dalam menindaklanjuti hasil analisa yang diperoleh. , dan dapat diterapkan sebagai referensi untuk pengambilan keputusan. yang sesuai dengan pendekatan yang.",ai
JISKA (Jurnal Informatika Sunan Kalijaga) (IndoT5 Parafrase),2016,"Di bawah pendekatan ini, sistem rekomendasi restoran dengan preferensi selera makan penggunanya dimodelkan dengan sembilan atribut, yaitu sweet, savory, salty, sour, bitter, sauce, spicy, vegetable dan meat, yang masing-masing berisi bobot nilai 0 sampai 1 untuk merepresentasikan dominasi selera, sehingga sistem jogjanan kuliner juga memberikan rekomendasi makanan sesuai dengan selera penggunanya. Rekomendasi restoran dapat ditentukan dengan cara menghitung korelasi antara preferensi selera pengguna dan karakter rasa sebuah makanan, yang merupakan faktor utama dalam mempengaruhi hasil rekomendasi restoran tersebut adalah sebagai faktor penentu rekomendasi restoran yang sesuai dengan preferensi pengguna merekomendasikan restoran.",ai
JISKA (Jurnal Informatika Sunan Kalijaga) (IndoT5 Parafrase),2016,"hill chiper adalah fungsi matematis yang digunakan untuk melakukan enkripsi dan dekripsi data foto yang disimpan di perangkat mobile OS android, dengan cara menyimpan data foto tersebut ke dalam format sandi dan jika ingin membuka kembali informasi aslinya, perlu mengembalikan dari format sandi ke format asli (enkripsi dan dekode), sedangkan tingkat keacakan informasi pada file foto yang diproses akan sangat tergantung pada indeks kunci yang digunakan. Semakin besar indeks kuncinya, semakin tinggi tingkat keamanan informasi yang tersimpan di file foto tersebut. file foto hasil enkripsi yang dihasilkan. file Foto hasil enkripsi tersebut. (gambar) ( ) - File foto. s Data foto yang telah dilakukan pada data foto-foto yang bersangkutan. _ (file) - file foto). teks yang asli file foto.",ai
JISKA (Jurnal Informatika Sunan Kalijaga) (IndoT5 Parafrase),2016,"Implementing Framework atau SOP Investigasi yang berkembang saat ini menunjukkan bahwa setiap tahapan dan prosedur dalam proses forensika digital harus mengikuti aturan hukum dan mekanisme yang tepat, sehingga ketika tahapan tersebut terlewatkan dalam proses investigasi, hal itu akan menjadi masalah dan dapat digugat di pengadilan dan hasil investigasi yang dilakukan terkait dengan adanya prosedur yang tidak dilaksanakan, maka perlu dilakukan penelitian untuk mengidentifikasi ketentuan dan proses penting dalam dokumen SNI 27037:2014. oleh penyidik atau praktisi forensika Digital, untuk kemudian menghasilkan instrumen evaluasi yang dapat digunakan oleh penyidik dan praktisi forensik yang telah dibatalkannya prosedur yang telah dilakukan pada (E) ( ) telah dilakukan.",ai
JISKA (Jurnal Informatika Sunan Kalijaga) (IndoT5 Parafrase),2016,"Ini menggunakan studi literatur dalam mengembangkan knowledge sharing untuk usaha kecil dan menengah (UKM), hasil temuan menunjukkan bahwa UMKM dapat menerapkan pengetahuan berbagi baik secara informal, melalui komunikasi yang sangat dekat antara karyawan dan pimpinan dan konsultan eksternal, dan kemudian dapat mencapai efisiensi, strategi inovasi, dan peningkatan produktivitas, dan juga dapat mengembangkan sistem berbasis komputer sebagai sarana untuk berbagi pengetahuan dari Tacit Knowledge ke Explicit Knowladge atau sebaliknya.",ai
JISKA (Jurnal Informatika Sunan Kalijaga) (IndoT5 Parafrase),2016,"Di era teknologi yang terus berkembang, khususnya smartphone, diharapkan dapat memberikan kontribusi positif dalam melakukan perhitungan bobot daging hewan qurban setiap tahun, dengan menggunakan teori kombinasi dengan dua komponen, yaitu Lingkar Dada dan Panjang Badan, menghasilkan berat bersih daging hewan kurban (kg), hak shohibul 1/3 daging hewan ( kg), hingga sisanya dibagikan kepada musthik (g). ) , sehingga dapat diprediksi secara otomatis. bobot daging sapi kurban daging sapi, sehingga lebih mudah bagi pengguna (kg) untuk disembelih. antarmuka perangkat yang lebih mudah digunakan (perangkat lunak) (t).",ai
JISKA (Jurnal Informatika Sunan Kalijaga) (IndoT5 Parafrase),2017,"(DDoS) adalah jenis serangan dengan volume, intensitas, dan biaya mitigasi yang terus meningkat seiring dengan meningkatnya skala organisasi, penelitian ini bertujuan untuk mengembangkan pendekatan baru untuk mendeteksi serangan DDoS berdasarkan karakteristik aktivitas jaringan menggunakan neural network dengan fungsi FMAW sebagai metode deteksi. Data pelatihan dan pengujian diambil dari CAIDA DDos Attack 2007 dan simulasi mandiri. Pengujian terhadap metode Neural Network dengan Fungsi F MAW (FMAW).",ai
JISKA (Jurnal Informatika Sunan Kalijaga) (IndoT5 Parafrase),2017,"cengkeh merupakan komoditas perkebunan yang memiliki nilai ekonomis cukup tinggi, sehingga perlu dilakukan akuisisi citra, ekstraksi citra, seleksi citra, clustering, dan analisis, menunjukkan bahwa penggunaan fitur yang dihasilkan dari proses seleksi fitur menggunakan information gain terbukti meningkatkan nilai akurasi, sedangkan fitur yang dipilih dari hasil seleksi menggunakan informa gain dengan nilai threshold 0,7 naik menjadi 88%. (Teks dengan relevansi EEA); Penggunaan seluruh parameter tersebut tidak berkolerasi positif dengan hasil penilaian kesesuaian lahan untuk tanaman Cengkeh digunakan hanya 50%, dan ( TES) ( ) yang signifikan, yang signifikan (A) , (D) ) - (C) , aplikasi , dll) a , masing- , yaitu , pada (p) validasi) ` s () : ) %) nya;.",ai
JISKA (Jurnal Informatika Sunan Kalijaga) (IndoT5 Parafrase),2017,"Untuk meningkatkan mutu dan kemudahan pelanggan dalam mengetahui informasi ketersediaan lapangan dan pemesanan lapangan, sistem berbasis web ini dibangun dengan menggunakan bahasa pemrograman PHP, Framework CodeIgniter dan basis data MySQL, sehingga pelanggan tidak perlu datang langsung untuk mengetahui ketersediaan lapangan, selain itu dapat dilakukan dengan mudah dengan adanya fitur top-up. Selain itu memudahkan karyawan dalam mengelola data pemesannya, penjadwalan. , dan juga memudahkan pelanggan untuk mengetahui jadwal lapangan.",ai
JISKA (Jurnal Informatika Sunan Kalijaga) (IndoT5 Parafrase),2017,"Direktori bisnis adalah sebuah situs web atau media cetak yang berisi daftar berbagai bisnis dalam kategori tertentu, dengan adanya direktori bisnis, pengusaha dan entrepreneur dapat menjangkau pasar yang tidak terbatas oleh wilayah, berdasarkan hasil pengujian dengan metode Black Box Testing, disimpulkan bahwa modul artikel telah berhasil dibuat dan berdasarkan pengujian menggunakan metode Blackbox testing, fungsi yang dibuat sudah sesuai dengan requirement sistem.",ai
JISKA (Jurnal Informatika Sunan Kalijaga) (IndoT5 Parafrase),2017,"tunneling IPv6 over IPv4 (IPv6IP), (Amoss Minoli, 2008) dilakukan dengan cara menghubungkan komputer server dan client yang dipisahkan dengan 5 buah router cisco, alamat hubungan antara komputer dengan ruter menggunakan IPv 6 sedangkan hubungan antar routers menggunakan IP v4. Selama proses download dilakukan analisis kinerja tunnling, meliputi Throughput, Goodput, dan Delay pada saat proses download, masing-masing. , dan delay dari aplikasi FTP, tunning, dan tuning, untuk tujuan untuk melakukan tune tunnel ,.",ai
JISKA (Jurnal Informatika Sunan Kalijaga) (IndoT5 Parafrase),2017,"plagiat adalah pembajakan fakta, penjelasan ungkapan dan kalimat orang lain secara tidak sah, bahkan menurut Hartanto, bahwa sekitar lima puluh persen siswa Chili telah mengambil informasi dari sumber eksternal tanpa kutipan, sehingga aplikasi verifikasi plagiarisme ini dapat digunakan untuk meminimalisir tingkat plagiarisme di perguruan tinggi, dengan menggunakan bahasa pemrograman berbasis web seperti php,html dan jquery. Kesimpulan setelah dilakukan pengujian pada penelitian ini yaitu tingkat persentase terbesar 94,37% dari data testing/data yang diuji terhadap karya ilmiah yang ada di repositori. , sehingga tindakan plagiari yang dilakukan oleh aplikasi plagiasi yang dibuat oleh Plagiasi, yang sama sekali lagi, dll.",ai
JISKA (Jurnal Informatika Sunan Kalijaga) (IndoT5 Parafrase),2017,"Untuk tujuan optimalisasi produksi di perusahaan, hasil penelitian ini akan bermanfaat bagi perusahaan dalam memaksimalkan keuntungan, tetapi juga dapat untuk mengetahui bagaimana menentukan formulasi untuk menghasilkan solusi optimal di perusahaan sesuai dengan tujuan perusahaan. Selain keputusan pimpinan perusahaan dalam menentukan jumlah dan kebutuhan produksi, juga diperlukan sumber daya lain, misalnya waktu, tenaga kerja, energi, bahan baku atau uang; atau dapat berupa bentuk batasan pedoman. (Teks dengan relevansi EEA), yang merupakan komponen atau variabel pendukung produksi yang paling sering digunakan di Kasongan. Perusahaan, dalam hal ini, adalah bahwa mereka dapat diterapkan pada saat ini, yang lebih lanjut, dalam kaitannya dengan cara yang lebih kompleks, dan karenanya. , untuk tujuan perusahaan, dalam proses produksi yang lebih baik, untuk mencapai tujuan perusahaan yang optimal dari tujuan perusahaan , sehingga tujuan perusahaan tercapai, yang optimal, dalam perusahaan. - tujuan perusahaan tersebut, yang bersangkutan, yang tepat. : , yang tersedia untuk tujuan organisasi , dan biaya.",ai
JISKA (Jurnal Informatika Sunan Kalijaga) (IndoT5 Parafrase),2017,"Di Universitas Ahmad Dahlan, sistem keputusan yang dapat diakses oleh mahasiswa, dosen, prodi dan karyawan harus memanfaatkan teknologi dalam pengambilan keputusan, salah satu alternatif yang dapat diterapkan adalah membuat sistem keputusan untuk memberikan keputusan untuk saksi akademik dengan menggunakan metode pelacakan berasis kasus, mencari kemiripan kasus baru dengan kasus lama menggunakan metode similarity. dari penelitian yang dilakukan menghasilkan sebuah perangkat lunak yang telah diuji dan memiliki validitas 100% sesuai untuk rekomendasi yang diberikan sesuai dengan kasus yang pernah ada. kata kunci : sanksi akademik, penalaran berbasis kasus,similaritas kasus. aplikasi yang relevansi ( ) (a ) sebagai berikut : ( 1 ) -. , dan karyawan , sebagai berikut ini yang bersangkutan.",ai
JISKA (Jurnal Informatika Sunan Kalijaga) (IndoT5 Parafrase),2017,"Ini akan membandingkan kecepatan waktu akses dua metode algoritma fisher yates dan linier congruent method, yang memiliki metode pengacak yang berbeda, dari cara perhitungan dan implementasi ke dalam sistem, tetapi tidak banyak yang diketahui tentang metode mana yang memiliki kinerja waktu akses yang lebih baik dari segi kompleksitas dan optimalisasinya. data pengujian yang digunakan adalah data soal ujian dari dinas pendidikan kota jogja dengan jumlah data 500, 400, 300, 250 dan 200 soal Bahasa Indonesia.",ai
ILKOM Jurnal Ilmiah UMI Makassar (IndoT5 Parafrase),2016,"Ini adalah kelas khusus dari algoritma genetika untuk optimasi fungsi tujuan ganda, menggunakan teknik yang terinspirasi oleh biologi evolusioner seperti warisan, mutasi, seleksi alam dan rekombinasi (crossover), tahap teknik pencarian untuk menemukan penyelesaian perkiraan pada optimisasi dan masalah pencarian, sebagai solusi akhir. Ada dua versi algoritma, yaitu NSGA klasik dan bentuk yang terbaru saat ini kanonik NSGA-II (NsGA-III). , dan strategi evolusi pareto arsip (Paes).",ai
ILKOM Jurnal Ilmiah UMI Makassar (IndoT5 Parafrase),2016,"(LBS) adalah layanan informasi berupa informasi geografis yang dapat diakses dan diinstal secara offline dan online berbasis mobile dengan menggunakan teknologi Location Based Service, yang menyediakan profil dan lokasi kampus utama Universitas Mulawarman, gedung-gedung utama secara visual, sarana dan sarana di Kampus Utama Gunung Kelua, dengan titik-titik lokasi dengan menggunakan Teknologi Location Base Service (UML), dan dengan menggunakan perangkat lunak pemodelan Unifield Modeling ( UML). , dan aplikasi berbasis mobile yang mudah, cepat, dan akurat. - , , hasil pengujian yang tepat. untuk pada profil dan akurat dari - , s sistem pemetaan lokasi yang relevansi.",ai
ILKOM Jurnal Ilmiah UMI Makassar (IndoT5 Parafrase),2017,"`` Tujuan penelitian ini adalah untuk mengembangkan media informasi yang dapat memberikan informasi secara up-to-date tentang pasar malam, informasi jadwal, nama jalan (tempat pasar malam), rute dan jarak dari posisi pengguna dengan menggunakan fasilitas Google Maps API, sedangkan untuk merancang sistem menggunakan metode validasi dan verifikasi (V dan V) dengan menerapkan serangkaian pengujian blackbox terhadap kebutuhan sistem tertentu. Hasil penelitian yang diperoleh berupa produk perangkat lunak yang berisi informasi kegiatan pasar malam yang dapat memudahkan masyarakat dalam mengakses aktivitas dan informasi pasar malam di kota Samarkanda. ` ` untuk tujuan untuk.",ai
ILKOM Jurnal Ilmiah UMI Makassar (IndoT5 Parafrase),2017,"5) adalah salah satu metode untuk mengklasifikasikan dataset, pembagian dataset dilakukan dengan menggunakan metode 10-fold cross validation, di mana setiap bagian (fold) akan dijadikan data testing, sedangkan n-1 akan digunakan sebagai data pelatihan. Data yang digunakan dalam pembuatan model adalah data banjir, kepadatan penduduk, ketinggian wilayah, jarak pusat daerah dengan sungai dan curah hujan rata-rata yang dihasilkan dapat menjadi aturan dalam pembuatan visualisasi WEB GIS. Keputusan yang dihasilkan harus memiliki nilai 0. 87 pohon keputusan yang telah dibuat sebagai aturan dalam membuat VS. ) -data yang akan menghasilkan keputusan.",ai
ILKOM Jurnal Ilmiah UMI Makassar (IndoT5 Parafrase),2017,"(1) Penelitian ini bertujuan untuk membuat model prediksi jumlah produksi minyak kelapa menggunakan metode neural network berbasis forward selection, untuk mengetahui jumlah produksi di masa yang akan datang dengan tingkat kesalahan yang lebih rendah, model yang dipilih berdasarkan nilai RMSE terkecil yang diperoleh dari hasil pengujian, dengan rata-rata presentase 91. 01% dari total produksi minyak Kelapa. , dengan nilai rata-masing yaitu 91,01%.",ai
ILKOM Jurnal Ilmiah UMI Makassar (IndoT5 Parafrase),2017,"(1) Pendekatan kualitatif dalam penelitian ini adalah data yang diperoleh melalui pengamatan (observasi) dan didasarkan pada penafsiran subjektif dari pemahaman peneliti, hasil penilaian sistem yang diperoleh berada pada level 3 (defined), artinya pemahaman pengguna (user) dalam menggunakan sistem belum merata dan masih ada kebijakan tata kelola IT yang belum lengkap. , sehingga akan meningkatkan kepercayaan pengguna. 000, dengan asumsi bahwa pengelolaan TI telah sesuai dengan standar yang diakui, sehingga meningkatkan kepercayaan Pengguna.",ai
ILKOM Jurnal Ilmiah UMI Makassar (IndoT5 Parafrase),2016,"(1) Tujuan dari penelitian ini adalah untuk membangun perangkat lunak sistem informasi untuk menangani troubleshooting komputer, metode yang digunakan adalah binary tree, yaitu sebuah tree dengan syarat bahwa setiap node hanya boleh memiliki maksimal 2 subtree yang disebut sebagai pohon, sub kiri (left subtree) dan sub kanan (right Subtree), dan kedua subtree tersebut harus terpisah atau dengan kata lain masing-masing node harus memiliki paling banyak 2 child.",ai
ILKOM Jurnal Ilmiah UMI Makassar (IndoT5 Parafrase),2016,"(DDoS) adalah jenis serangan dengan volume, intensitas, dan biaya mitigasi yang terus meningkat seiring dengan meningkatnya skala organisasi, penelitian ini bertujuan untuk mengembangkan pendekatan baru untuk mendeteksi serangan DDoS berdasarkan log jaringan yang dianalisis secara statistik dengan fungsi neural network sebagai metode deteksi. Pengujian metode analisis statistik terhadap log jaringan dengan fungsi Neural Network sebagai Metode Deteksi menghasilkan 90,52% pengenalan terhadap tiga kondisi jaringan (normal, slow DDos, dan DDOS).",ai
ILKOM Jurnal Ilmiah UMI Makassar (IndoT5 Parafrase),2017,"(2) Penelitian ini berfokus pada bagaimana membangun sistem sensor yang dapat secara realtime menyimpan data pada database, setelah disimpan ke dalam database, maka akan memungkinkan programmer untuk merancang sistem informasi multi-platform. Kesimpulan yang dapat ditarik dari penelitian ini adalah bahwa setiap sensor (LDR) yang digunakan harus mampu menyimpan data digital pada database secara real-time. Posisi sensor ketika menggunakan sensor cahaya, agar ditempatkan pada posisi yang tepat untuk menerima sumber cahaya, dan saran untuk penelitian selanjutnya adalah memperhatikan posisi sensor jika menggunakan Sensor Cahaya, sehingga ditempatkan pada tempat terbaik untuk menerima Sumber Cahaya.",ai
ILKOM Jurnal Ilmiah UMI Makassar (IndoT5 Parafrase),2017,"(2) Penelitian ini bertujuan untuk merancang dan membangun sistem berbasis web untuk pengelolaan data Kuliah Kerja Lapang Plus (KKLP) yang berbasis web menggunakan framework CodeIgniter, yang merupakan salah satu konsep untuk menerapkan Model View Controller (MVC), yang diharapkan dapat menggantikan sistem yang sudah ada di kampus STMIK KHARISMA Makassar, dengan menggunakan metode waterfall, sehingga dapat membantu pihak lain dalam melakukan pengelolaan data KKLP, dan dapat menjadi referensi bagi pihak lain untuk mengakses sistem ini. , dan untuk tujuan tersebut, Sistem ini, yang akan membuat setiap langkah-langkah dalam hal-langkah yang lebih terstruktur, dan pembuatan sistem.",ai
ILKOM Jurnal Ilmiah UMI Makassar (IndoT5 Parafrase),2017,"(1) Tujuan dari penelitian ini adalah untuk melihat dan menganalisis perkembangan e-tourism yang ada di Pulau Lolo sebagai salah satu cara untuk meningkatkan pendapatan negara dan daerah, serta untuk melihat faktor internal (kekuatan dan kelemahan) dan faktor eksternal (peluang dan ancaman) yang terkait dengan pengembangan e-Tourism di pulau lolo. Hasil dari penelitian tersebut dapat digunakan oleh pemerintah dan pihak terkait dalam menentukan arah pengembangan pariwisata di Pulau Langkawi. , dan untuk tujuan menentukan arah pembangunan pariwisata di pulau Lolo. untuk mempromosikan pariwisata di Gila. - Penelitian ini akan digunakan untuk mengembangkan pariwisata di mana yang relevansi - penelitian ini.",ai
ILKOM Jurnal Ilmiah UMI Makassar (IndoT5 Parafrase),2016,"(FMADM), berdasarkan hasil penelitian yang dilakukan oleh Kantor Satuan Polisi Pamong Praja Kabupaten Pohuwato, menunjukkan bahwa pihak kantor kurang siap untuk melaksanakan seleksi tenaga kontrak, masalah administrasi yang bersifat manual, sehingga diperoleh bahwa logika flowchart perhitungan normalisasi dan perankingan benar dan berdasarkan pengujian Black Box yang meliputi uji input proses dan output dengan mengacu pada rancangan perangkat lunak terpenuhi dengan hasil yang sesuai dengan rancangan. , dengan demikian dapat membantu pihak kantor dalam menentukan alternatif terbaik, yaitu tenaga kontrak yang tepat, dan sebagai hasilnya sesuai dengan proposal. - (MDA) (G) ) , ( G) , s , dan , telah memenuhi rancangan Perangkat Lunak (T) a).",ai
ILKOM Jurnal Ilmiah UMI Makassar (IndoT5 Parafrase),2016,"Ini akan menggunakan algoritma Naive Bayes untuk memprediksi keputusan klien Telemarketing untuk melakukan deposito berjangka, strategi pemasaran ini dilakukan oleh bank-bank untuk menawarkan produk pada klien, salah satu produk yang ditawarkan oleh bank tersebut adalah deposito berdenominasi dolar, dengan melihat nilai akurasi, algoritma naive bayes berbasis backward elimination meningkatkan akurasi untuk meramalkan keputusan klien telemarketing berdasarkan data klien yang ada. Data klien yang relevan harus tersedia untuk digunakan dalam penelitian ini. Keputusan klien yang potensial untuk deposito dengan melihat data pelanggan yang ada dan data klien saat ini. - data klien - data yang relevansi.",ai
ILKOM Jurnal Ilmiah UMI Makassar (IndoT5 Parafrase),2017,"`` Penelitian ini bertujuan untuk merancang prototipe robot pelayan restoran menggunakan sensor garis dan sensor pir dengan algoritma optimasi lintasan, yang implementasinya disematkan ke dalam mikrokontroller, metode yang digunakan adalah metode eksprementaal, yaitu dengan merancang, membangun dan menguji model sistem, hasil eksperimen menunjukkan bahwa ketepatan atau ketepatan pada robot lebih baik karena sifatnya yang otomatis, karena sifat perintah pada robot telah diprogram terlebih dahulu, sehingga kesalahan penempatan tidak dapat dihindari seperti yang biasa terjadi pada tenaga kerja manusia yang bekerja secara paruh waktu. , tetapi faktor itu tidak terjadi. - faktor mekanistik - faktor-faktor itu tidak disebabkan oleh karena sifat robot.",ai
ILKOM Jurnal Ilmiah UMI Makassar (IndoT5 Parafrase),2017,"Untuk menganalisis bagaimana proses pencocokan string yang dihasilkan dan membandingkan sejauh mana nilai kemiripan dari beberapa judul yang sama dan serupa dapat memberikan informasi yang efisien bagi mahasiswa, penelitian ini menggunakan algoritma Knuth-Morris-Pratt (KMP) untuk menganalisis bagaimana hal itu dilakukan dalam menentukan kesamaan judul skripsi, dan membandingkan tingkat kemiripan antara judul yang diusulkan dan judul yang sesuai. Judul yang sama atau serupa dapat disajikan dalam judul yang disarankan.",ai
ILKOM Jurnal Ilmiah UMI Makassar (IndoT5 Parafrase),2017,"(Teks dengan relevansi EEA) Dalam kehidupan sehari-hari, sadar atau tidak sadari kita terus bertemu dengan perangkat atau peralatan yang bekerja secara otomatis, baik terkendali sebagian maupun seluruhnya, sistem kontrol adalah suatu alat atau kumpulan alat untuk mengendalikan, memerintah, dan mengatur keadaan sistem, biasanya disebut sebagai sistem kontrol, untuk mengatasi kesalahan manusia dalam mengatur penerangan, seperti lupa mematikan lampu, sehingga sistem menjadi kurang aman dan memakan waktu untuk mematikan lampu mengingat gedung kampus yang bertingkat, dan untuk menggunakan sakelar, sistem yang lama menjadi kurang efisien dan membuat sistem menjadi lebih efisien. Sistem yang dapat menghasilkan sistem yang membuat sistem yang lebih efektif dari pada tingkat tinggi. - s bahwa sistem yang dapat digunakan untuk membuat sistem ini , yang efisien , dan seterusnya ,. (sistem) (proses) , yaitu , proses , di mana.",ai
ILKOM Jurnal Ilmiah UMI Makassar (IndoT5 Parafrase),2016,"valuta asing atau pasar forex adalah tempat di mana mata uang dari suatu negara diperdagangan dengan mata uang negara lain, dan dataset dari algoritma Support Vector Machine (SVM) diproses untuk membentuk kurva kedua, menghasilkan tren kurva yang sama dengan yang dihasilkan oleh algoritma SVM dan Metode Moving Average (MA) yang membentuk kurva yang mirip dengan kurva live online pada GBPUSD, 1H. , yang merupakan salah satu indikator dalam pengambilan keputusan untuk membeli atau menjual (sell). - kurva yang telah membentuk kurva ini -.",ai
ILKOM Jurnal Ilmiah UMI Makassar (IndoT5 Parafrase),2017,"(K-Nearest Neighborhood) adalah salah satu metode yang cocok digunakan untuk mengklasifikasikan penyakit paru-paru. Ada beberapa jenis penyakit pernapasan, termasuk Turberkulosisi (TBC), Asma, Bronkhitis, Pneumonia, Emfisema dan Kanker Paru-paru, Metode yang digunakan pada penelitian ini adalah K-Nearbor yang memiliki beberapa kelebihan, yaitu tangguh terhadap pelatihan data yang noisy dan efektif jika data latihnya besar.",ai
ILKOM Jurnal Ilmiah UMI Makassar (IndoT5 Parafrase),2016,"(2) Penelitian ini menghasilkan sistem berbasis web yang dapat digunakan oleh administrator untuk mengelola data stakeholder dan kriteria kemiskinan yang ditetapkan, program bantuan penanggulangan kemiskinan, dan data calon penerima bantuan, dengan tujuan untuk menghasilkan data keluarga miskin yang ideal, sementara ada beberapa versi dari kriteria kemiskinan tertentu yang dikeluarkan oleh beberapa stakeholder, sehingga informasi mengenai Kriteria, Program Bantuan dan Data Penerima Bantuan menjadi lebih mudah dan akurat. , dan semakin banyak indikator yang dimasukkan ke dalam kriteria program bantuan, data Keluarga Miskin yang dihasilkan akan lebih ideal. 1 3 - `` ` `,.",ai
ILKOM Jurnal Ilmiah UMI Makassar (IndoT5 Parafrase),2016,"Untuk merancang dan mengimplementasikan Mesin Penyaji Beras secara digital dengan keluaran berat, harga dan rekap penjualan, metode yang digunakan dalam penelitian ini adalah metode eksprementaal, yaitu dengan merancang, membuat dan menguji model sistem, sensor berat (load cell) menunjukkan bahwa ada perbedaan antara berat yang dihasilkan dengan target, hal ini dipengaruhi oleh wadah penampung beras hasil keluaran mesin penyaji beras, yang juga terdeteksi oleh sensor berat. -Mesin Penyajian Beraso, yang telah berhasil, yang akan menghasilkan beras baru.",ai
ILKOM Jurnal Ilmiah UMI Makassar (IndoT5 Parafrase),2016,"Electronic forensik adalah salah satu ilmu untuk menemukan barang bukti, termasuk email sebagai bukti digital, analisis forensik digital terbagi menjadi dua, tradisional / dead dan live forensics. Analisis digital forensik berfokus pada data yang disimpan secara permanen di perangkat, sedangkan analisis live Forensics mengacu pada data sementara yang disimpan dalam peralatan atau transit di jaringan. jurnal ini mengusulkan analisis forensic live di sistem operasi terbaru Windows 10. yaitu, fitur tertentu ditambahkan demi keamanan pengguna.",ai
ILKOM Jurnal Ilmiah UMI Makassar (IndoT5 Parafrase),2017,"Di dalam subsektor perkebunan di Indonesia, metode Time Series digunakan untuk peramalan di masa lalu dan mengetahui nilai di masa depan, seleksi fitur digunakan sebagai tujuan untuk memilih variabel yang signifikan dalam melakukan prediksi harga komoditi kopi arabika menggunakan K-Nearest Neighbor (KNN) dengan Backward Elimination (BE). Hasil eksperimen penelitian ini menunjukkan bahwa algoritma BPNN dapat memperkecil nilai kesalahan dibandingkan dengan KNN tanpa seleksi fitur dan BPN N dengan Backwar Elimination.",ai
ILKOM Jurnal Ilmiah UMI Makassar (IndoT5 Parafrase),2017,"Di Kabupaten Pohuwato, Sistem Pakar adalah program komputer yang menirukan penalaran seorang pakar dengan keahlian di suatu wilayah pengetahuan tertentu, sistem ini mencoba mencari solusi, memberikan saran atau kesimpulan yang konsisten terhadap masalah yang ditemukan, serta menemukan solusi untuk masalah yang dihadapi. Hasil pengujian sistem diperoleh nilai Cylomatic Complexity = 5 dengan jumlah Region (R)= 5, Node (N)= 10, Edge (E)=13 Predicate Node(P) = 4. (T) (M) sa (D) ) ` `.",ai
ILKOM Jurnal Ilmiah UMI Makassar (IndoT5 Parafrase),2016,"Untuk melakukan ekstraksi ciri (feature extraction), tujuan penelitian ini adalah untuk menggunakan konsep matematis untuk melakukan fungsi pendeteksian tepi, pengujian yang dilakukan menggunakan matlab versi R2009a dengan menggunakan citra masukan berupa citra abu-abu (grayscale). Setiap citra diuji dengan menggunakan 3 cara, yaitu gradien horizontal arah x menghasilkan tepi objek berupa garis vertikal dan diagonal dari citra input, gradien Prewitt/Sobel arah x dan gradien Sobel arah y, sedangkan total gradien lebih tajam dibandingkan dengan gradien prewitt dan gradien sobel. Arah x, dan gradien Arah x (x). - Pendeteksi (X) - gradien - konvergensi pada gradien - gradien - _ , masing- s - gradien: - gradien,. - gradien y - ,.",ai
ILKOM Jurnal Ilmiah UMI Makassar (IndoT5 Parafrase),2016,"Ini adalah ilmu penetrasi jaringan yang semakin lama semakin dibutuhkan oleh hampir semua orang, tidak hanya menggunakan penetrasi perangkat lunak tetapi telah merambah ke perangkat keras yang sudah berubah fungsi, tidak lagi berfungsi sebagai penyebaran koneksi data, tetapi telah beralih menjadi alat penetrasi jaringan. Penelitian ini menghasilkan perangkat pendeteksian yang mudah digunakan menggunakan smartphone berbasis android, serta analisis dan melakukan uji beda pada router yang memiliki firmware wifi pineapple yang memiliki Core Pineap. (Teks dengan relevansi EEA), dan telah menjadi alat untuk mendeteksinya secara real time.",ai
ILKOM Jurnal Ilmiah UMI Makassar (IndoT5 Parafrase),2017,"Ini dirancang dan dibuat kontrol parabola bergerak menggunakan mikrokontroler, aktuator sebagai penggerak untuk menggerakkan parabola ke timur dan ke barat dan switch sebagai titik fokus pada parabola sehingga dapat berbalik arah timur dan barat, program merumuskan untuk dapat mengontrol parabola di titik fokus satelit dari 70 derajat ke barat hingga 120 derajat ke timur, dan kontrol dari parabola yang digerakkan oleh parabola. - Kontrol - Pengendalian Parabola Bergerak ini terdiri dari 4 komponen utama, yang pertama sebagai tiang penyangga payung, kedua sebagai penerima sinyal dari LNB - kontrol dari mereka - kontrol.",ai
ILKOM Jurnal Ilmiah UMI Makassar (IndoT5 Parafrase),2017,"Learning Vector Quantization (LVQ) telah menunjukkan bahwa jaringan saraf tiruan untuk pengenalan pola menggunakan metode LVQ dan Wavelet haar, Wavelet daubechies, Wavelett symlet, dan Wavetel coiflet menghasilkan jaringan syaraf tiruan yang memiliki kinerja yang berbeda-beda. Kinerja terbaik diperoleh pada JST yang menggunakan metode dekomposisi Wavelet Haar (DWT) dengan kinerja terbaik. 80% dari keseluruhan kinerja jaringan ini. - Jaringan ini memiliki kinerja terbaik dengan akurasi sebesar 80% dari JST di mana polanya. wavelet Transform ( DWT ) ( ).",ai
ILKOM Jurnal Ilmiah UMI Makassar (IndoT5 Parafrase),2017,"(SGD) adalah sekolah yang terletak di daerah terluar, terpencil, dan tertinggal (3T), di desain dan dibangun dengan menggunakan bahasa pemrograman PHP, Google Maps, Android studio dan Dreamweaver serta GPS sebagai pendukung penentuan titik koordinat lokasi sekolah. Hasil yang diperoleh adalah sebuah peta digital yang dapat diterapkan di mobile HP/tablet menggunakan sistem operasi android, dilengkapi dengan rute atau jarak yang dapat memudahkan pengguna untuk mencari dan berkunjung ke lokasi. dari mana sekolah tersebut didirikan. - Sistem ini - Sistem Informasi Geografis - Sekolah 3T - sekolah 3T-sekolah 3T (T) - sekolah yang lebih lanjut - sistem informasi yang lebih dari sistem yang relevansi , yang lebih luas, dan GPS sebagai fasilitas sekolah.",ai
ILKOM Jurnal Ilmiah UMI Makassar (IndoT5 Parafrase),2016,"Di Indonesia, sistem e-KTP yang diadopsi oleh pemerintah menerapkan sistem database nasional kependudukan terpusat yang memungkinkan komunikasi perangkat lunak lintas platform sistem operasi dan bahasa pemrograman, berkomunikasi dengan model database apa pun yang menyediakan antarmuka aplikasi layanan web. Penelitian ini telah menguji arsitektur SOAP untuk mengakses struktur data kependudukan dengan menggunakan perangkat lunak multibahasa pemrograman (java dan Visual basic. Namun, fleksibilitas penggunaan tipe data kompleks dan kecepatan respon server kurang baik. , meskipun demikian, kinerja yang dapat diandalkan, dengan tingkat akurasi data perolehan dan validasi Record penduduk 100%. - hasil yang tidak begitu baik , tetapi lebih baik s. pada basis data kependudukan dari database nasional.",ai
ILKOM Jurnal Ilmiah UMI Makassar (IndoT5 Parafrase),2016,"( 1 ) Dalam pengembangan sistem ini, penulis menggunakan pendekatan Model Incremental, yang setiap tahapnya dilakukan secara berurutan, setiap bagian yang sudah selesai dilakukan testing kemudian dikirim kepada pengguna untuk langsung dapat digunakan. Pengembangan dan perubahan sistem dapat dilakukan dengan mudah dan terpusat pada sisi server, sedangkan program aplikasi tidak perlu diinstall dan didistribusikan ke setiap klien atau web browser. - Program aplikasi tidak harus diinstal dan didistribusikan kepada setiap client atau Web browser yang ingin memerlukan informasi dan data dari suatu wilayah. , khususnya data monografi kotamadya Sidorada. pemrograman aplikasi yang akan menjadi lebih banyak data monogram aplikasi yang lebih banyak program aplikasi yang tinggi.",ai
ILKOM Jurnal Ilmiah UMI Makassar (IndoT5 Parafrase),2017,"Untuk membangun sistem informasi yang memiliki integritas, konsistensi dan validitas data antar Program Studi dan PDPT-Ditjen, metode yang digunakan meliputi studi lapangan dan kepustakaan untuk mengetahui data pelaporan EPSBED dari Prodi ke PDT-DITjen, dan untuk memastikan sinkronisasi integrasi basis data dari server asal ke server tujuan, dan Replikasi DBMS menggunakan PostgreSQL membantu DBMS Program Studi terintegrasi dan berkorelasi langsung dengan PDPT - Universitas, dan port TCP-IP sebagai sarana komunikasi data. , dan Port TCPIP sebagai alat komunikasi data yang tepat waktu, dan konsisten data yang konsisten, data yang relevansi data yang sesuai.",ai
ILKOM Jurnal Ilmiah UMI Makassar (IndoT5 Parafrase),2017,"Ini bertujuan untuk membandingkan hasil yang diperoleh dengan menggunakan metode Analytical Hierarchy Process (AHP)-Technique for Order Preference by Similarity to a Ideal Solution (TOPSIS) dengan Analytic Network Procedure (ANP) TOPSIS dalam pengambilan keputusan untuk mencari nilai tertinggi, terutama pada pelayanan kepada masyarakat, kinerja yang kurang akan berdampak pada kualitas pekerjaan yang akan dilakukan, khususnya pada layanan kepada masyarakat. , dan kinerja yang lebih rendah akan mempengaruhi kinerja yang dihasilkan dari kinerja yang akan digunakan dalam menghitung kinerja yang berbeda. SDM yang berbeda dalam penelitian ini.",ai
ILKOM Jurnal Ilmiah UMI Makassar (IndoT5 Parafrase),2017,"Ini adalah salah satu upaya untuk mengantisipasi fluktuasi harga produk pertanian, dengan hasil keluaran berupa harga masa depan, metode K-NN dapat digunakan untuk memprediksi harga komoditi. Berdasarkan hasil eksperimen yang dilakukan oleh peneliti, nilai RMSE terendah terdapat pada K-Nearest Neighbor berbasis Particle Swarm Optimazation untuk data jagung dengan variabel periode 4 parameter k 7 nilai population 5 Max Generation 40 dengan Nilai RMSE 0,06. , berdasarkan hasil eksperimen, bahwa algoritma K-nN berbasis PSO lebih baik dibandingkan dengan tidak ada fitur PSO.",ai
ILKOM Jurnal Ilmiah UMI Makassar (IndoT5 Parafrase),2017,"Untuk saat ini, Pemerintah Provinsi Gorontalo dihadapkan pada masalah yang berkaitan dengan layanan informasi data. Data layanan informasi terkait dengan data sarana rumah sakit dan rumah sakit belum terinci, sehingga pemerintah kesulitan dalam mengambil keputusan dalam bentuk peta digital, sehingga masyarakat dapat mengetahui jarak lokasi terdekat dari rumah sakit ke rumah sakit lainnya, begitu juga dengan klinik ke klinik lainnya. ( 1 ) OJ L 201, 30. 2005, hal itu akan sering mengalami kesulitan mencari lokasi terdekat untuk layanan kesehatan ( ).",ai
ILKOM Jurnal Ilmiah UMI Makassar (IndoT5 Parafrase),2016,"(2) Penelitian ini menggunakan metode abjad, bunyi dan gambar. Penelitian ini bertujuan untuk mengetahui pengaruh pembelajaran media interaktif terhadap semangat dan minat membaca anak usia 4-5 tahun. Untuk pengujian hasil penelitian berjumlah 20 siswa dan diambil sampel sebanyak 10 siswa untuk tahun pelajaran 2015/2016. Pengamat dilakukan oleh 3 guru dan 1 kepala sekolah sebagai pengamat. dilakukan di Sekolah Dasar Pelita Hati.",ai
ILKOM Jurnal Ilmiah UMI Makassar (IndoT5 Parafrase),2016,"(Inggris) adalah bahasa ibu dalam skala internasional sebagai alat komunikasi antar negara. Ingatan untuk membedakan kata-kata dan membentuk pola kalimat dalam bagian of speech. Setiap kata akan ditentukan jenis part of speed, tergantung dari inputan pengguna, sedangkan pola kalimat akan ditentukan sesuai inputan dari pengguna berdasarkan Part of Speech-nya. (Teks dengan relevansi EEA), yang akan ditentukan berdasarkan Bagian Of Speech (Knuth Morris Pratt). - Perancangan dilakukan menggunakan metode Unigram dan String Matching (String).",ai
ILKOM Jurnal Ilmiah UMI Makassar (IndoT5 Parafrase),2017,"Untuk mendeteksi aktivitas ilegal yang terjadi di dalam jaringan Wifi, pelaku penyerangan ini menggunakan AP (Access Point) palsu dengan konfigurasi gateway yang berbeda dengan AP legitimate, sehingga jenis serangan ini menjadi cukup sulit untuk dideteksi, selain itu penelitian difokuskan pada dua proses penelitian, yaitu proses analisa Wifi scanning dan analisa jaringan trafik, untuk menemukan bukti digital berupa informasi traffik data dari serangan MITM Based Evil Twin, dan tidak ada pembahasan lebih lanjut tentang digital forensik. -proses, dan untuk menemukan barang bukti Digital forensik, dan forensik,.",ai
ILKOM Jurnal Ilmiah UMI Makassar (IndoT5 Parafrase),2016,"Untuk saat ini, sistem pemantauan cairan infus belum banyak ditemukan di rumah sakit atau institusi kesehatan lainnya, tetapi sangat membantu perawat dalam melaksanakan tugas rutinnya memantau kondisi cairan infuse, hal ini dibuktikan dengan alarm pada PC dan smartphone yang berbunyi setiap kali cairan Infuse akan habis. `` Hasil pengujan didapatkan pengaturan tetesan infuse kurang tepat, terdapat perbedaan yang bervariasi di setiap pengujian, sedangkan pengujian kondisi Cairan Infuse bekerja dengan tepat.",ai
ILKOM Jurnal Ilmiah UMI Makassar (IndoT5 Parafrase),2017,"Untuk mengidentifikasi status ekspresi wajah pemelajar saat menggunakan eLearning dengan pengolahan citra digital dan multiclass support vector machine, metode pengolahan citra yang digunakan adalah penggabungan fitur ekstraksi local binary pattern (LBP) untuk ekstraksi fitur citra, Gray level co-occurrence matrix (GLCM) untuk mengekstraksi fitur tekstur dan Multiclass Support Vector Machine untuk pengenalan citra mulut siswa, tingkat keberhasilan yang tinggi diperoleh pada pengujian dengan komposisi 10% dengan tingkat akurasi 95%, sedangkan pada pengujian komposisi 10% memiliki tingkat keberhasilan 95%, sehingga proses pembelajaran tidak optimal. , dan proses pembelajaran yang dihasilkan.",ai
ILKOM Jurnal Ilmiah UMI Makassar (IndoT5 Parafrase),2017,"(SVM) adalah metode yang didasarkan pada teori pembelajaran statistic dan memberikan hasil yang menjanjikan lebih baik daripada metode lain, SVM bekerja dengan baik terhadap data yang berdimensi tinggi dengan menggunakan teknik kernel, model yang diusulkan dievaluasi menggunakan data waktu pembelian bahan baku kopra. Hasil eksperimen penelitian ini menunjukkan bahwa seri pembayaran algoritma Support Vector Machine dengan Feature Selection, khususnya forward selection, memberikan kinerja kinerja yang lebih baik pada model tersebut. dibandingkan dengan S VM dan Backward Elimination dan BPNN dan pemilihan variabel yang relevansi.",ai
ILKOM Jurnal Ilmiah UMI Makassar (IndoT5 Parafrase),2017,"(SPK) adalah sistem yang mampu memberikan kemampuan pemecahan masalah dengan kondisi semi terstruktur dan tak terstruktur, tetapi jenis usaha makanan yang ada saat ini sangat beragam, sehingga sulit untuk menentukan salah satu jenis usaha pangan yang tepat, dalam penelitian ini ada delapan belas jenis usaha bahan makanan dan lima kriteria berdasarkan nilai skala bobot kriteria yang ditentukan oleh pengguna, dengan hasil bahwa usaha aneka kue hias memiliki nilai preferensi relatif alternatif terbaik dengan nilai 0.",ai
ILKOM Jurnal Ilmiah UMI Makassar (IndoT5 Parafrase),2017,"(1) Tujuan dari penelitian ini adalah untuk mengembangkan sistem manajemen pengetahuan yang menggunakan smartphone berbasis android dalam memproses pengetahuan, dengan menggunakan metode Knowledge Management System Life Cycle (KMSLC), dengan mengadopsi pendekatan usability-engineering, yang dapat digunakan oleh petani dalam memperoleh pengetahuan tentang penanggulangan penyakit pada kelapa sawit. , yang merupakan hasil dari kurangnya pengetahuan petani tentang cara menanggulangi penyakit pada tanaman.",ai
ILKOM Jurnal Ilmiah UMI Makassar (IndoT5 Parafrase),2016,"Ini bertujuan untuk menganalisis data spasial jaringan internet dan penyedia Internet Service Provider (ISP), penurunan nilai Throughput dan peningkatan nilai delay, banyaknya ISP, besarnya delay jaringan, jumlah bangunan/pemukiman tempat layanan internet dapat menyebabkan paket data hilang (packet loss) pada saat transmisi, dengan mengacu pada standar TIPHON (Telecommunications and Internet Protocol Harmonization Over Networks), kualitas layanan jaringan seluler dalam kategori jelek, sedang dan sangat bagus. Kualitas layanan internet seluler di Kota Sungaipinang adalah salah satu kategori kualitas layanan seluler yang hilang provider yang lain.",ai
ILKOM Jurnal Ilmiah UMI Makassar (IndoT5 Parafrase),2016,"Untuk klasifikasi stadium penyakit malaria berdasarkan citra Plasmodium Falciparum, penelitian ini dilakukan di Klinik Perawatan Koya Barat Distrik Muara Tami Kota Papua dan daerah ini merupakan daerah endemik malaria. Ekstrasi ciri Plasmodium falciparum menggunakan metode Filter Gabor dan Multi Class SVM dengan menggunakan metode ""one-angaints-all"" untuk klasifikasi stadium dari penyakit malaria. 3 2 (P ` , 2 - s.",ai
ILKOM Jurnal Ilmiah UMI Makassar (IndoT5 Parafrase),2016,"Di dalam sebuah institusi atau organisasi, manajemen informasi yang diterapkan sejauh ini masih menggunakan cara konvensional, seperti penyampaian langsung atau berupa undangan tertulis yang kemudian dibagikan, informasi baru dari server Admin akan dikirimkan kepada pegawai Universitas, dengan catatan bahwa perangkat seluler bergerak harus menyala dan terkoneksi ke internet. Oleh karena itu, aplikasi yang memungkinkan untuk menyebarkan informasi tersebut adalah aplikasi yang memudahkan pengguna untuk mendapatkan informasi tentang kegiatan yang sedang berlangsung, berdasarkan inputan admin pada web aplikasi sebelumnya. (Aplikasi Android), yang merupakan salah satu komponen dari tugas Kantor Hubungan Masyarakat (Humas) (Opublik (a) , sebagai berikut (Ta) - aplikasi yang sesuai dengan cara konvensional , dan sebagai berikut ini (M) s.",ai
ILKOM Jurnal Ilmiah UMI Makassar (IndoT5 Parafrase),2017,"Ini bertujuan untuk melakukan klasifikasi nasabah asuransi dengan hasil akurasi 85,89 % dengan delapan atribut weight, yaitu umur, jangka waktu, cara pembayaran, premi, jumlah hari, pekerjaan, pendapatan, dan mata uang, dengan hasil 85, 89 %. Pendapatan untuk perusahaan asuransi ditentukan oleh jumlah premi yang dibayarkan oleh nasabah.",ai
ILKOM Jurnal Ilmiah UMI Makassar (IndoT5 Parafrase),2017,"(Teks dengan relevansi EEA), rancangan dan skenario di atas lingkungan simulasi OPNET menunjukkan kinerja jaringan seperti kehilangan paket (packet loss) dan kekuatan sinyal yang dapat diterima, salah satu pengujian menunjukkan bahwa protokol DYMO dapat digunakan pada jaringan sensor nirkabel untuk sistem pemantauan lahan pertanian. Hasil evaluasi menunjukkan bahwa prototip node sensor berbasis XBee ditempatkan secara statik di lahan pertanian dan node router dan gateway sebagai node bergerak yang dibawa oleh petani/mobil pertanian, dapat digunakan untuk transmisi dan penerimaan data. - (M) (m) s (D) dari (A).",ai
ILKOM Jurnal Ilmiah UMI Makassar (IndoT5 Parafrase),2017,"PEMILIHAN PESERTA Kapal Pemuda Nasional merupakan program Kementerian Pemuda dan Olahraga yang memberikan hak kepada setiap provinsi untuk memilih pemuda terbaik di daerah masing-masing, sebanyak 5 orang yang terdiri dari (2 putra, 2 putri) dan 1 calon peserta (1 putra atau 1 putri), berdasarkan hasil penelitian, aplikasi yang sudah dibangun dapat membantu pihak yang berkepentingan dalam menentukan pilihan yang tepat dan berkualitas dengan menggunakan metode Weighted Procedure (WP) yang lebih obyektif dan proses pemilihannya menjadi lebih objektif. ( 1 ), dan proses keputusannya ( OJ) ( ).",ai
ILKOM Jurnal Ilmiah UMI Makassar (IndoT5 Parafrase),2016,"( 1 ) Ada banyak metode Decision Support System (DSS) yang dapat digunakan untuk pengambilan keputusan berdasarkan analisa pribadi subjektif tanpa menggunakan metode tertentu, tetapi 2 metode yang sering digunakan dalam pengambilan keputusan adalah metode Simple Additive Weighting (SAW) dan teknik For Others Referencean by Similarity to Ideal Solution (TOPSIS). Dengan demikian, pemetaan 2 metode tersebut akan menentukan lokasi yang strategis untuk meningkatkan omzet usaha percetakan (UMKM).",ai
ILKOM Jurnal Ilmiah UMI Makassar (IndoT5 Parafrase),2016,"Semakin besar ukuran (pixel) citra digital yang akan diidentifikasi, semakin besar ukuran citra asli dan citra hitam putih yang akan diproses, semakin banyak penyimpanan (disk) yang digunakan dalam proses segmentasi citra telur ayam, hasil yang sama diperoleh dalam proses perhitungan objek, luas area, dan penentuan titik centroid, untuk mengurangi noise, pada proses pengolahan citra dilakukan dengan menggunakan segmentasi dan pelabelan dengan menggunakan kompresi, dan hasil yang setara diperoleh pada proses perhitungan Objek, Luas Area, dan Penentuan Titik Centroid, dan untuk menghilangkan noise - Proses Pengolahan () citra ) (c) ) - proses tersebut ( ) dari citra) , , dan (p) - di tempat penyimpanan `.",ai
ILKOM Jurnal Ilmiah UMI Makassar (IndoT5 Parafrase),2017,"big data dalam pengambilan keputusan merupakan faktor penentu dalam sebuah perusahaan, salah satu contohnya adalah pemanfaatan data perilaku belanja konsumen yang saling terkait, kemudian algoritma CLHM (Centroid Linkage Hierarchical Method) untuk klasterisasi data, Penelitian ini menggunakan sampel data 15 kategori item dari data belanja konsumen pada toko buku 2014 selama 3 bulan. Hasil akhir penelitian adalah pengetahuan baru yang dapat dijadikan rekomendasi untuk pengambilan keputusan di toko buku. - Berdasarkan masalah tersebut, penelitian ini bertujuan untuk mencari keterkaitan antara satu buku dengan buku lain dalam satu set data. Keputusan penempatan barang yang lain adalah keputusan menempatkan barang tersebut sebagai keputusan.",ai
ILKOM Jurnal Ilmiah UMI Makassar (IndoT5 Parafrase),2017,"(Penelitian ini bertujuan untuk merancang sistem yang dapat memberi penanda kepemilikan pada dokumen teks penelitian yang dapat digunakan oleh dosen di UMI, metode penelitian yang dilakukan meliputi identifikasi masalah, studi literature mengenai file dokumen yang akan digunakan sebagai data uji dan metode Digital Watermark sebagai algoritma untuk penanda kepemilikan file dokumen pengujian, desain aplikasi desktop menggunakan bahasa pemrograman Java dan MySQL sebagai database server. Hasil dari penelitian ini adalah untuk mengembangkan sistem yang memungkinkan dosen dan pihak LP2S untuk memberikan layanan tambahan dalam pengecekan kemiripan judul yang telah ada sebelumnya di LP2C. ) (D) ) - (T).",ai
ILKOM Jurnal Ilmiah UMI Makassar (IndoT5 Parafrase),2017,"(Dijkstra) adalah algoritma rakus (greedy algorithm) yang digunakan dalam memecahkan masalah jarak terpendek (shortest path question) untuk sebuah graf berarah (directed graph) dengan bobot sisi (edge weights) yang bernilai tidak-negatif, yang dapat diimplementasikan/digunakan sebagai alternatif untuk menentukan jarak efektif dari suatu daerah ke daerah lain, dalam hal ini adalah penentuan jarak efektif pengantaran pasien oleh ambulan ke Rumah Sakit Umum Daerah Karawaci, dalam kasus ini.",ai
ILKOM Jurnal Ilmiah UMI Makassar (IndoT5 Parafrase),2017,"Global Arta Borneo, strategi yang dapat dikembangkan untuk mendukung tujuan organisasi untuk mencapai keunggulan kompetitif dan meningkatkan daya saing, telah dilakukan dengan pendekatan Ward and Peppard Framework, menggunakan metode analisis faktor-faktor kunci lima kekuatan, PEST, CSF, Value Chain, dan McFarlan, berdasarkan hasil penelitian, menunjukkan bahwa ada 10 strategi rencana kegiatan yang akan dikembangkan dalam kerangka roadmap Teknologi Informasi dan Sistem Informasi yang akan dibangun dalam jangka waktu 5 tahun.",ai
ILKOM Jurnal Ilmiah UMI Makassar (IndoT5 Parafrase),2017,"augmented reality (AR), untuk pembelajaran interaktif anak usia dini, diharapkan dapat menciptakan suasana belajar yang menarik dan menyenangkan, karena dengan menampilkan objek 3D, serta improvisasi suara dan gambar yang mendukung suasana pembelajaran, metode ini diharapkan dapat menjawab tantangan utama dalam pembelajaran anak usia awal, yaitu menarik fokus dan perhatian mereka. , dan juga dapat digunakan untuk pemrograman aplikasi AR, yang harus dilakukan oleh guru atau orang tua mereka sendiri. dari orang tua, dan fokus mereka, dan mereka tertarik.",ai
ILKOM Jurnal Ilmiah UMI Makassar (IndoT5 Parafrase),2017,"Electronic Learning bertujuan untuk menyajikan materi secara interaktif disertai animasi, audio, video dan dilengkapi dengan tes formatif berupa latihan soal. Hasil yang diharapkan dari pembuatan e-learning ini adalah bahwa mahasiswa dapat termotivasi dalam memahami mata kuliah Pengantar Teknologi Informasi, dan semoga dengan adanya aplikasi ini dapat memudahkan dan meningkatkan kualitas proses pembelajaran.",ai
ILKOM Jurnal Ilmiah UMI Makassar (IndoT5 Parafrase),2017,"Untuk dapat merencanakan pengembangan CRM, sebelumnya harus mengetahui kebutuhan pelanggan dan tingkat kepuasan pelanggan terhadap layanan yang ada, data dikumpulkan melalui kuesioner yang diberikan kepada pelanggan, yang dibuat berdasarkan proses bisnis yang ada dengan mengacu pada kepuasan pelanggan, dan menganalisis peran CRM sebagai dukungan Knwoledge Management (KM), sehingga menggabungkan kinerja pelanggan dengan fokus pelanggan secara bersama-sama memberikan suatu aplikasi CRM. - Analisis tentang Kebutuhan Pelanggan dan Tingkat Kepuasan pelanggan terhadap Layanan yang ada. Data dikumpulkan melalui Kuesioner untuk pelanggan yang dihasilkan dari analisis tingkat kepuasan klien. Keputusan Manajemen Kinerja Pela - CRM. pendekatan CRM untuk mengembangkan CRM yang relevansi.",ai
ILKOM Jurnal Ilmiah UMI Makassar (IndoT5 Parafrase),2017,"( 1 ) Kualitas informasi, kualitas sistem, kualitas layanan, kepuasan pengguna, penggunaan sistem, dan manfaat bersih telah dievaluasi dengan menggunakan metode kuantitatif dengan analisis pemodelan persamaan struktural (SEM) dengan AMOS, yang digunakan untuk mengukur dimensi yang mempengaruhi keberhasilan implementasi e-procurement di Provinsi Gorontalo. Evaluasi juga dilakukan pada persepsi pengguna tentang kondisi nyata implementasi teknis e-Procurement. , hasil analisis menunjukkan bahwa kualitas informasi berpengaruh signifikan terhadap penggunaan sistem dan kepuasan pengguna. dari perspektif pengguna akhir (a) (c) ) , dan hubungan antara pengguna, dan kepuasan Pengguna.",ai
ILKOM Jurnal Ilmiah UMI Makassar (IndoT5 Parafrase),2016,"Ini telah mengembangkan sistem pemantauan tingkat pencemaran udara menggunakan protokol zigbee dengan menggunakan sensor gas CO (Karbon Monoksida), penelitian ini menggunakan protocol zig bee sebagai media transmisi tanpa kabel, kemudian menggunakan arduino dengan socket xbee dan sensor gas MQ-9 sebagai stasiun node, hasil dari pengambilan data pencemaran udara dari klien node sensor CO ke server raspberry pi. , dan telah berhasil mengirimkan hasil pengambilan data polusi udara pada lingkungan masyarakat.",ai
ILKOM Jurnal Ilmiah UMI Makassar (IndoT5 Parafrase),2016,"Untuk merekomendasikan komputer dengan spesifikasi yang diinginkan oleh calon pembeli, implementasi Recommendation System ini menggunakan Algoritma AHP dan K-Means, metode untuk proses peringkat menggunakan AHP dengan menganalisis basis data produk komputer dan analisis kluster untuk mengklasifikasikan individu atau objek menjadi beberapa kelompok yang sama memiliki kemiripan satu sama lain dibandingkan dengan anggota cluster lainnya, sehingga dapat ditarik kesimpulan bahwa proses clustering akan menghasilkan rekomendasi produk dengan kualitas yang lebih baik. dari data yang diproses hanya dengan menggunakan algoritma AHP tanpa di-cluster K-means. - Means yang lain, dan karakteristik yang lebih heterogenitas yang lebih homogenitas yang berbeda, yang lebih disukai oleh mereka. s an yang lebih banyak referensi.",ai
ILKOM Jurnal Ilmiah UMI Makassar (IndoT5 Parafrase),2016,"(1) Metode yang digunakan untuk menentukan jalur terpendek dalam penelitian ini adalah metode tabu search algorithm, dengan menginputkan titik awal berupa nama jalan yang nantinya diproses dalam sistem yang menghasilkan output berupa data jalur yang ditampilkan dalam peta. Dengan mengambil contoh pencarian ATM untuk lokasi Maccini Sawah 1 ditemukan sebuah jalur terpendek dengan cost 2100 serta alternatif jalur menunjukkan cost 700 dengan selisih 700 biaya yang berarti jalur tersebut merupakan jalur terdekat. , yang berarti bahwa jalur tersebut adalah jalur yang paling dekat dengan ATM Bank BRI. dari rute yang merupakan jalur yang mana rute yang mana jalur tersebut sebagai rute yang tepat.",ai
Jurnal Komputer Terapan PCR (IndoT5 Parafrase),2015,"IR model ini membagi gambar menjadi dua komponen utama, komponen pertama adalah jumlah sumber penerangan yang terlihat, komponen kedua adalah komponen pantulan dari objek yang ada di sekitar tempat pengambilan gambar, dan komponen kedua disebabkan oleh frekuensi tinggi. Penelitian ini menunjukkan bahwa metode Homomorphic Filtering dapat memperbaiki citra dan mempengaruhi tingkat kekaburan citra hasil sebesar 86%, yaitu 0. 25 dan nilai kontras sebesar 4% atau 1. (5) ( ) ` ( -. pada dalam ; dari s.",ai
Jurnal Komputer Terapan PCR (IndoT5 Parafrase),2015,"Chevron Pacific Indonesia memiliki program pelatihan untuk pengembangan sumber daya manusia, yang dirancang oleh pihak HR (HR) dan ditujukan kepada pegawai yang baru bergabung atau memiliki pengalaman kerja kurang dari lima tahun di PT. Chevron Pasifik Indonesia, penelitian ini akan fokus pada pengembangan dan desain sistem informasi berbasis web yang memudahkan pihak HRD untuk memperoleh informasi atau laporan dan membahas bagaimana kontroller bekerja dalam menangani permintaan data dari level view. , dan bagaimana kontroler bekerja dalam sistem ini. 1 ``, , dan - s untuk mengembangkan sistem ini. ` dengan menggunakan sistem ini sebagai berikut Sistem dari tingkat yang lebih lanjut dan membuat laporan tentang mereka dalam sistem tersebut pada sistem ini:.",ai
Jurnal Komputer Terapan PCR (IndoT5 Parafrase),2015,"HR membangun aplikasi pengembangan sumber daya manusia menggunakan teknologi Java, yang dikembangkan dengan empat bagian, yaitu model, kontrol, view pada aplikasi web, dan view di aplikasi mobile, yang merupakan aspek penilaian terhadap pengembangan karyawan. Pengembangan karyawan yang ada di PT Chevron Pacific Indonesia masih manual menggunakan spreadsheet, sehingga membutuhkan waktu yang lama untuk menyelesaikan laporannya. (Teks dengan relevansi EEA) Dengan demikian, sistem ini memfasilitasi kerja HR dalam memproses data dan memperoleh informasi. Sistem ini memudahkan HR untuk mengembangkan data dan mendapatkan informasi. - Sistem ini menyediakan sistem ini s ` dari - sistem ini memberikan informasi.",ai
Jurnal Komputer Terapan PCR (IndoT5 Parafrase),2015,"(CPI) memiliki program People Development yang terdiri dari pelatihan, mentoring dan assignment, pengelolaan data peserta (partisipasi) dari program ini dilakukan secara manual oleh pihak Human Resources (HR), aplikasi pada level view akan dibangun dalam dua bentuk tampilan, yaitu aplikasi web dan aplikasi mobile dengan sistem operasi Android, aplikasi ini mengambil data JSON yang dikirim oleh Controller dan mengirimkan data input dari smartphone dalam bentuk data JSO ke Controller, dengan adanya sistem informasi ini dapat meningkatkan kinerja dari pengelolaan data dan pembuatan laporan (report) - Sistem informasi ini juga dalam sistem operasi - sistem operasi - aplikasi - aplikasi pemrograman aplikasi `.",ai
Jurnal Komputer Terapan PCR (IndoT5 Parafrase),2015,"PENR (PSNR) adalah salah satu metode pengukuran objektif yang cukup populer, tetapi metode PSNR konvensional memiliki ketidakakuratan dalam hal waktu dan tenaga yang dibutuhkan ketika mengukur video yang ditransmisikan melalui jaringan nirkabel dan mobile, karena adanya paket hilang yang dapat menyebabkan hilangnya frame video. Dengan kata lain, akurasi PSNR Konvensional telah ditingkatkan dengan adanya algoritma penyisipan frame untuk meningkatkan akurasi metode PSNSR konvensional. , dengan cara yang sama seperti yang telah dilakukan untuk menguji algoritma yang dirancang, hasilnya adalah 0. 86 PMCC - , Dengan kata.",ai
Jurnal Komputer Terapan PCR (IndoT5 Parafrase),2015,"(2) Secara umum, hasil analisis kebutuhan sistem untuk produk unggulan memiliki enam prosedur kerja yang berkaitan dengan penjualan, yaitu pemesanan barang, pengadaan barang, penyiapan dan pengiriman barang, pembayaran, penagihan dan pembayaran ke pemasok, pengujian dan implementasi sistem. Pada pengujian web e-commerce dengan menggunakan metode Black Box Testing, dimana metode tersebut dapat menampilkan informasi pesanan secara lengkap, serta dapat menampilkan dasbor admin dan pelanggan dengan pengujian data normal dan tidak normal dari Web e-Commerce tersebut.",ai
Jurnal Komputer Terapan PCR (IndoT5 Parafrase),2015,"Diperlukan model kualitas yang diharapkan oleh setiap pengembang game, karakteristik perangkat lunak mobile game lebih unik daripada perangkat lunak game pada umumnya, terutama terkait dengan mobilitas dan portabilitas, untuk menentukan kebutuhan kualitas perangkat lunak, karakteristik yang diukur dan diuji sesuai dengan metrik untuk kebutuhan kualitas mobile game. Evaluasi kebutuhan kualitas yang diusulkan akan digunakan sebagai dasar untuk mengukur kualitas suatu mobile games. , yang akan digunakan untuk tujuan mengukur kualitas sebuah mobile game, yang merupakan karakteristik aplikasi berbasis mobile dan game berbasis mobile. - Kebutuhan kualitas untuk game berbasis seluler. - Karakteristik aplikasi mobile dan mobile Game berbasis mobile game mobile.",ai
Jurnal Komputer Terapan PCR (IndoT5 Parafrase),2015,"(LPR) ini akan bekerja pada tiga jenis plat yang memiliki warna latar hitam, merah, dan kuning, untuk mengidentifikasi karakter pada citra plat kendaraan, sejumlah proses harus dilakukan, yaitu ekstraksi lokasi plat, segmentasi kandidat karakter, dan identifikasi karakter, dengan cara membandingkan data citra uji dengan data citra referensi, sehingga sistem pengenalan karakter ini akan menjadi bagian atau subsistem dari implementasi sistem License Plat Recognition. Sistem ini akan berfungsi sebagai bagian dari sistem pengenalan plat kendaraan. - Sistem pengenalan karakter yang dihasilkan dari penelitian ini. - Proses identifikasi karakter ini menghasilkan pengenalan karakter - sistem ini - sistem yang penting dalam sistem. aplikasi yang relevansi - karakteristik yang membentuk karakter yang membentuk karakteristik yang sesuai dengan tujuan tersebut - sistem tersebut - karakteristik - sistem pengenalan Karakter - profil - karakteristik. - karakteristik-proses identifikasi karakter - -.",ai
Jurnal Komputer Terapan PCR (IndoT5 Parafrase),2015,"Di antara faktor penentu masyarakat untuk memilih layanan pengiriman barang 3PL adalah harga, pengiriman, kerjasama, kualitas dan teknologi informasi, dan TIKI dan Pahala Express menempati urutan pertama dari total bobot 2. 54 dan untuk TIKI berada di urutan yang sama dan terakhir 2. , dengan nilai bobot tertinggi 0.",ai
Jurnal Komputer Terapan PCR (IndoT5 Parafrase),2015,"`` Visual Effect adalah pemberian efek visual tertentu ke dalam film yang bertujuan untuk menciptakan adegan yang realistis dan menarik, pembuatan alur pada bagian pengenalan cerita yang menarik menghasilkan 26 scene dalam 1 sequance berformat. MPEG yang berdurasi 7 menit 34 detik, berdasarkan hasil pengujian terhadap 100 responden dengan menggunakan skala likert, disimpulkan bahwa film pendek ini mampu menarik minat responden untuk menonton dan menunggu kelanjutan dari film pendek tersebut. , oleh karena itu penulis mengembangkan film pendek dengan judul ""Eyes For Eyes"". ( 1 ) (1) ) - (2) - film pendek (3) , dan menarik. , , dan membuat film pendek, dan pengenalan cerita , dll , sebagai berikut: _ ` `. `, dan seterusnya ` _ ;.",ai
Jurnal Komputer Terapan PCR (IndoT5 Parafrase),2015,"(Proxmox Virtual Environment) adalah sistem operasi mesin virtual yang dibangun dari sistem operasi Linux Debian dengan kernel RHEL yang dimodifikasi, yang dapat dikonfigurasikan tanpa mempengaruhi konfigurasi dari layanan lainnya meskipun dalam satu mesin fisik yang sama. Pengujian dilakukan dengan memberi pembebanan sesuai dengan skenario pengujian yang ada. Hypervisor diklasifikasikan menjadi 2 jenis, yaitu Native/Bare-metal Hypervisor dan Hosted Hypervisor (HHEL) yang telah dimodifikasi. ), yang akan digunakan secara penuh, tetapi tidak adanya saling ketergantungan antar mesin virtualization ( HH) - (V) yang akan diterapkan pada mesin virtualisasi server yang telah dikembangkan oleh ProxVE , yang telah diubah, yang terakhir) , masing-masing- , , dan s , yang berbeda.",ai
Jurnal Komputer Terapan PCR (IndoT5 Parafrase),2016,"(TOGAF ADM) dapat digunakan untuk menyusun dan merencanakan strategis sistem informasi di lingkungan bidang PPSDK Dinas Kesehatan Kabupaten Inhil, dengan fokus pada delapan komponen arsitektur, yang terdiri dari : Visi, Bisnis, Sistem Informasi, Teknologi Informasi, Peluang dan Solusi, Migrant Planning, Pelaksanaan Tata Kelola, dan Manajemen Perubahan. (Teks dengan relevansi EEA), yang akan mendukung aktivitas bisnis utama dan bisnis pendukung. , serta implementasi tata kelola yang baik, serta manajemen perubahan yang baik. - , dan arsitektur yang relevansi (A), dan sebagai referensi dalam pengembangan enterprises, dan. sektor Kesehatan Kabupaten , dll , , yang relevan.",ai
Jurnal Komputer Terapan PCR (IndoT5 Parafrase),2016,"Semakin canggihnya penggunaan teknologi informasi di Indonesia, ada dua pengujian yang dilakukan, yaitu perbandingan perhitungan manual dengan perhitungan yang dilakukan sistem, hasilnya tidak ada perbedaan antara metode manual dan sistem. Pengujian terakhir dilakukan dengan menggunakan kuesioner kepada responden riil, hasilnya responden sangat setuju bahwa sistem yang dirancang dapat membantu konsumen dalam memilih smartphone. , yang merupakan masalah yang sangat penting. pemilihan smartphone yang akan digunakan. - Sistem Pendukung Keputusan (SAP).",ai
Jurnal Komputer Terapan PCR (IndoT5 Parafrase),2016,"Ini harus mempertimbangkan banyak hal, termasuk tata letak, kemudahan akses, serta peningkatan kuantitas dan kualitas yang berkelanjutan, dalam pembangunan infrastruktur. Belum adanya sistem yang tepat yang memberikan informasi tentang lahan kosong layak bangun pada sebuah wilayah, yang akan dikombinasikan dengan datamining menggunakan teknik k-means clustering untuk mengidentifikasi indikasi pengelompokan sub-wilayah pada suatu wilayah. Wilayah yang akan dibangun adalah sistem informasi geografis berbasis web yang menyediakan informasi tentang posisi lahan yang layak bangun, ukuran lahan yang tersedia dan akses ke berbagai fasilitas umum terdekat.",ai
Jurnal Komputer Terapan PCR (IndoT5 Parafrase),2015,"(DSP) atau ekstraksi sinyal digital adalah salah satu teknik pengolahan sinyal yang dapat diterapkan dalam sistem komunikasi. DSP menggunakan pengenalan suara yang memiliki karakteristik tersendiri, yaitu ucapan buka dan tutup untuk pintu. Metode ekstraksi ciri yang digunakan pada DSP adalah metode Mels Frequency Cepstrums Coefficient (MFCC), yang digunakan sebagai data pengujian JST adalah 7, 14 dan 23. Dengan hasil tersebut, tingkat keberhasilan dari sistem menggunakan ekstraksi MFCC dan JST propagasi balik, menunjukkan tingkat keberhasilan 100%. - ( 1 ) (JST) - , () ) - ,. ` _ `, `; :.",ai
Jurnal Komputer Terapan PCR (IndoT5 Parafrase),2016,"(1) Penelitian ini bertujuan untuk melakukan kajian e-Government dengan fokus pengembangan pada pemerintahan lokal tingkat kotamadya, transaksi (sistem administrasi administratif, Sistem Arsip, Sistem Digital, Sistem Tanda Identitas, e-Protection, Pengendalian Identitas, Sistem Informasi Geografis), dan integrasi horizontal (berupa:. Dashboard information System dan Geographic Information System), dengan komitmen yang kuat dari para pemimpin daerah, sehingga menghasilkan proposal untuk model e-government, dan portofolio masa depan. 1 , dan sistem informasi geografi , dll ,.",ai
Jurnal Komputer Terapan PCR (IndoT5 Parafrase),2016,"GI akan meningkatkan risiko kematian bagi penderita dan dapat juga menjadi pemicu timbulnya penyakit jantung dan hipertensi, jika gejala diketahui sedini mungkin, penderita dapat mengubah atau menyesuaikan gaya hidup sehat, jika kondisi tersebut dan gaya hidup yang sehat dapat diwujudkan, potensi untuk menderita sakit gagal ginjal sangat kecil. Oleh karena itu, diperlukan kemampuan analisa yang tepat untuk menentukan keadaan ginjal seseorang sebagai langkah awal untuk menentukan resiko penyakit ginjal tersebut. 1 Penelitian ini diharapkan dapat dimanfaatkan lebih lanjut oleh tenaga medis untuk memberikan informasi kepada pasien.",ai
Jurnal Komputer Terapan PCR (IndoT5 Parafrase),2016,"cloud Computing adalah salah satu teknologi yang banyak digunakan saat ini pada skala industri dan perusahaan, menyediakan banyak layanan yang dapat digunakan oleh pengguna, seperti layanan email, media penyimpanan, dns dan sebagainya, yang masih diganggu oleh masalah virus, kehilangan data dan konfigurasi, serta tidak stabilnya hubungan jaringan antara virtual mesin dan host, dan juga hubungan dengan komputer lain di dalam jaringan, sehingga dirancang dan diterapkan sebuah sistem virtualisasi terpusat berbasis Virtual Machine yang mampu membangun multi-server dan multi-platform. dan sebagai hasilnya dianalisis kinerja server yang digunakan untuk penggunaan sumber daya yang digunakan oleh server yang telah digunakan oleh mereka sendiri - server yang sebenarnya ( ), dan untuk tujuan dari server. , dan sebagai berikut: - server , yang sebenarnya, dan , , dll , secara keseluruhan , untuk digunakan oleh , atau , server.",ai
Jurnal Komputer Terapan PCR (IndoT5 Parafrase),2016,"Di bawah penelitian ini, XP tidak memiliki dokumentasi formal selama proses pembangunannya, tetapi tidak ada dokumentasi formal yang dapat digunakan sebagai alat ukur bahwa aplikasi telah selesai dibangun, tetapi aplikasi tersebut dikatakan selesai jika klien tidak membutuhkan penambahan requirements pada aplikasi, dan perubahan data pada tabel database yang mengharuskan dev untuk membangun ulang tabel database pada saat tahap akhir. ( 1 ) Extreme Programming atau XP adalah salah satu metode Agile yang berbeda dari yang lain. , yang merupakan prinsip B2C yang digunakan pada pembangunan eCommerce ini. - ( 2 ) ( 3). ` yang ) , , aplikasi yang terakhir , dll , pada. _ , dalam hal ini , di mana aplikasi yang diperlukan. a , masing- , dan.",ai
Jurnal Komputer Terapan PCR (IndoT5 Parafrase),2016,", penelitian ini merancang sistem keamanan untuk sepeda motor menggunakan mikrokontroler raspberry pi, secara garis besar desain sistem terdiri dari sensor gerak, sensor getaran, mikrocontroler Raspberry Pi, relay, motor servo, dan smartphone android. Pemilik kendaraan akan segera mengendalikan sepeda motor ketika terjadi pencurian, dengan memanfaatkan teknologi Smartphone Android untuk mengontrol keamanan. dan kemudian mengirimkan pesan pemberitahuan peringatan kepada pemilik kendaraan. Ketika terjadi pencurian sepeda motor, sensor akan mengirimkan getaran ke output motor dan kemudian mengirim pemberitahuan peringatan.",ai
Jurnal Komputer Terapan PCR (IndoT5 Parafrase),2016,"Di Bandar Udara Silampari, penulis menemukan bahwa tidak ada kegiatan pemberian reward kepada karyawan yang memiliki skala penilaian yang berbeda-beda, sehingga kinerja karyawan hanya standar-standar saja, karena tidak ada hal yang dapat memotivasi mereka untuk meningkatkan kinerja di atas standar, maka metode perhitungan yang digunakan adalah Composite Performance Index (CPI), yang mampu mentransformasikan skala yang berbeda menjadi nilai yang seragam, yang akan membantu pengambilan keputusan untuk memberikan penilaian yang sama terhadap satu alternatif. 3) (b) ` (O) yang sama dalam kaitannya dengan tujuan yang berbeda () ).",ai
Jurnal Komputer Terapan PCR (IndoT5 Parafrase),2016,"(RAPS) adalah sistem yang dapat menilai tingkat partisipasi peserta didik dalam kolaborasi di lingkungan forum diskusi online, berbagai penelitian telah dilakukan untuk membentuk peserta didik agar aktif dan kreatif dalam memberikan ide dan pengetahuan di forum diskusi berbasis web, dan menggunakan Think-Pair-Share sebagai salah satu teknik pembelajaran kolaboratif yang digunakan agar peserta didik aktif dalam berinteraksi dengan grup pasangannya dalam membahas topik diskusi daripada secara individual, dan mampu berbagi ide serta pengetahuan dengan sesama peserta didik lainnya. hasil pada penelitian ini menunjukkan bahwa RAPS dapat membantu pendidik untuk mengukur tingkat partisipasi siswa.",ai
Jurnal Komputer Terapan PCR (IndoT5 Parafrase),2016,"Di BPS kota Lubuklinggau, peneliti menemukan bahwa sensus suseda dilakukan melalui kertas sensus dan datang langsung ke wilayah untuk bertemu dengan responden, yang akan memberikan data tentang keadaan ekonomi mereka. Metode yang digunakan dalam sistem Sensus Suseda berbasis web mobile ini, serta untuk mengetahui sistem yang sedang berjalan, menggunakan pendekatan terstruktur dengan menggunakan beberapa alat bantu, seperti Uml, Use Case Diagram, Diagram Aktivitas, diagram sequence, diagram kelas, sedangkan untuk metode pengembangan sistemnya menggunakan waktu yang lebih cepat, akurat dan tepat waktu dengan jadwal yang telah ditetapkan oleh program dan dokumentasi program dan laporan. ( ) sa , pada saat ini , ` `, - data yang telah selesai , dan waktu yang terakhir. , data yang sudah selesai dari data yang dapat dikumpulkan secara manual , atau model , dll , masing- , sebagai berikut , yaitu: , di mana.",ai
Jurnal Komputer Terapan PCR (IndoT5 Parafrase),2016,"Dibandingkan dengan rata-rata hasil akhir penilaian kompetensi pedagogik secara manual, data yang dikumpulkan merupakan data riwayat penilaian kinerja guru berupa dokumen dan pernyataan serta data pendukung berupa dokumen aturan dan tata laksana proses penilaian prestasi guru. Berdasarkan pengujian sistem, tingkat ketepatan penilaian dengan tiga sampel alternatif memiliki tingkat obyektifitas yang lebih baik karena untuk mengukur nilai setiap indikator variabel penilaian diturunkan dengan sub-indikator dan dibobotkan dengan menggunakan parameter penilaian dan dihitung hanya dengan menjumlahkan angka-angkanya. ,33% lebih kecil karena mekanisme pengambilan keputusan didasarkan pada metode pengambilan keputusan yang didasarkan pada setiap indikator yang ditentukan oleh masing-individual -nilai manual. (a) dari masing-proses manual, jumlah yang dihasilkan. s yang relevansi , dan prosedur. Keputusan yang telah ditetapkan oleh proses penilaian.",ai
Jurnal Komputer Terapan PCR (IndoT5 Parafrase),2016,", dalam penelitian ini, peneliti mengusulkan suatu metode untuk menghitung besarnya kepercayaan atau certainty factor (CF) pengguna pada aplikasi sistem pakar untuk evaluasi gangguan pernafasan pada anak, di mana orang tua cukup memasukkan gejala penyakit yang dialami, sistem secara otomatis akan menghitung nilai CF pengguna. Nilai CF diperoleh dengan menghitung rata-rata gejala yang dimasukkan oleh orang tua terhadap aturan yang diberikan oleh pakar. , Sistem Pakar , Certainty Factor , Gangguan Pernafasan pada Anak , dan Basis Data Microsoft Access , yang dibangun di atas dasar sistem. - , dll , Metode Certainity.",ai
Jurnal Komputer Terapan PCR (IndoT5 Parafrase),2016,"TIK dalam dunia pendidikan membuka peluang bagi pendidik untuk mewujudkan pembelajaran yang berpusat pada siswa melalui produk pembelajaran berupa RPP, Pedoman Penggunaan e-learning dan Web e-Learning, dan instrumen pengumpulan data berupa tes tatap muka, online dan lembar observasi, mengukur aktivitas siswa diamati menggunakan lembar observasi pada setiap pertemuan. Hasil penelitian menunjukkan bahwa penggunaan media pembelajaran berbasis web dapat meningkatkan aktivitas belajar siswa. , dan Instrumen Penelitian terdiri dari Tiga Siklus, masing-masing siklus terdiri dari empat tahap yaitu perencanaan tindakan, pelaksanaan tindakan, refleksi ( TEK) (PT).",ai
Jurnal Komputer Terapan PCR (IndoT5 Parafrase),2016,"(AR) yang digunakan pada penelitian ini adalah menggunakan sistem pelacakan dan deteksi marker sebagai trigger untuk menampilkan benda virtual melalui media visual (kamera). Markerless yang digunakan dalam penelitian ini termasuk markerless, yang terdeteksi dengan nilai matching di atas 39, sedangkan yang tidak terdeteksi memiliki nilai di bawah range nilai matching tersebut. Parameter yang diuji adalah jumlah keypoint dan matching dengan kondisi jarak, rotasi, sudut pandang ( derajat ) dan cahaya.",ai
Jurnal Komputer Terapan PCR (IndoT5 Parafrase),2017,"Untuk beberapa tahun terakhir, peretasan transaksi perbankan melalui kartu kredit meningkat sangat tinggi, misalnya pada tahun 2013, sekelompok peretas berhasil membobol Bank Muscat di Oman dan menyebabkan kerugian senilai 45 juta USD, prototipe kemudian diuji pada berbagai kondisi normal dan ekstrim. Berdasarkan hasil pengujian, beberapa variasi notifikasi fraud, seperti pada jam sibuk dan tidak sibuk, dikirim relatif lebih cepat daripada pada saat tidak sibuk. `` paper ini dikembangkan sebuah prototipe notifikasi pencegahan kejahatan penipuan berbasis mobile. dibandingkan pada jam-jam yang sibuk.",ai
Jurnal Komputer Terapan PCR (IndoT5 Parafrase),2017,"Ini adalah salah satu masalah yang dihadapi khususnya oleh institusi Politeknik Caltex (PCR) dalam menentukan lokasi promosi, berdasarkan hasil wawancara dengan tim dari bidang kerjasama, bisnis dan pemasaran (PMB) PCR, metode AHP diterapkan pada proses seleksi tahap pertama, sedangkan metode TOPSIS akan diterapkan pada seleksi tahap kedua. Sistem pendukung keputusan yang dibangun untuk membantu dalam penentuan lokasi promosi penerimaan mahasiswa baru. , yang menunjukkan bahwa semua fitur pada sistem telah diimplementasikan dan diterima dengan baik secara fungsional. - , dan dapat disimpulkan bahwa semua elemen sistem telah dilaksanakan dan diterima. bahwa semua karakteristik yang relevansi s yang telah diterima dan menjawab pertanyaan yang telah tercapai dan jawaban yang telah ditemukan bahwa , hal- , sebagai berikut , , untuk tujuan.",ai
Jurnal Komputer Terapan PCR (IndoT5 Parafrase),2017,"(c) Server adalah perangkat jaringan yang berfungsi untuk memberikan layanan (service) kepada klien, tetapi ada saatnya server tidak selamanya berfungsi dengan baik, karena fungsi server dalam sistem komputasi awan sangat fundamental dan penting dalam memberikan layanan kepada klien. Dengan implementasi data replication pada komputasi awan menggunakan DRBD ini diharapkan dapat membuat replikasi data yang menjadi salah satu solusi replikasi data server secara otomatis. , yang merupakan salah satu alternatif solusi yang dapat dilakukan. dari suatu sistem dengan menggunakan teknologi Open Source, yang akan memungkinkan untuk melakukan replikasi data tersebut, sebagai salah satu opsi solusi untuk replikasi data - replikasi, yang tinggi - layanan.",ai
Jurnal Komputer Terapan PCR (IndoT5 Parafrase),2017,"clustering spasial berbasis densitas merupakan salah satu teknik penting pada data mining yang digunakan untuk mengumpulkan informasi atau pengetahuan pada data spasial dalam jumlah besar dari aplikasi yang berbeda, dan tidak ada perubahan signifikan pada tahap algoritma dan kinerja algoritma DBSCAN pada Object 3D. Tidak ada perubahan substansial pada tahap-tahap algoritma dan performa algoritma DB SCAN pada 3D Object.",ai
Jurnal Komputer Terapan PCR (IndoT5 Parafrase),2017,"(dalam hal ini mesin atm) yang semakin meluas di wilayah Indonesia membuat PT IBM mengembangkan sistem informasi geografis untuk pemetaan mesin dan tracking engineer dengan memanfaatkan geolocation, yang akan memudahkan PT IBM dalam memberikan tugas kepada engineer untuk layanan dan pemeliharaan ke lokasi mesin terdekat, dan juga Firebase Cloud Messaging (FCM) untuk platform mengirim notifikasi dari web ke device engineer. - Sistem ini dikembangkan menggunakan beberapa perangkat lunak open source yaitu, Node. JS yang berfungsi sebagai database storage, dll API untuk platform mengirimkan pemberitahuan dari web s , dll.",ai
Jurnal Komputer Terapan PCR (IndoT5 Parafrase),2017,"sistim pakar sebagai salah satu bagian dari ilmu kecerdasan buatan dapat diterapkan untuk membantu orang tua dalam mengidentifikasi penyakit kanker pada anak sejak dini dan cara mengatasinya, karena sistem pakan adalah program komputer yang menirukan penalaran seorang ahli dengan keahlian pada suatu wilayah pengetahuan tertentu, dan dari beberapa kasus gangguan autis yang bisa disembuhkan, itu adalah gangguan Autis yang sudah terdeteksi sedini mungkin, berdasarkan aturan premis yang sesuai dengan fakta yang diketahui. , yang tidak memiliki pengetahuan yang cukup tentang gejala awal dari gangguan Autisme ini, tetapi kurangnya pengetahuan tentang tanda-tanda awal. hal ini, sehingga deteksi dini, dan penanganannya, dll. _ ` _ - masalah ini, dan solusinya, dan penanggulangannya. ` yang relevansi , dll , , dan cara yang telah diabaikan.",ai
Jurnal Komputer Terapan PCR (IndoT5 Parafrase),2017,"Concept Art adalah bentuk ilustrasi, yang bertujuan untuk menyampaikan representasi dari desain, ide atau perasaan untuk digunakan dalam suatu game, dengan mengimplementasikan concept art, diharapkan objek 3D yang sudah dibuat dapat digunakan oleh pembuat game pada proses pembuatan game selanjutnya, berdasarkan pengamatan dari ahli di bidang Concept Art dan 3D. Contoh representasinya adalah implementasi concept Art dalam pembuatan Objek 3D pada permainan Virtual Safari Edukasi. Dengan menggunakan metode observasi, hasilnya menunjukkan bahwa konsep dan objek 3d telah sesuai dengan desain yang dibuat oleh game ini, sebagai berikut ini adalah sebagai contoh representasi dari perspektif yang dihasilkan oleh para ahli dalam konteks 3D - desain yang sama.",ai
Jurnal Komputer Terapan PCR (IndoT5 Parafrase),2017,"Dibutuhkan keefektifan prediksi, pemantauan kontrol pengembangan perangkat lunak, dan perkiraan pengembangan perangkat keras, model Estimasi Biaya Pengembangan Perangkat Lunak (CBR) yang sesuai akan memberikan hasil maksimal dalam hal menentukan kecepatan dalam proses estimasi, khususnya pada tahap proposal atau penawaran proyek perangkat lunak di mana perhitungan lebih efektif terhadap waktu, karena memiliki refrensi kasus yang lama. , dan waktu kerja yang diperlukan untuk menjalankannya. (KNN), dataset COSMIC yang sesuai dengan tingkat kemiripan kasus yang relevan. ), dan Waktu Kerja yang relevansi (M).",ai
Jurnal Komputer Terapan PCR (IndoT5 Parafrase),2017,"(FAHP), yang merupakan salah satu metode yang dapat digunakan dalam pengambilan keputusan, termasuk pemilihan rumah, telah dikembangkan oleh banyak pengembang atau provider perumahan yang menawarkan produk perumahan kepada konsumen dengan berbagai penawaran, sehingga konsumen dapat memilih rumah berdasarkan nilai yang dihasilkan dari proses fuzzy ahp, yang memungkinkan konsumen untuk memilih rumah sesuai dengan kriteria yang diharapkan. hasil dari penelitian ini adalah bahwa konsumen dapat menentukan pilihan terbaik dalam memilih rumah yang ditawarkan sesuai dengan Kriteria yang Diinginkan. Keputusan yang diambil oleh konsumen dapat dilakukan dengan cara yang tepat. , dan karenanya dapat diterapkan.",ai
Jurnal Komputer Terapan PCR (IndoT5 Parafrase),2017,"Semakin banyak alat transportasi darat yang digunakan, semakin besar laju pembelajaran dan semakin banyak data yang digunakan dalam pelatihan, semakin tinggi tingkat akurasi deteksi lubang pada citra jalan raya, teknik yang digunakan ini memiliki kecenderungan untuk meningkatkan hasil deteksi lubang di jalan raya. 1 Perkembangan sistem transportasi terutama transportasi darat di Indonesia sangat pesat. Infrastruktur yang paling penting adalah jalan. dari hasil pengujian menghasilkan teknik yang diterapkan ini mampu mendeteksi keberadaan lubang di citra jalan. - Lubang pada jalan raya - lubang pada jalan-jalan.",ai
Jurnal Komputer Terapan PCR (IndoT5 Parafrase),2017,"Di dunia pendidikan, Clustering adalah teknik utama yang digunakan untuk pengelompokan data siswa berdasarkan minat siswa terhadap mata pelajaran produktif multimedia, yang dapat digunakan untuk menentukan kompetensi siswa, dan dapat juga digunakan dalam pengambilan keputusan untuk menentukan penguatan materi yang akan dipelajari di kelas XII. Dalam pengelompokan siswa tersebut menggunakan algoritma K-means yang nantinya dapat mengetahui kompetensi siswa sebagai seorang movie maker (belakang layar) atau seorang artist. - Kata kunci: Data Mining, Clusting, Algoritma K-Means. , yang selanjutnya dapat digunakan sebagai pedoman. , , dll , seperti itu harus diterapkan untuk tujuan , khususnya untuk kepentingan bisnis dan pendidikan , untuk. pemrograman, yang relevansi , oleh siswa. aplikasi mereka , dari siswa.",ai
Jurnal Komputer Terapan PCR (IndoT5 Parafrase),2017,"(Teks dengan relevansi EEA), Arsitektur Teknologi Informasi (IT) telah menerapkan Infrastruktur Teknologi Informasi dalam menjalankan organisasinya tetapi tidak menggunakan kerangka kerja arsitektur yang tepat, yaitu TOGAF (The Open Group Architecture Framework) ADM (architecture Development Method), menjelaskan analisis dan strategi implementasinya pada akhir tahap persiapan, visi arsitekur, arsitektur teknologi, serta peluang dan solusi, pada akhirnya akan terlihat kesenjangan antara kondisi saat ini dan yang diusulkan untuk masa mendatang, tetapi tidak ada kerangka kerja Arsitektur yang baik. Jaringan 84, dan jaringan, dan LAN, yang relevansi , Kerangka Kerja, , dan , (LAN) (IP), yang sesuai ( ) , di mana (A) s , - (O). dari kerangka kerja (), dan kerangka kerja.",ai
Jurnal Komputer Terapan PCR (IndoT5 Parafrase),2017,"Di STMIK AMIKOM, banyak perguruan tinggi telah menerapkan sistem informasi untuk melayani mahasiswa, salah satunya adalah E-Skripsi yang dibuat untuk dosen pembimbing mahasiswa, namun variabel X4 dan Y terhadap Z ditolak, dan aplikasi tersebut juga masih dalam proses pengembangan. Analisis tingkat penerimaan pengguna terhadap sistem E-skripsi dilakukan dengan metode Unified theory of acceptance and utilization of technology (UTAUT), model untuk menjelaskan perilaku pengguna terhadap teknologi informasi. , dan sebagai hasilnya, aplikasi tersebut masih dalam tahap pengembangan, dan merupakan model untuk mendefinisikan perilaku pengguna, dan Aplikasi tersebut masih dikembangkan.",ai
Jurnal Komputer Terapan PCR (IndoT5 Parafrase),2017,"waykanan memiliki potensi-potensi wisata yang unik dan menarik, mulai dari wisata budaya sampai wisata alam yang tidak kalah indahnya dengan kabupaten lain di provinsi lakka, dari sekian banyak potensi wisata yang ada, Dijkstra telah berhasil memetakan 40 pariwisata dan juga berhasil menempuh rute terpendek untuk wisatawan. tujuan dari penelitian ini adalah untuk merancang dan membangun aplikasi pemetaan potensi pariwisata di kabupaten Waykanan dengan menggunakan algoritma dijkstra untuk mempermudah wisatawan yang ingin berkunjung.",ai
Jurnal Komputer Terapan PCR (IndoT5 Parafrase),2017,"Dibutuhkan sebuah aplikasi yang dapat memberikan solusi kepada masyarakat Kota dan Kabupaten Tegal untuk mendapatkan informasi agen perjalanan yang lengkap, dengan menggunakan metode Location Based Service yang menggunakan teknologi GPS dan Google Maps API, hasil pengujian blackbox dan pengujian usability menunjukkan bahwa aplikasi dapat diterima baik oleh pengguna agen travel maupun oleh pengguna pengguna karena aplikasi ini memenuhi aspek usabilitas. (Teks dengan relevansi EEA), aplikasi tersebut dapat digunakan untuk tujuan membantu masyarakat mendapatkan informasi dan mengetahui lokasi dan rute agen perjalanan mereka. , dan aplikasi tersebut telah memenuhi aspek penggunaan aplikasi tersebut (akan) (A) , aplikasi yang bersangkutan, aplikasi , , yang lengkap , sebagai aplikasi tersebut, aplikasi, aplikasi.",ai
Jurnal Komputer Terapan PCR (IndoT5 Parafrase),2017,"Untuk menghasilkan perangkat lunak yang berkualitas baik, tahan lama, dan sesuai dengan kebutuhan penggunanya, perlu dilakukan evaluasi kualitas perangkat lunak dengan mengevaluasi kualitas eksternal perangkat lunak menggunakan metrik ISO 9126-2. Evaluasi ini dilakukan dengan cara mengukur perilaku sistem pada tahap testing sampai dengan tahap penggunaan perangkat lunak, yang dapat diimplementasikan menggunakan model kualitas ISO9126-1 yang sudah terstandarisasi secara internasional. ( 1 ) OJ L 201, 30. 2, yang telah memberikan hasil yang tepat waktu yang baik, yang baik. , yang relevansi yang baik dari segi fungsionalitas perangkat lunak , dan relevansi , , masing-masing-evaluasi kualitas yang baik , kualitas yang konsisten.",ai
Jurnal Komputer Terapan PCR (IndoT5 Parafrase),2017,"(WP) dan Simple Additive Weight (SAW) adalah metode dalam spk yang banyak digunakan untuk menyelesaikan pengambilan keputusan yang memiliki banyak kriteria dan sistem pemeringkatan, penelitian ini membandingkan metode WP dan SAW dalam pemilihan calon ketua BEM. Berdasarkan hasil perhitungan diperoleh bahwa kedua metode tersebut dapat menghasilkan urutan calon Ketua BEm.",ai
Jurnal Komputer Terapan PCR (IndoT5 Parafrase),2017,"(1) Penelitian ini bertujuan untuk menghitung nilai penyerapan karbon oleh vegetasi, yang dihasilkan dari citra satelit dan file metadata, dan proses penghitungan GPP memerlukan parameter NDVI (Normalized Difference Vegetation Index), fAPAR (fraction Absorbed Photosynthetically Active Radiation), dan PAR, yang dapat digunakan sebagai acuan untuk mencegah pemanasan global dengan cara penghijauan di area yang nilai penyerapannya rendah. , dan gas metana adalah penyebab pemanasan global yang paling banyak. (PAR) (GPP) emisi karbon dioksida (CO2) , (C).",ai
Jurnal Komputer Terapan PCR (IndoT5 Parafrase),2017,"Untuk mengurangi kelebihan berat badan pada anak dan remaja, penting untuk melakukan perencanaan makan dan tumbuh kembang optimal, dengan kondisi saat ini, orang tua dan anak/remaja yang teridentifikasi dalam kondisi pra-diabetes harus sangat membutuhkan pengetahuan tentang asupan makanan dan nutrisi yang diperlukan untuk pencegahan dini penyakit diabetes dari segi pola makan yang teratur dan takaran makanan yang sesuai dengan kebutuhan kalori. , aplikasi ini dirancang dan dibangun dengan menggunakan konsep Konstraint Satisfaction Problem dan algoritma backtracking untuk mencari solusi/menu makanan yang tepat.",ai
Jurnal Komputer Terapan PCR (IndoT5 Parafrase),2017,"Ini menawarkan penggunaan metode penggalian data untuk memprediksi waktu lulus mahasiswa menggunakan dua metode, yaitu k-Nearest Neighbor dan Naâ `ve Bayes Classifier, hasil uji coba menunjukkan bahwa metode ini menghasilkan akurasi yang lebih tinggi dibandingkan dengan Na ve Baye Classification, yaitu 98. Oleh karena itu, dapat disimpulkan bahwa sistem yang dibangun pada penelitian ini memiliki kemampuan untuk memprediksi ketepatan waktu lulus dengan akurasi yang cukup tinggi. , oleh karena itu sistem yang dikembangkan pada penelitian tersebut memiliki tingkat akurasi yang tinggi, yaitu sebesar 98,7%.",ai
Jurnal Komputer Terapan PCR (IndoT5 Parafrase),2017,"Di bawah kemajuan teknologi informasi dan komunikasi, pembelajaran melalui metode e-learning terus dikembangkan dalam rangka perluasan dan pemerataan akses pendidikan, tetapi tidak sepenuhnya memperhatikan kondisi pembelajaran siswa, khususnya gaya belajar, karena aplikasi e-education yang digunakan dalam penelitian ini adalah Care Learn dan Edmodo. care learn adalah aplikasi e -learning yang memiliki fitur dapat menyajikan materi sesuai dengan gaya belajar siswa. Hasil pengujian yang dilakukan menunjukkan bahwa metode E-learning berdasarkan gaya belajar lebih efektif dibandingkan dengan metode konvensional. 1 2 s ` pendekatan gaya belajar metode Metode Pembelajaran (E) untuk tujuan pembelajaran.",ai
Jurnal Komputer Terapan PCR (IndoT5 Parafrase),2017,"augmented reality adalah salah satu daya tarik di bidang pariwisata. Banyak wisatawan yang berkunjung untuk melihat bangunan bersejarah yang ada di suatu kota dan menggunakan peta sebagai marker untuk membantu wisatawan mencari lokasi objek bangunan bersejarah di kota tersebut, peta yang digunakan terbatas hanya dapat menampilkan gambar 2 dimensi, sehingga kurang menarik untuk dilihat oleh wisatawan. Pengembangan peta dan aplikasi ini dapat digunakan sebagai media promosi pariwisata di Kota Palompuan dengan tujuan untuk mempromosikan pariwisata di kota Palompuang. dan dapat digunakan untuk tujuan promosi pariwisata, sehingga lebih menarik bagi wisatawan. - Tujuan Penelitian ini adalah untuk tujuan untuk tujuan ini sebagai sarana promosi yang relevansi dari pariwisata (3). , dan aplikasi yang penting untuk menarik. Komunitas , untuk tujuan dari aplikasi ini, dan validitasnya, dll , , sesuai, dan layak, dan harus dikembangkan pada skala, dan dapat diterapkan dalam hal-untuk tujuan.",ai
Jurnal Komputer Terapan PCR (IndoT5 Parafrase),2017,"Ini mengusulkan model kualitas yang dapat digunakan oleh pengembang aplikasi mobile untuk meningkatkan interaksi antar anggota keluarga, salah satunya dengan menggunakan media yang dapat meningkatkan awareness orang tua kepada anak atau sebaliknya, aplikasi ini kemudian disebut sebagai Family Tracking. Pendekatan hybrid dipilih karena menggunakan pendekatan pemrograman web. Ada 12 metrik yang akan digunakan untuk mengevaluasi kualitas aplikasi setelah pengembangan selesai. (Teks dengan relevansi EEA) dan (perangkat keras) untuk digunakan dalam aplikasi mobile. , sehingga model kualitas ini akan spesifik pada lingkup aplikasi mobile yang telah dikembangkan. ukuran yang akan menjadi referensi untuk aplikasi. - pendekatan yang sesuai dengan mengacu pada aplikasi mobile - aplikasi yang dapat diterapkan di mana saja aplikasi mobile- aplikasi mobile aplikasi mobile pendekatan yang relevansi aplikasi mobile dari aplikasi mobile cross platform aplikasi mobile, dan aplikasi.",ai
Jurnal Komputer Terapan PCR (IndoT5 Parafrase),2017,"`` Video konten Head-and-Shoulder memiliki karakteristik khas, video konten ini ditampilkan berupa seorang yang sedang menginformasikan sesuatu dalam sorotan kamera yang menampilkan kepala, bahu, hingga bagian atas diagfarma, dan hasil penelitian menunjukkan bahwa video konten Head and Shoulder sangat baik dalam adaptasi terhadap hilangnya frame video. 3 pola frame yang hilang dengan jumlah GOP yang berbeda menghasilkan nilai rata-rata MOS=2. Hasil penelitian ini dapat dimanfaatkan dalam pengaturan strategi transmisi video layanan Video on Demand (VOD) ( VOD) - VOD (D).",ai
Jurnal Komputer Terapan PCR (IndoT5 Parafrase),2017,"Di dalam sebuah halaman web, model ekstraksi tabel HTML dengan pendekatan semantic tree dan menggunakan SOA dalam proses loading data ke database, model yang dihasilkan telah berhasil mengekstrak tabel dari halaman web dengan 3 jenis bentuk layout, yaitu kolom pertama, kolom pertama dan kolom pertama (column-row wise table), setelah diekstraksi, tabel tersebut disimpan dalam basis data untuk tujuan penggunaan yang lebih lanjut, dan untuk menyimpannya dalam DBMS. , sehingga ekstraksi dapat dilakukan secara otomatis. (c) (d) , dan sebagai data yang berbeda. `` ` _ ` - , dll.",ai
Jurnal Sisfokom ISB Atma Luhur (IndoT5 Parafrase),2017,"Ini menggunakan metodologi penelitian Analytical Hierarchy Process (AHP) dan Software Expert Choice sebagai tools, karena pentingnya skripsi dalam proses pendidikan mahasiswa strata satu, perguruan tinggi, khususnya STMIK Athaluhur, harus memperhatikan beberapa faktor yang dapat mempengaruhi keberhasilan proses penulisan dan bimbingan skripsi ini, dengan bobot mencapai 32,9%, dan alternatif yang terpilih sebagai studi tertinggi adalah SPK dengan bobot 32,4%.",ai
Jurnal Sisfokom ISB Atma Luhur (IndoT5 Parafrase),2013,"TIK pada proses pengelolaan data adalah manajemen pengelolaan data yang merupakan aset penting bagi perusahaan atau organisasi, dan langkah-langkah perbaikan berkelanjutan (continuous improvement) terhadap tata kelola TI, khususnya dalam hal pemrosesan dan dukungan, serta pemantauan dan evaluasi, diharapkan dapat meminimalisasi risiko ancaman yang disebutkan di atas. Implementasi Tata Kelola Teknologi Informasi dengan menggunakan Cobit Framework 4.",ai
Jurnal Sisfokom ISB Atma Luhur (IndoT5 Parafrase),2013,"Di dunia bisnis, kebutuhan akan teknologi informasi pada saat ini merupakan kebutuhan yang sangat penting, karena sudah banyak jalan bisnis yang dikendalikan menggunakan teknologi informasi dan tidak lepas dari teknologi informasi dalam pengembangan bisnisnya, untuk itu penulis berusaha memberikan solusi bagi pimpinan CV. Berkat Bersama dengan cara membuat sistem yang terkomputerisasi menggunakan bahasa pemrograman PHP agar proses penjualan ini berjalan lancar dan tentunya dapat menguntungkan pemilik perusahaan. , khususnya bagi perusahaan yang bergerak di bidang perdagangan. --- Untuk itu, penulis mencoba memberikan solusi kepada pemilik perusahaan tentang bagaimana proses penjualan tersebut dapat berjalan dengan lancar dan menguntungkan perusahaan.",ai
Jurnal Sisfokom ISB Atma Luhur (IndoT5 Parafrase),2013,"Untuk mencapai tujuan tersebut, alat bantu yang digunakan antara lain, Bahasa Pemrograman, Alat Bantu Pengembangan Sistem (FOD, SDLC, UML dan ERD dan Basis Data, metode pengujian menggunakan metode berorientasi obyek, spesifikasi perangkat lunak menggunakan Visual basic 6 sebagai bahasa pemrograman dan Access sebagai database. Dari hasil penelitian yang diperoleh, saran-saran sangat diperlukan untuk dapat diberikan oleh penulis, yaitu bahwa sistem ini masih dapat dikembangkan untuk menjadi sistem informasi pembayaran biaya komite berbasis jaringan yang lebih baik dan efisien sesuai dengan kebutuhan dan perkembangan teknologi dan juga diperlukan pelatihan dalam teknologi informasi. aplikasi yang tepat sasaran tersebut.",ai
Jurnal Sisfokom ISB Atma Luhur (IndoT5 Parafrase),2013,"KPPU di Indonesia harus didasarkan pada dua metode, yaitu dengan menggunakan Pedoman Standarisasi Internasional dan dengan menggunakan referensi terbaik yang diperoleh dari pengalaman para praktisinya, untuk memfasilitasi kegiatan tersebut, diperlukan sebuah sistem penampungan, penyajian dan berbagi pengetahuan yang berbasis web dan pembentukan komunitas yang keanggotaannya relatif lebih mudah dan murah. , yang mencakup tiga tahap utama siklus pengembangan pengetahuan, yaitu capturing, sharing and dissemination.",ai
Jurnal Sisfokom ISB Atma Luhur (IndoT5 Parafrase),2016,"Di Jawa Barat, aplikasi ini dilengkapi dengan animasi, teori, dan pendapat terkemuka, untuk meningkatkan pemahaman dan memudahkan pengguna dalam mendapatkan informasi tentang tempat wisata di Jawa barat, mengetahui tempat wisata yang menarik di Jawa Barat dan memiliki standarisasi informasi yang diketahui dari informasi yang diterima, sehingga banyak orang dapat memutuskan tempat wisata mana yang cocok berdasarkan hasil penelitian pembelajaran ini. 5 Aplikasi ini menggunakan metode White Box, untuk menganalisis alur aplikasi dan black box, untuk menguji semua tombol pada aplikasi, dan untuk mengetahui pendapat pengguna tentang aplikasi yang telah dibuat 6. 43, untuk tujuan aplikasi tersebut 45 s untuk membuat aplikasi yang relevansi - , dan menarik -tempat wisata yang sesuai dengan mudah. ` untuk memilih tempat yang cocok untuk tujuan yang cocok 1 , yang cocok.",ai
Jurnal Sisfokom ISB Atma Luhur (IndoT5 Parafrase),2016,", Buttle F, Costumer Relationship Management adalah salah satu strategi bisnis untuk meningkatkan keuntungan, pendapatan, dan kepuasan pelanggan dengan cara mengatur segmentasi konsumen, cara memberikan perlakuan terhadap konsumen, dan menerapkan proses customer-centric. Penerapan e-commerce berbasis web pada Gudang Distro bertujuan untuk mempermudah pembeli dalam melakukan proses pembelian, dan untuk memuaskan pelanggan, menerapkan sistem E-Commerce dengan CRM yang berbasis web (CRM).",ai
Jurnal Sisfokom ISB Atma Luhur (IndoT5 Parafrase),2016,"(2) Dalam penggunaan aplikasi ini, penulis melakukan uji coba langsung terhadap siswa/i di Sekolah Dasar Perguruan Buddhi, kurangnya pendidikan dasar yang diperoleh tentang pentingnya mengetahui dan mempelajari pakaian adat, senjata tradisional, rumah adat, dan tarian tradisional di Indonesia. Oleh karena itu, alat bantu ajar yang dikembangkan dapat menambah wawasan pengguna, mengembangkan pengetahuan budaya Indonesia pada anak sejak dini, dan memudahkan anak-anak untuk mempelajari pengetahuan tentang pakaian tradisional, tarian tradisional, Rumah Adat, dan Senjata Tradisional di Indonesia, oleh karena itu diperlukan suatu aplikasi yang dapat membantu dalam mengembangkan pengetahuan mengenai pakaian adat dan senjata tradisional di mana.",ai
Jurnal Sisfokom ISB Atma Luhur (IndoT5 Parafrase),2016,"Di kota Pangkalpinang saat ini terdapat banyak SMA Swasta yang bersaing baik dalam hal fasilitas, tenaga pengajar, prestasi, maupun kegiatan ekstrakurikuler, dengan menggunakan metode Analitycal Hierarchy Procedure (AHP), yang merupakan metode untuk memecakan situasi yang tidak terstruktur ke dalam beberapa komponen dalam bentuk hierarki, member penilaian subjective yang diberikan oleh responden ahli dengan tingkat konsistensi tidak kurang atau sama dengan 10%, menggunakan aplikasi Expert Choice. Keputusan pemilihan SMA Swasta dapat disimpulkan sebagai acuan bagi calon siswa untuk memilih sekolah mana yang terbaik. dan alternatif yang paling tidak lebih dari , yaitu 23, yang paling banyak pilihan yang paling relevansi yang paling sedikit. , yang lebih dari yang lebih besar, yang sesuai.",ai
Jurnal Sisfokom ISB Atma Luhur (IndoT5 Parafrase),2016,"zachman framework adalah salah satu EAP yang paling banyak digunakan dalam merancang perencanaan sistem informasi yang sistematis, langkah-langkah terstruktur yang disediakan oleh Zachman Framework membantu manajemen operasional organisasi atau instansi dalam mengembangkan kompetensi sumber daya manusia dalam kegiatan operasional yang berjalan. Dengan menggunakan Zachman framework ini, informasi secara rinci tentang lingkungan sistem dapat diperoleh. dengan menggunakan zechman framwork, ini dapat membantu manajemen operasi organisasi atau Instansi dalam menyusun kewenangan SDM dalam kegiatan operasi yang sedang berlangsung dapat diperoleh secara sistematis dan deskriptif.",ai
Jurnal Sisfokom ISB Atma Luhur (IndoT5 Parafrase),2016,"router Mikrotik RouterBoard adalah sebuah board routing yang di dalamnya sudah terinstal MikroTik RouterOS, yaitu sistem operasi berbasis Linux yang berisi fitur layanan hotspot, pengguna dapat melakukan login tidak hanya pada satu waktu tetapi dapat dilakukan berkali-kali, selama kredit voucher telah mencapai batas kredit, penggunaan akses internet ini dapat dilaporkan secara harian, mingguan, bulanan, dan tahunan dengan menggunakan Winbox. Pengaksesan Internet ini dapat dilakukan secara terpusat dan terekaputilasi, dan secara otomatis dihentikan oleh sistem. Penggunaan Akses Internet ini harus dilakukan secara berkala. ( ) (c) s (l) ` (m - () ) untuk (e ) - Layanan Hotspot.",ai
Jurnal Sisfokom ISB Atma Luhur (IndoT5 Parafrase),2016,"(1) Penelitian ini merupakan penelitian lanjutan dari penelitian sebelumnya, penelitian sebelumnya membahas model pembelajaran, desain sistem sebelum mengimplentasikannya ke dalam aplikasi pembelajaran di taman kanak-kanak berbasis web, dan hasilnya adalah aplikasi pembelajaran berbasis web yang dapat diakses oleh orang tua murid dan guru, dengan menggunakan bahasa pemrograman PHP, sehingga akan memudahkan guru dalam mengelola data pembelajaran. untuk menerapkannya ke bahasa pemrograman. untuk diterapkan ke dalam bahasa pemrograman, dan aplikasinya adalah aplikasi Sistem Informasi Pembelajaran untuk Taman Kanak-kanak yang berbasis web. - Sekolah Dasar - Sekolah Menengah - Aplikasi Sistem Informasi Pendidikan - Aplikasi Pembelajaran - Pembelajaran - Kegiatan Pembelajaran - Pendidikan - Pembelajaran , Pembelajaran - Proses Pembelajaran - proses pembelajaran - aplikasi pembelajaran - Aplikasi pembelajaran - sekolah dasar - sekolah berbasis web - sekolah - aplikasi. aplikasi pembelajaran pendidikan - siswa - pembelajaran - anak-sekolah.",ai
Jurnal Sisfokom ISB Atma Luhur (IndoT5 Parafrase),2016,"TIK Universitas X merupakan institusi pendidikan yang fokus pada pendidikan keguruan, tetapi beberapa tahun ini telah dibuka jurusan teknik informatika yang menekankan pada penguasaan komputer pada mahasiswanya, begitu pula dengan pengajarnya yaitu dosen dibagi menjadi beberapa kelompok, yaitu dosen tetap satu, dan dosen tetap dua, karena ruang kelas sangat terbatas, maka penempatan ruang kelas harus diatur sedemikian rupa untuk meningkatkan kualitas pembelajaran agar perkuliahan dapat berjalan dengan baik. Oleh karena itu, analisis manajemen proyek diperlukan untuk mengembangkan sistem informasi penjadwalan perkuliahan. khususnya di jurusan Teknik Informatika, dan lain-lain.",ai
Jurnal Sisfokom ISB Atma Luhur (IndoT5 Parafrase),2016,"(TI) dapat diadopsi sebagai kemampuan organisasi untuk meningkatkan kinerja organisasi dalam rangka memenuhi peraturan pemerintah, meningkatkan profitabilitas dan meningkatkan posisi kompetitif di pasar, tujuan dari penelitian ini adalah untuk mengembangkan model kemampuan IT berdasarkan kualitas infrastruktur TI yang digunakan oleh organisasi untuk mendukung proses bisnis, model ini akan diuji menggunakan model persamaan struktural berdasarkan data yang dikumpulkan dari organisasi di kota palembang. Data yang dikumpulkan akan dianalisis dengan menggunakan perangkat lunak SPSS dan AMOS. Hasil penelitian ini diharapkan dapat mengembangkan model baru tentang Infrastruktur TI, yang merupakan kontribusi asli untuk literatur sistem informasi, khususnya hubungan antara Infrastruktur TI terkait dengan kinerja organisasi harus dikembangkan pada model yang relevan untuk meningkatkan kemampuan organisasi.",ai
Jurnal Sisfokom ISB Atma Luhur (IndoT5 Parafrase),2016,", aplikasi yang digunakan dalam mencari diagnosa kerusakan komputer memiliki berbagai macam kerusakan dari kerusakan ringan hingga berat yang menyebabkan banyak layanan center yang dibuka, tetapi metode Vikor dapat melakukan proses rating untuk rekomendasi solusi yang akan dilakukan oleh pengguna dengan tingkat keberhasilan 99% sesuai dengan Rekomendasi Ahli, Untuk mengatasi hal ini, dibangunlah aplikasi yang menggunakan metode black box. Dari hasil pengujian yang dilakukan dapat disimpulkan bahwa algoritma Breadth First Search dapat melakukan pencarian solusi melalui pemilihan gejala yang ada, kemudian metode vikor dapat memberikan proses penilaian untuk menyarankan solusi yang diinginkan oleh.",ai
Jurnal Sisfokom ISB Atma Luhur (IndoT5 Parafrase),2016,"Untuk mengatasi data tersebut diperlukan aplikasi yang dapat menyandikan atau mengenkripsi data tersebut, mekanismenya adalah data-data tersebut discan terlebih dahulu, kemudian file image hasil scan akan di enkripsi menggunakan algoritma Blowfish terlebih dahulu baru kemudian di enkripsi dengan algoritma Base64, aplikasi menggunakan bahasa pemrograman PHP. Data tidak dapat dibuka oleh pihak yang tidak bertanggung jawab yang tidak memiliki kunci untuk enkripsi dan dekripsi file, data tidak dapat diakses oleh orang yang tidak berwenang. Tidak dapat membuka kunci untuk sandi dan enkripsi file, dan tidak dapat digunakan. - Data - data yang tidak dapat mengakses data yang memiliki kunci enkripsi dan mendekripsi data yang dapat digunakan untuk melakukan tindakan kriminal seperti data.",ai
Jurnal Sisfokom ISB Atma Luhur (IndoT5 Parafrase),2016,"Di sisi lain, ada dampak negatif berupa penyadapan yang menyebabkan data dan informasi diambil atau dimiliki oleh pihak yang tidak memiliki otoritas atau hak akses untuk mengubahnya, sehingga aplikasi pengamanan data berbasis desktop ini dibuat menggunakan bahasa pemrograman Visual basic. Aplikasi ini memiliki 2 (dua) fasilitas, antara lain: enkrip dan dekrip berkas, agar data tersebut aman dari pihak-pihak yang tidak diotorisasi, dengan tujuan untuk mengamankan data tersebut dari orang-orang yang tidak berwenang.",ai
Jurnal Sisfokom ISB Atma Luhur (IndoT5 Parafrase),2017,"TIK saat ini sangat pesat, karena semakin banyak perusahaan swasta, instansi pemerintah dan institusi pendidikan membutuhkan layanan informasi yang sangat cepat, karena pelanggan harus datang ke PT. Vinotindo Graha Sarana untuk mendapatkan informasi dan melakukan pemesanan, itu memakan waktu yang lama dalam transaksi penjualan. Diharapkan dengan sistem penjualan berbasis web akan meningkatkan penjualan dan mempercepat transaksi penjualan dengan pelanggan, sehingga pelanggan akan lebih mudah untuk melakukan transaksi penjualan, diharapkan dengan sistem pemasaran berbasis web dapat mempercepat penjualan dan memudahkan pelanggan.",ai
Jurnal Sisfokom ISB Atma Luhur (IndoT5 Parafrase),2017,"Semakin meningkatnya penggunaan aplikasi mobile pada saat ini telah menyebabkan para penjual e-commerce mengembangkan aplikasi yang dapat diakses melalui mobile phone untuk lebih mudah memasarkan dan lebih mudah dalam pemesanan produk, selain itu aplikasi android digunakan untuk lebih menarik minat pelanggan dalam berbelanja. Hasil penelitian menunjukkan bahwa secara empiris terdapat pengaruh negatif terhadap minat beli pelanggan, karena toko ABC kekurangan tenaga kerja untuk menginput data ke aplikasi dan untuk melakukan otorisasi registrasi bagi pelanggan baru yang menginstal aplikasi.",ai
Jurnal Sisfokom ISB Atma Luhur (IndoT5 Parafrase),2017,"Di dalam paper ini, penulis membahas beberapa isu metodologi terkait dengan pengembangan sistem informasi olahraga, dan menggambarkan manfaat yang diberikan kepada organisasi olahraga terhadap penerapan sistem informasi dalam operasional organisasi, dalam hal ini PBTI dipilih sebagai studi kasus. Dalam paper tersebut penulis membahas manfaat menggunakan penelitian sebagai mekanisme untuk menjelajahi masalah terkait untuk membentuk sistem informasi yang ideal.",ai
Jurnal Sisfokom ISB Atma Luhur (IndoT5 Parafrase),2017,"Ini adalah metode yang dapat diterapkan pada aplikasi kecerdasan buatan untuk membantu orang tua dalam memperhatikan perkembangan anak-anak, dan memberikan saran yang disarankan terhadap gangguan tersebut berdasarkan gejala yang sebelumnya dipilih oleh pengguna, dengan tingkat akurasi persentase hasil kebenaran sebesar 71,43%, yang diperoleh dari pengujian aplikasi oleh ahli psikolog anak. , aplikasi ini dibuat dengan menggunakan metode Certainty Factor, dimana nilai kemungkinan gangguan yang dialami anak diperoleh dari gejala yang telah dipilih sebelumnya oleh pengguna.",ai
Jurnal Sisfokom ISB Atma Luhur (IndoT5 Parafrase),2017,"(2) Keberhasilan alumni di dunia kerja atau industri merupakan salah satu tolak ukur keberhasilan perguruan tinggi dalam mendidik dan menghasilkan lulusannya, dengan data keberhasilan alumni yang akurat, universitas dapat menggunakan data tersebut sebagai acuan untuk menentukan perbaikan atau peningkatan di berbagai sektor di dalam tubuh universitas itu sendiri, dengan peningkatan yang didasarkan pada data tracer study diharapkan dapat lebih diterima oleh seluruh pemangku kepentingan. -- Dengan mengumpulkan data yang banyak, diharapkan bahwa pengembangan universitas akan lebih mudah, cepat, dan murah. , berdasarkan data TRACERSTUDI yang lebih baik dan lebih murah, dengan meningkatkan data yang lebih disukai oleh peningkatan yang lebih mudah dan biaya yang lebih efisien. s , dan pengembangan universitas lebih diterima. (pertumbuhan) , untuk tujuan peningkatan yang relevansi , dll , dari mereka sendiri.",ai
Jurnal Sisfokom ISB Atma Luhur (IndoT5 Parafrase),2017,"Ini adalah teknologi 3G/UMTS yang digunakan oleh setiap operator telekomunikasi, setelah sebelumnya GSM lalu diikuti oleh CDMA, tetapi biasanya harga murah yang ditawarkan oleh operator 3G tidak menjamin kualitas layanan, misalnya akses data yang sulit sekali terhubung atau bahkan tiba-tiba putus saat kita melakukan koneksi. Untuk mengetahui penyebab kegagalan koneksi tersebut, dengan mengambil studi kasus apakah cuaca merupakan penyebab dari kegagalan koneksi pada jaringan 3G.",ai
Jurnal Sisfokom ISB Atma Luhur (IndoT5 Parafrase),2017,"DOR Futsal Baturaja adalah salah satu olahraga yang populer di Indonesia, selain lapangan yang bagus, sistem penyewaan lapangan yang masih manual akan membuat lamanya proses pencatatan dan pencarian informasi yang diminta untuk mengambil keputusan, serta sistem pemesanan yang harus dilakukan secara tatap muka dan datang langsung ke lokasi tertentu akan memakan waktu yang cukup lama untuk melakukanya. - Sistem sewa dan pendataan berbasis mobile akan membuat proses sewa lapangan lebih efektif dan efisien. dan waktu yang diperlukan untuk melakukan sewa lapangan menjadi lebih efisien dan efektif, sehingga proses sewa dapat dilakukan lebih efisien. aplikasi mobile akan menghemat waktu untuk melakukan pekerjaan.",ai
Jurnal Sisfokom ISB Atma Luhur (IndoT5 Parafrase),2017,"( 1 ) Tujuan utama dari penelitian ini adalah untuk memberikan hasil peramalan biaya pakan ternak ayam potong menggunakan metode exponential smoothing diharapkan dapat membantu dalam membuat sistem informasi berbasis web yang dituangkan dalam bentuk website ini dapat mempermudah pengusaha ternak ayam dalam membutuhkan pakan ternak dan metode ex-ponentials smoothing mempermudah informasi dalam peramalan pakan ternak untuk perusahaan peternakan ayam, dengan tujuan untuk memudahkan dalam melihat informasi mengenai biaya pengolahan pakan ternak pada PT.",ai
Jurnal Sisfokom ISB Atma Luhur (IndoT5 Parafrase),2013,"(2) Penjualan dan Pembelian Tunai adalah salah satu kegiatan penting dalam setiap perusahaan, terutama yang bergerak di bidang perdagangan, transaksi penjualan dan pembelian tunai yang ada pada Praktek Dokter Roy Jhanna Gintung dimulai dari proses pemesanan barang oleh pelanggan, proses pembuatan nota sebagai bukti pembayaran, sampai dengan pembuatan laporan yang ditunjukkan kepada pimpinan. Dengan menggunakan sistem komputerisasi yang diusulkan ini, kemungkinan proses penjualan dan penjualan tunai yang dilakukan menjadi lebih mudah dan cepat. , dan juga dapat mengatasi masalah tersebut. - - sistem penjualan dan transaksi yang relevansi s , dan untuk tujuan - Sistem telah ini ` ` yang berkaitan dengan mereka sendiri dan transaksi tersebut ; layanan produk yang bersangkutan tentang nya.",ai
Jurnal Sisfokom ISB Atma Luhur (IndoT5 Parafrase),2013,"Di Brankas adalah salah satu target pencurian, penulis memperkenalkan sebuah alat yang dapat mencegah dan paling tidak menghambat aksi kejahatan tersebut menggunakan sinar laser dengan bantuan Mikrokontroler Arduino Nano dan Uno R3. Keunggulan alat ini dapat mendeteksi benda asing menggunakan sensor cahaya dilengkapi dengan Buzzer dan Keypad, yang akan mengeluarkan suara atau suara jika ruangan tidak aman atau disusupi oleh pihak yang tidak berwenang.",ai
Jurnal Sisfokom ISB Atma Luhur (IndoT5 Parafrase),2013,"Untuk memfasilitasi guru dan siswa dalam mencari informasi, memudahkan pekerjaan menggunakan komputer, lebih mudah untuk terhubung ke jaringan internet dan berbagi data antara satu komputer dengan komputer lainnya, metode dalam penelitian ini menggunakan observasi, wawancara dan studi literatur. Hasil yang dicapai dalam Penelitian ini adalah memaksimalkan dalam mengakses internet dan dalam berbagi data, sehingga lebih mudah bagi guru atau siswa untuk mencari informasi di dunia maya.",ai
Jurnal Sisfokom ISB Atma Luhur (IndoT5 Parafrase),2014,"Ini adalah perusahaan yang bergerak di bidang penjualan komputer dan aksesorisnya, yang memiliki berbagai masalah, salah satunya adalah dalam hal pemasaran dan pelayanan terhadap pelanggan, hanya dengan mengirimkan SMS ke aplikasi ini dengan format yang telah ditentukan, sehingga secara otomatis akan direspon oleh aplikasi ini. Cara mengirimkan SMS sama seperti kita biasanya, hanya saja format yang digunakan berbeda karena telah ditentukan oleh aplikasi tersebut. , selain cepat mendapatkan informasi, pelanggan juga dapat melakukan pemesanan di mana saja dan kapan saja. dan di mana-mana mereka dapat melakukannya. - Pemes - Aplikasi ini - Layanan pesan online - Layanan. - layanan yang lain - Layanan yang lain.",ai
Jurnal Sisfokom ISB Atma Luhur (IndoT5 Parafrase),2014,"(2) Tujuan dari penelitian ini adalah untuk menghasilkan karya nyata mengotrol suatu alat elektronik secara sistem otomatis dengan menggunakan Visual basic 2010 yang terhubung dengan perangkat elektronik dan dapat mengontrol alat elektronik ini pada jarak jauh. Metode penelitian yang digunakan adalah dengan metode pengumpulan data dan pengembangan sistem (Prototipe). Dimana penulis mengumpulkan data yang diperlukan dan mendengarkan permintaan pengguna, kemudian membangun prototipe tersebut. 1 Kesimpulan bahwa Kontrol Alat Elektronik Menggunakan Visual Basic 2010 dapat dikoneksikan dengan Device Controller yang terhubung ke alat elektronik. dan dapat dikontrol secara jarak jauh.",ai
Jurnal Sisfokom ISB Atma Luhur (IndoT5 Parafrase),2014,", Salma Shoes adalah sebuah perusahaan yang bergerak di bidang penjualan, penjualan tunai merupakan salah satu kegiatan penting dalam setiap perusahaan, terutama yang bergerak dalam perdagangan, transaksi penjualan tunai yang ada pada Salma Store masih dilakukan secara manual mulai dari proses pemesanan barang, pembuatan nota sebagai bukti pembayaran, sampai dengan pembuatan laporan. Dengan menggunakan sistem komputerisasi yang diusulkan ini, kemungkinan proses penjualan tunai dapat dilakukan menjadi lebih sederhana dan lebih cepat. , dan lebih banyak kesalahan dalam perhitungan dalam sistem penjualan tunai tersebut. dan lebih mudah dan cepat. - hal ini akan lebih baik untuk mengatasi masalah ini, dan untuk menangani masalah tersebut, dan sebagai akibatnya. prosedur yang diperlukan untuk menyelesaikan masalah yang relevansi.",ai
Jurnal Sisfokom ISB Atma Luhur (IndoT5 Parafrase),2015,"(1) Tujuan dari penulisan skripsi ini adalah untuk menciptakan program aplikasi yang dapat menambah wawasan dan memudahkan siswa dalam pembelajaran biologi, khususnya sistem reproduksi manusia, dengan menggunakan bahasa pemrograman Flash CS3 dan selain menampilkan materi pelajaran, juga menampilkan uji kompetensi siswa untuk memperjelas materi yang disampaikan oleh guru, dan aplikasi ini ditujukan kepada siswa SMP kelas IX. 2, dengan tujuan untuk mencapai tujuan yang baru. dan tidak membuat siswa bosan dalam kegiatan belajar mereka di sekolah. - Sekolah Menengah Kejuruan, dan dengan demikian, dengan maksud dan dengan cara yang telah ditetapkan oleh penulis, aplikasi ini, dengan judul ini, sebagai berikut , yang relevansi , aplikasi tersebut, dan untuk tujuan yang lebih lanjut, yang lebih baik. , dalam hal- , dan metode pembelajaran yang lebih rinci, dan pengenalan siswa , dll , , Aplikasi.",ai
Jurnal Sisfokom ISB Atma Luhur (IndoT5 Parafrase),2015,"Alam Sutera Realty, yang bergerak di bidang pemasaran real estat yang menerapkan sistem cluster di kawasan perumahan, hal ini membuat pendataan dari mulai penghuni, tamu yang berkunjung, sampai pembayaran iuran keamanan penghuni dari setiap cluster sangat penting. Oleh karena itu, sistem informasi data kependudukan dirancang untuk memfasilitasi divisi properti dalam menjalankan bisnisnya dan dalam menetapkan kebijakan. Keputusan yang dibuat menjadi fasilitas yang sangat berguna bagi perusahaan dalam mengembangkan bisnisnya dan menetapkan kebijakannya.",ai
Jurnal Sisfokom ISB Atma Luhur (IndoT5 Parafrase),2015,"( 1 ) Penelitian ini dilatar belakangi oleh Pembelajaran Matematika di Sekolah Dasar, pembelajaran yang menggunakan metode dan media yang tepat dapat merangsang minat dan motivasi siswa untuk belajar, dengan menambahkan materi pelajaran matematika yang kurang, guru dapat mengimput nilai dari soal-soal yang dikerjakan siswa. Dari latar belakang ini, penelitian ini menghasilkan program matematika yang lebih mudah dipahami dan juga menampilkan antarmuka yang menarik, membantu guru untuk menyajikan materi matematika dasar. Program tersebut harus dikembangkan lebih lanjut, agar program tersebut sesuai dengan standar kompetensi tingkat pendidikan yang ada. (2) ) (3) `` ` ,.",ai
Jurnal Sisfokom ISB Atma Luhur (IndoT5 Parafrase),2015,", banyak orang menggunakan kemajuan teknologi seperti kamera pengawas atau CCTV untuk membantu aktivitas manusia sehari-hari, misalnya dalam pengamanan barang berharga, rumah, kebun, dan sebagainya, bahkan penggunaan CCTV telah menyebar ke berbagai negara bagian, namun tidak mampu menghentikan aksi pencurian, meskipun CCTV telah dimanipulasi oleh petugas keamanan, sensor PIR, dan modem Fasttrack diharapkan dapat membantu pengguna yang memiliki jadwal yang padat. , tetapi mereka tidak dapat merekam aksi mereka, dan tidak dapat mengambil tindakan pencegahan dengan cepat. dan tidak dapat memantau keadaan mereka sendiri. Dengan demikian, sehingga mereka dapat menjaga situasi ini, dan membuat mereka dapat melakukannya dengan tenang. (CCTV) , dll , dan pemantauan, dll, dll. - teknologi, dll - teknologi yang lain-teknologi, karena kurangnya pengawasan yang bersangkutan, tetapi tidak dapat mencegah pencurian, dan menahan diri mereka sendiri, dan mengganggu mereka.",ai
Jurnal Sisfokom ISB Atma Luhur (IndoT5 Parafrase),2015,"Untuk membantu tim pemasaran yang lokasinya jauh dari kantor dalam memberikan data pengajuan kredit motor honda dan mengakses informasi melalui smartphone dengan sistem operasi android, penulis menggunakan metode observasi, wawancara, teknik studi pustaka, pada metode analisis penulis menganalisa kebutuhan dan melalui hasil tersebut penulis merancang tahapan yang akan dilakukan. aplikasi yang dibangun menggunakan bahasa pemrograman java (eclipse), dengan menggunakan android SDK (Software Development Kit) sebagai pengembang. Kesimpulan yang diperoleh adalah bahwa pengguna aplikasi harus memiliki ID dan password untuk login ke aplikasi.",ai
Jurnal Sisfokom ISB Atma Luhur (IndoT5 Parafrase),2015,", Smartphone adalah alat yang di lengkapi dengan sistem operasi Android, Android adalah platform mobile pertama yang lengkap dan gratis yang dikembangkan dengan menggunakan perangkat lunak pengembangan perangkat lunak (SDK) dengan tools yang cukup untuk mengembangkan aplikasi yang menarik bagi siswa karena terbatasnya jarak dan waktu untuk melihat nilai siswa saat ini, siswa harus datang ke sekolah. Untuk itu diharapkan aplikasi informasi akademik berbasis android dapat membantu siswa karena keterbatasan waktu dan ruang untuk mengakses nilai siswa melalui media smartphone tanpa perlu datang ke Sekolah. , dan juga akan berdampak langsung pada pendidikan di Indonesia. - aplikasi ini akan membantu siswa untuk mendapatkan nilai siswa , sehingga dapat diakses oleh siswa. (A) yang dapat digunakan untuk meningkatkan layanan pendidikan yang canggih untuk sekolah yang telah menjadi aplikasi berbasis anda yang canggih yang canggih , aplikasi yang canggih.",ai
Jurnal Sisfokom ISB Atma Luhur (IndoT5 Parafrase),2014,"(1) Tujuan dari penelitian ini adalah untuk menganalisis, merancang dan mengimplementasikan sistem sirkulasi perpustakaan XYZ menjadi terkomputerisasi untuk mengatasi masalah yang ada, sehingga layanan kebutuhan informasi terhadap ketersediaan buku yang ada di Perpustakaan XYz dapat melayani transaksi sirkulasi data (peminjaman, pengembalian), data pencarian buku dan pembuatan laporan menjadi lebih cepat, tepat dan tepat waktu. , dan pada saat yang sama, penulis berharap bahwa penulisan ini dapat membantu XY Z dalam mengembangkan perpustakaan XyZ. dan tepat waktu, dan akurat. - jumlah kebutuhan informasi dan ketepatan waktu yang tepat dan ketepatan dan tepat dan akurat dan terlambat dan waktu yang diperlukan.",ai
Jurnal Sisfokom ISB Atma Luhur (IndoT5 Parafrase),2014,"Semakin meningkatnya teknologi dizaman ini dan pengembangan untuk mendeteksi kerusakan mobil dari beberapa jenis kerusakan, mulai dari ciri-ciri gejala kerusakan, jenis kerusakan dan solusi kerusakan yang terjadi pada mobil, dengan mengembangkan aplikasi ini, berdasarkan hasil analisa dan pembahasan sistem pada rancangan algoritma dan basis pengetahuan, termasuk tabel pakar, rule-rule pakar dan pohon keputusan yang menggambarkan program, sehingga dengan ini dapat ditarik beberapa kesimpulan dan saran untuk mengembangkan aplikasi tersebut. Sistem pakar ini dirancang untuk membantu pemilik mobil dalam mengatasi masalah yang sering terjadi pada komponen mobil mereka. , dan sebagai konsekuensinya, dan yang penting untuk pengembangan aplikasi ini , yang diperlukan. aplikasi ini - aplikasi ini. ( ) , aplikasi yang diperlukan , , dll , dari kerusakan yang perlu diperbaiki, dan solusi yang diperlukan oleh aplikasi ini aplikasi tersebut , untuk aplikasi ini:. aplikasi tersebut, dan aplikasi yang relevansi yang diperlukan untuk aplikasi.",ai
Jurnal Sisfokom ISB Atma Luhur (IndoT5 Parafrase),2014,"Eagle Indo Pharma) adalah salah satu perusahaan yang bergerak di bidang farmasi yang berlokasi di Alam Jaya, Kec. Perancangan sistem informasi ini menggunakan bahasa pemrograman Visual basic 6. 0, basis data yang digunakan adalah pemrograman Microsoft Access 2007 dan Sistem Operasi Microsoft Windows XP. Dengan mengikuti perkembangan teknologi informasi yang semakin canggih dan semakin canggih, sistem informasi yang baru diharapkan dapat memberikan fasilitas yang berguna bagi perusahaan untuk melakukan kegiatan penggajian dengan lebih baik dan dapat mencapai tujuan yang telah ditetapkan.",ai
Jurnal Sisfokom ISB Atma Luhur (IndoT5 Parafrase),2015,"( 1 ) Dalam mengembangkan sistem aplikasi media informasi pengenalan tempat pariwisata di Belitung berbasis web, penulis menggunakan beberapa metode dalam penelitiannya, yaitu metode analisis untuk perencanaan, menganalisis, merancang dan mengimplementasikan rancangan sistem, metode desain untuk merancang spesifikasi file sistem serta input dan output layar, metode pengumpulan data, studi pustaka dan kuisioner dari sistem yang dibuat, sehingga dapat disimpulkan bahwa aplikasi Media Informasi Pengenalan Tempat Pariwisata di Belitong ini bermanfaat bagi pengguna, karena mereka tidak tahu tentang tempat wisata di Tanjungpinang, tetapi mereka tidak mengetahui tentang tempat pariwisata tersebut. tempat pariwisata , dll ) , dan menerapkan sistem yang telah dibuat oleh para pengguna yang telah disediakan oleh masyarakat, dan aplikasi yang dibuat. , sebagai berikut , yang telah dikembangkan oleh pengguna, dan mengembangkan sistem yang dirancang oleh pengguna , aplikasi yang disediakan oleh aplikasi yang telah digunakan oleh pengguna. - , pada aplikasi yang diperlukan. , dari sistem tersebut , , untuk tujuan dari sistem.",ai
Jurnal Sisfokom ISB Atma Luhur (IndoT5 Parafrase),2015,"Penghematan listrik! Mungkin slogan ini yang sering diungkapkan oleh pemerintah melalui berbagai cara agar masyarakat dapat memahami dan dapat menghemat penggunaan sumber daya listrik, namun dalam pelaksanaannya masih banyak pihak yang tidak peduli dengan arahan yang diberikan oleh pemerintah ini. Oleh karena itu, alat ini dibuat dengan tidak menggunakan senor, melainkan dengan mikrokontroler ATMEGA8535 yang dihubungkan dengan Relay SPDT sebagai saklar otomatis untuk mengontrol peralatan secara keseluruhan. Penulis menyadai bahwa masih ada kekurangan dalam penulisan dan juga dari alat kontrol lampu ini. Untuk itu harus dikembangkan lebih baik untuk memperbaikinya untuk membuat alat ini () ( ). -alat ini , untuk menjadi lebih baik pada saat ini , sehingga lebih baik. , untuk itu, untuk meningkatkan. ` ini, untuk membuat lebih baik, untuk melakukan hal itu, dan untuk membuat mereka.",ai
Jurnal Sisfokom ISB Atma Luhur (IndoT5 Parafrase),2015,"(FCEA) menggabungkan dua jenis rekombinasi dan tiga jenis mutasi untuk menghasilkan parameter awal berupa tebal d, dengan jumlah lapisan dan indeks bias material lapisan tipis yang sudah ditentukan, fungsi Merit (FM) menunjukkan hasil keakurasian relatif kecil, sekitar 1. Pendekatan FCEA sangat fleksibel dan dapat digunakan untuk berbagai aplikasi. , dan pendekatan FCEA juga sangat fleksibel.",ai
Jurnal Sisfokom ISB Atma Luhur (IndoT5 Parafrase),2015,"Di pabrik atau tempat hiburan, tujuan dari penelitian ini adalah untuk memudahkan pengguna atau pengguna untuk menghitung jumlah pengunjung di ruangan atau gedung. Simulator ini juga berfungsi sebagai penghitung obyek atau barang pada jalur conveyer pada suatu industri. Saran dari hasil percobaan adalah bahwa hanya satu orang yang dapat mendeteksi dan menghitung pengunjung yang masuk dan keluar secara bersamaan. ( 1 ) Dari hasil pengujian mesin simulator tersebut, kesimpulannya adalah bahwa setiap orang yang masuk secara bersamaan hanya dapat mendeteksi satu orang, saran dari hasil uji coba adalah bahwa satu orang hanya dapat mengenali satu.",ai
Jurnal Sisfokom ISB Atma Luhur (IndoT5 Parafrase),2015,"(2) Metode penelitian yang digunakan dengan menggunakan pengumpulan data dan pengembangan perangkat yang terdiri dari perencanaan, analisis, perancangan dan implementasi, serta dilengkapi dengan sensor ultrasonik, water level float switch sensor, LCD, motor servo, pintu air otomatis yang berfungsi untuk mengurangi keteledoran manusia dalam melaksanakan tugas, selain faktor tersebut ketinggian air pada suatu bendungan dipengaruhi oleh banjir kiriman didaerah lain. (Teks dengan relevansi EEA), dan untuk menilai kelayakan atau tidaknya penerapan rancangan ini. ` , dan untuk menilai layak atau tidak - sistem yang lebih efisien, dan implementasi yang dirancang untuk mengevaluasi kelayakan rancangan yang sesuai dengan switch sensor yang dapat diubah ketinggian air yang berubah-sistem yang telah dimodifikasi secara otomatis - , , dll.",ai
Jurnal Sisfokom ISB Atma Luhur (IndoT5 Parafrase),2017,"lab komputer adalah unit pelaksana teknis yang digunakan oleh mahasiswa untuk melaksanakan kegiatan praktikum dengan tujuan untuk mendukung pelaksanaan proses belajar mengajar, laboratorium komputer harus dikelola dengan baik seperti dalam pencatatan administrasi, pendataan inventaris, perawatan komputer dan pelaporan. Untuk mendukung kegiatan tersebut, maka diperlukan sebuah aplikasi yang dapat mempermudah dalam melakukan pencacahan dan menghasilkan keluaran yang lebih mudah dan akurat. ( 1 ) OJ L 201, 30.",ai
Jurnal Sisfokom ISB Atma Luhur (IndoT5 Parafrase),2017,"Di SMP Negeri 10 Pangkalpinang ini, proses pengelolaan data siswa, data nilai, rekap nilai, raport dan laporan, penulis mencoba mengatasi dengan membuat sistem terkomputerisasi, yaitu sistem pengelolaan data yang lebih efisien dari segi waktu dan biaya. Metode yang digunakan dalam tahap pengolahan data nilai ini adalah menggunakan konsep UML, pengelolaan data base menggunakan MQSL, dalam datahap rancangan menggunakan pemrograman visual versi 8. , dan mengimplementasikan sistem pengolahan data Nilai. - Sistem Pengolahan Data Nilai (MQSL) (Teks dengan.",ai
Jurnal Sisfokom ISB Atma Luhur (IndoT5 Parafrase),2016,"SIS Basis Data Terdistribusi adalah bentuk arsitektur sistem di mana komputer yang berdiri secara otonom dapat berkomunikasi dan berbagi sumber daya tanpa peduli di mana mereka berada dan platform yang digunakan, administrator dapat mengendalikan pemanfaatan ruang disk pada tingkat volume dengan menetapkan batas untuk ruang disk yang dialokasikan pada setiap client, untuk mengatasi masalah atau kendala yang dialami karena keterbatasan ruang disk di komputer klien. untuk memenuhi kebutuhan ruang disk dalam penyimpanan data.",ai
Jurnal Sisfokom ISB Atma Luhur (IndoT5 Parafrase),2016,"`` Sistem presensi saat ini telah dikembangkan dalam berbagai jenis, termasuk sistem presensi manual, barcode, sidik jari, iris mata, dan pengenalan wajah, dengan metode Viola-Jones menggabungkan empat kunci utama, yaitu: Haar like feature, Integral Image, AdaBoost Learning, dan Cascade Classifier. Setelah dilakukan pengujian, aplikasi presensi wajah yang diusulkan memiliki tingkat akurasi 90,90%. , dengan adanya perkembangan teknologi mobile saat ini, aplikasi tersebut memiliki tingkat presisi 90. ` aplikasi ini memiliki tingkat keakuratan yang sangat tinggi dari aplikasi yang lebih dari aplikasi pada aplikasi. - aplikasi, aplikasi yang dapat diterima oleh aplikasi , dan aplikasi yang samar untuk aplikasi yang digunakan. , , aplikasi, sebagai aplikasi yang , seperti aplikasi.",ai
Jurnal Sisfokom ISB Atma Luhur (IndoT5 Parafrase),2016,"(b) Pruning dan MTD(f) pada prototipe Connect4 membutuhkan kecerdasan buatan/artificial intelligence agar dapat bermain seperti manusia, tetapi MTD (F) secara rata-rata lebih cepat dan mengevaluasi simpul daun 66,2% lebih sedikit dibandingkan AB Prune. Hasil dari penelitian ini adalah bahwa MTDf lebih optimal dalam memilih langkah dan waktu eksekusinya tidak lambat dan jauh lebih cepat pada kedalaman pencarian/depth yang cukup dalam (c), sedangkan waktu eksekusi MTd(fa), pada depruning, dan ( f) (t) ) , (f ), , dan algoritma (a) a ).",ai
Jurnal Sisfokom ISB Atma Luhur (IndoT5 Parafrase),2016,"SISTEM pengelolaan arsip memiliki peran penting bagi jalannya organisasi, yang dapat bermanfaat sebagai sumber informasi yang dapat digunakan sebagai bahan penilaian dan pengambilan keputusan untuk menyusun program pengembangan organisasi. Pengarsipan berkas pertanggungjawaban anggaran belanja daerah yang dilakukan di Dinas Pemuda dan Olahraga Provinsi Kepulauan Bangka Tengah belum begitu baik, dimana sering terjadi kehilangan file dan tidak pernah dilakukan backup data sehingga file harus dibuat ulang. Oleh karena itu diperlukan sistem informasi yang mampu membantu mengatasi masalah yang ada. ( 1 ) OJ L 127, 7.",ai
Jurnal Sisfokom ISB Atma Luhur (IndoT5 Parafrase),2017,"Untuk mengatasi masalah ini, sistem pengarsipan surat yang lebih terstruktur diperlukan untuk mempercepat pencarian data yang ada, coding huruf dan angka huruf dan pembuatan laporan, sehingga sistem informasi surat penanganan yang diperlukan yang dianggap bagian dari TU Kepala Kantor Gubernur Bangka Belitung dapat membantu Kepulauan Kantor Gubernur Pangkalpinang dalam hal waktu dan energi, kesulitan dalam menjelaskan jenis dan bentuk huruf kode dan nomor surat dan membuat laporan yang tidak efektif dan efisien dengan menggunakan manual. Sistem manual harus digunakan untuk mengatasi masalah tersebut. ( 1 ) OJ L 127, 7. 2006, hlm ( 2 ) ( ). ` di surat yang diperlukan , , dll , dan seterusnya.",ai
Jurnal Sisfokom ISB Atma Luhur (IndoT5 Parafrase),2015,"Untuk meningkatkan efisiensi dan efektivitas proses buka tutup pintu pagar, pengguna harus memiliki remote kontrol wireless RF315, dilakukan inisilisasi ke arduino setiap tombolnya dan jika tombol pada remote ditekan, easy driver berfungi untuk meneruskan perintah ke motor stepper untuk melakukan aksi tarik atau dorong pada pagar, kesimpulan yang diperoleh adalah bahwa setelah aplikasi inisialisasi aplikasi buka kunci pintu pagar rumah otomatis menggunakan remote Control Wireless (RF315), maka akan ada proses pengiriman perintah dari remote ke motor penggerak melalui driver. ( ) (D) , dan efektifitas dari penerapannya, dan efisiensi dan efisiensi dari aplikasi. - , , oleh aplikasi, dan efisien dan efektivitas dari aplikasi , dengan cara kerja dari aplikasi tersebut.",ai
Jurnal Sisfokom ISB Atma Luhur (IndoT5 Parafrase),2015,"(MFM) secara umum adalah aplikasi perhitungan untuk mengetahui bahan bakar pada kapal tanker, dalam hal ini aplikasi ini tidak hanya digunakan untuk menghitung bahan bakar yang digunakan setiap hari pada tanker dengan cara menjalankan smartphone android dan untuk mengetahui sisa volume bahan bakar dari tanker tersebut. Aplikasi ini juga dibangun dengan menggunakan bahasa pemrograman Java dengan emulator eclipse juno. Hasil penelitian Perancangan dan Pembuatan Perangkat Lunak (Metode Waterfall), tetapi juga digunakan sebagai media untuk perusahaan perkapalan.",ai
Jurnal Sisfokom ISB Atma Luhur (IndoT5 Parafrase),2015,", Studi pustaka, metode analisis, metode perancangan, dan implementasi, memberikan kemudahan bagi pengguna atau pemilik rumah untuk mengakses informasi pada rumahnya, di mana setiap komponen seperti arduino, Ethernet sheld, Orange Pi yang bertidak sebagai server mengumpulkan data yang di dapat dari sensor dan kemudian dikirim ke pengguna melalui menu intrface OpenHab. Kesimpulan yang diperoleh adalah bahwa peralatan ini telah diuji dan dapat digunakan untuk mengendalikan rumah jarak jauh yang terintegrasi, dimana pengguna dapat dengan mudah mengendalikan peralatan elektronik pada rumah yang dapat diakses melalui berbagai perangkat, baik PC maupun smartphone. aplikasi ini telah dibuat, yang telah dikembangkan dan digunakan oleh antarmuka ( ) () , dan aplikasi , , dll , yang diimplementasikan, dan , masing-masing- , - , atau , perangkat , dalam pemrograman , dari perangkat tersebut.",ai
Jurnal Sisfokom ISB Atma Luhur (IndoT5 Parafrase),2015,"miracle Agency cabang Bangka adalah Kantor Pemasaran Mandiri (KPM) dari PT. Prudential Life Assurance, yang bergerak di bidang asuransi yang berlokasi di Jalan Alexander blok 9 10 A commercial area citraland dan memiliki lebih dari 300 tenaga pemasaran. Sistem pembelajaran dengan menggunakan teknologi informasi dapat membantu peserta pelatihan atau tenaga pemasaran dalam mempelajari materi pelatihan tanpa harus mengikuti pelatihan sebelumnya. aplikasi mobile learning ini adalah solusi untuk menyelesaikan berbagai masalah pada mirror Agency yang merupakan Kantor Pemasaran mandiri (M-Learning), dan tentunya dengan cakupan waktu yang lebih luas, dan sebagai media penghubung, aplikasi mobile, dan Smartphone sebagai media perantara, dan Aplikasi Mobile , dan Media Komunikasi , , dll , - , yang relevansi, dll, dll.",ai
Jurnal Sisfokom ISB Atma Luhur (IndoT5 Parafrase),2015,"(Strength, Weaknesses, Opportunities, Threats), analisis menggunakan Use Case dan Diagram Activity, perancangan menggunakan Flowchart, algoritma dan gambar dan implementasi yang terdapat pengujian menggunakan metode Black Box. Dalam penelitian ini, televisi dapat mengakses saluran televisi online yang memiliki saluran lebih banyak daripada saluran televisi lokal, tetapi tidak semua fasilitas televisi dalam penelitian ini menggunakan internet. , dengan menerapkan hasil penelitian ini maka televisi sudah bisa memiliki fasilitas smart tv secara gratis. biaya yang relatif murah untuk digunakan oleh masyarakat. - , ) , dan , Internet , TV , dll s ` `s , dari pada l. ; - sebagai - dan _.",ai
Jurnal Sisfokom ISB Atma Luhur (IndoT5 Parafrase),2015,", tetapi kemajuan teknologi sekarang dapat digunakan untuk membantu manusia dalam kegiatan sehari-hari, dengan menggunakan mikrokontroler jenis Arduino AT-Mega 8 yang berukuran kecil mampu disematkan ke dalam sebuah tongkat yang dilengkapi dengan sensor ultrasonik dengan jangkauan pancaran sonar yang mampu mendeteksi objek yang berada dalam jarak yang berbahaya bagi pengguna, mengirimkan suara ke telinga pengguna dengan menggunakan earphone, sehingga pengguna dapat menghindari atau menjauhi objek tersebut, meskipun mereka memiliki kepekaan yang melebihi orang normal pada umumnya, tetapi mereka masih memiliki kesulitan untuk berjalan dengan tenang di daerah seperti jalan raya, dan jalan berbatu. Mereka juga diharapkan mampu memberikan sinyal ke otak mereka dengan cara berjalan dengan cara mereka secara diam mereka, dan mengatasi masalah mereka sendiri. , dan solusinya, dan sebagai berikut: - , , dll , alat ini, yang lebih baik.",ai
Jurnal Sisfokom ISB Atma Luhur (IndoT5 Parafrase),2015,"router digunakan untuk mengatur lalu lintas jaringan, seperti manajemen bandwidth, pemberian IP (DHCP), authentication pengguna, modem sebagai koneksi ke ISP, dan Access Point sebagai koneksi wireless ke klien, dalam menyelesaikan proyek ini beberapa tahap yang harus diselesaikan, yaitu : menentukan Area Akses Jaringan, menentukan topologi jaringan, menentukan spesifikasi alat yang dibutuhkan, dan menentukan IP yang digunakan sesuai dengan kebutuhan jaringan, dan pengujian jaringan (implementasi). ( implementasi ) ( Implementasi ).",ai
Jurnal Sisfokom ISB Atma Luhur (IndoT5 Parafrase),2015,"Semakin berkembangnya berbagai alat komunikasi modern, khususnya smartphone yang dikembangkan oleh berbagai vendor terkemuka di dunia, hal ini juga mempengaruhi dunia pendidikan dan pembelajaran di Indonesia, dengan tujuan untuk mengembangkan media pembelajaran berbasis android, yang dapat membuat siswa lebih tertarik untuk mengikuti pembelajaran. Dalam hal ini, penulis berharap bahwa pengembang yang dapat mengembangkan aplikasi ini dapat membantu siswa dalam memahami materi yang ada dengan lebih baik. eclipse yang digunakan pada penelitian ini. untuk membuat pembelajaran lebih tertarik. , sehingga mereka dapat belajar dengan lebih mudah. - model pengembangan yang digunakan. pendekatan yang akan mengembangkan aplikasi tersebut. pemrograman yang menarik aplikasi yang dirancang untuk mengembangkan aplikasi yang relevansi yang sesuai dengan cara yang relevan dari aplikasi ini. pemrograman di Indonesia sebagai berikut ini (.",ai
Jurnal Sisfokom ISB Atma Luhur (IndoT5 Parafrase),2014,"(Teks dengan relevansi EEA) dan model prototipe dengan pengembangan perangkat lunak yang sudah ada, dan metode pengumpulan data yang digunakan dalam penelitian ini adalah wawancara, observasi dan studi pustaka dari buku-buku yang berkaitan dengan topik. Pemesanan makanan dari pelanggan akan diinput di mobile android oleh pelayan, kemudian view di bagian dapur, bar untuk diproses dan dicetak dibagian kasir. , dan untuk mempercepat sistem pesanan makanan pada restaurant.",ai
Jurnal Sisfokom ISB Atma Luhur (IndoT5 Parafrase),2014,"Di dalam alat yang saya buat ini terdapat dua fungsi yaitu fungsi wiper dan fungsi yang dapat mematikan sepeda motor dari jarak tertentu, pada fungsi Wiper Helm digunakan sensor hujan sebagai alat yang mampu mendeteksi curah hujan dan motor servo sebagai penggerak wiper yang di proses oleh arduino nano, sedangkan untuk menghidupkan motor disediakan keypad pada Arduino Mega yang terletak pada motor yang digunakan sebagai tempat mengisi password untuk menghidupkan sepeda motor, pada pengujian yang dilakukan, motor tidak dapat dimatikan dan motor otomatis tidak dapat dihidupkan dan motor harus dengan menekan tombol yang berada pada motor. - s yang ditempatkan pada sepeda motor. - motor tersebut pada motor ` `. ` dan motor ( ) dan untuk menyalakan motor a dari motor , dan motor.",ai
Jurnal Sisfokom ISB Atma Luhur (IndoT5 Parafrase),2014,"Di bawah perkembangan teknologi saat ini, untuk mengetahui lokasi kesehatan, pendidikan dan pariwisata cukup mudah dengan bantuan webGIS, titik lokasi kawasan pertambangan ditampilkan sedetail mungkin dalam tampilan web yang sederhana sehingga pemerintah dan masyarakat dapat dengan mudah mengetahui lokasi kawasan tambang di wilayah Kabupaten Bangka Tengah yang memiliki izin resmi. , oleh karena itu, aplikasi ini akan memberikan akses informasi yang cepat dan tepat, untuk menghemat biaya dan waktu, sehingga masyarakat dan pemerintah sulit untuk mengetahui lokasinya. untuk menghemat biaya, waktu dan biaya. - Aplikasi ini akan membantu masyarakat untuk membantu masyarakat dalam mencari informasi yang tepat waktu dan aplikasi ini menyediakan aplikasi ini.",ai
Jurnal Sisfokom ISB Atma Luhur (IndoT5 Parafrase),2014,"EClipse Juno dan Dreamwever, aplikasi yang dikembangkan ini akan menjadi aplikasi mobile atau m-commerce yang akan dijalankan pada smartphone android, untuk mempertahankan dan meningkatkan pemasaran produk, sistem penjualan yang dengan teknologi modern akan menjadi alternatif penjualan yang baik. Dengan aplikasi ini konsumen akan lebih mudah melakukan pemesanan atau transaksi pada toko Phone Comp Service, sehingga akan lebih efisien waktu dan juga akan meningkatkan omset penjualan toko. - Aplikasi yang dihasilkan ini akan meningkatkan efisiensi waktu dan meningkatkan penjualan. - Penjualan toko juga akan meningkatnya penjualan toko tersebut. Ini akan meningkatkan penjualan toko () s , dan aplikasi ini akan menghasilkan aplikasi ini dapat meningkatkan penjualan di toko yang efisien waktu.",ai
Jurnal Sisfokom ISB Atma Luhur (IndoT5 Parafrase),2014,"(M-Commerce) adalah sistem perdagangan yang ditingkatkan dengan teknologi modern untuk meningkatkan penjualan Kinza collection dan juga menjadi alternatif penjualan yang baik dengan memanfaatkan teknologi smartphone, PDA, dan lain-lain, sehingga aplikasi Mobile Commerce ini, mudah dalam melakukan transaksi, efektif, efisien dan tentunya dapat meningkatkan omset penjualan pada Kinza Collection, dengan menggunakan metode pengembangan dan pemrograman perangkat lunak berorientasi objek (OOP), merupakan solusi untuk mengatasi masalah pada Kinzo Collective, dengan cakupan pemasaran yang lebih luas dan menambah omset toko. - M-commerce - (Mobile) - bisnis yang akan mengembangkan aplikasi berbasis web - penjualan. , dan memperkenalkan produk yang meningkatkan penjualan toko yang baik.",ai
Jurnal Sisfokom ISB Atma Luhur (IndoT5 Parafrase),2014,"Ini menggunakan password sebagai pengaman dalam alat ini, sehingga pengguna lain yang ingin menjalankan alat ini tidak dapat tanpa mengetahui passwod tersebut, selain itu alat ini dapat digunakan secara manual. Pengontrol alat menggunakan sms dan manual harus menggunakan usb yang benar dan sudah ditentukan, sehingga alat tersebut dapat digunakan kapan saja dan dari mana saja mereka berada. , dan alat tersebut akan dapat dioperasikan secara lancar. dan dari mana pun mereka berada, dapat mengendalikan alat tersebut dengan baik.",ai
Jurnal Sisfokom ISB Atma Luhur (IndoT5 Parafrase),2014,"(1) Tujuan dari penelitian ini adalah untuk menghasilkan karya nyata dalam meningkatkan aspek kenyamanan dan kemudahan yang umumnya digunakan pada masyarakat yang menggunakan air PDAM dalam memantau penggunaan debit air setiap bulannya, yang sebelumnya menggunakan meteran yang tidak semua orang dapat membacanya, dan rangkaian ini dapat bekerja dengan water flow sensor pada mikrokontroler arduino uno, dimana hasil pengukuran kemudian ditampilkan pada LCD 20x4 karakter, yaitu laju air dan volume total. (Teks dengan relevansi EEA), yang dapat dibaca oleh siapa saja.",ai
Jurnal Sisfokom ISB Atma Luhur (IndoT5 Parafrase),2013,"TIK yang berkembang dalam kehidupan sehari-hari, seperti SMS (Sort Message Service) memungkinkan masyarakat untuk mendapatkan atau mengirimkan informasi kapan pun dan di mana pun mereka membutuhkan, penggunaan fasilitas SMS pada setiap telepon seluler juga relatif mudah dan dapat dioperasikan oleh banyak orang. Aplikasi ini juga sangat membantu pihak instansi dalam memberikan informasi secara otomatis kepada semua pelanggannya tanpa pemberitahuan lisan maupun brosur edaran. sehingga biaya yang dikeluarkan lebih murah. , aplikasi ini juga membantu pihak Instansi untuk memberikan informasi dengan cara yang lebih mudah, cepat dan murah, dan mudah. (A) (a) , dan aplikasi ini ( ) ), aplikasi () s , dll ) `. dari aplikasi tersebut sebagai berikut (e).",ai
Jurnal Sisfokom ISB Atma Luhur (IndoT5 Parafrase),2013,"( 1 ) Sistem Informasi Akademik di SMA Negeri 4 Pangkalpinang yang masih menggunakan cara manual yaitu dengan pencatatan pada lembaran kertas, dan penggunaan lembaran kertas pada proses pengolahan data mengakibatkan seringnya terjadi kesalahan dalam penginputan data, seperti pendaftaran, penjadwalan dan nilai. Penggunaan lembaran kertas dalam proses pemrosesan data membuat akses ke informasi akademik dapat dilakukan kapan saja dan dimana saja secara langsung dan up to date, dan dengan dibangunnya sistem informasi akademik berbasis SMS Gateway ini diharapkan dapat membantu para wali murid dalam hal akses informasi akademik, sehingga dapat diakses kapan saja, dan untuk ) , dan , , serta , dll.",ai
Jurnal Sisfokom ISB Atma Luhur (IndoT5 Parafrase),2017,"(2) Penelitian ini bertujuan untuk mengembangkan sistem informasi terkomputerisasi yang dapat membantu mencatat, mengumpulkan, dan menyimpan bukti kerjasama (MoU) di STMIK STIKOM Indonesia, data dan informasi yang terkait dengan kerjasama pihak eksternal masih diproses dan disimpan dengan pengarsipan manual, di mana semua MoU dan bukti kerjasama lainnya disimpan di folder dan lemari, sementara pendataan mitra juga hanya dicatat pada Laporan Kerjasama yang dihasilkan setiap periodenya. , dan untuk meningkatkan kualitas kerja sama dengan pihak luar. dari kerjasama yang sedang berlangsung dan kerjasama yang telah habis masa berlaku. - Kerjasama yang akan menjadi lebih lanjut, dan lebih lanjut kerjasama yang bersangkutan, dan mengelola kerjasama yang relevansi, dan informasi kerjasama yang sesuai dengan cara kerja sama-masing-sama-kerja sama-kerjasama yang berkaitan dengan kerjasama yang berhubungan. ( OJ) , dll , masing-lain , , oleh mereka.",ai
Jurnal Sisfokom ISB Atma Luhur (IndoT5 Parafrase),2017,"Untuk membantu pekerjaan setiap pegawai yang membutuhkan data siswa, data mata pelajaran, dan data nilai siswa di Sekolah Dasar Negeri 23, penyampaian informasi yang berkaitan dengan kegiatan belajar mengajar masih dilakukan secara sederhana, ini terlihat dari masih menggunakan kertas dan kalkulator dalam menghitung nilai siswa, sistem nilai yang berjalan di sekolah ini dalam proses rekap hasil nilai siswa dan pembuatan backup file-file yang penting bagi sekolah harus dilakukan setiap akhir bulan dan mengingat perkembangan teknologi yang semakin hari semakin berkembang, khususnya di bidang teknologi yang membantu aktivitas disegala bidang, terutama di bidang pendidikan, tidak dapat dihindari. (c) ( (anya) (b), (SD) ` ( SD) , dan pembelajaran (D). pada saat ini s untuk membantu pembangunan nasional ().",ai
Jurnal Sisfokom ISB Atma Luhur (IndoT5 Parafrase),2017,", peneliti berencana untuk membangun sistem informasi berbasis web Museum Negeri Sumatera Selatan, yang akan berisi informasi tentang benda-benda bersejarah yang ada di Museum Balaputra Dewa, tetapi juga untuk melestarikan makna yang ada pada sistem, nilai-nilai dan norma-norma yang ada. Oleh karena itu, sistem informasi ini diharapkan dapat memberikan informasi yang dapat didunakan sebagai media pembelajaran bagi masyarakat umum. benda sejarah yang tersimpan di museum Balaputra dewa. dan dapat digunakan sebagai media pendidikan. -Peran museum sangat penting dalam mengembangkan wawasan dan pengetahuan, dan dapat menjadi media pembelajaran masyarakat. , dan sebagai Media Pendidikan Masyarakat Pengetahuan Museum Negeri Sumsel , yang berkaitan dengan cara-sejarah yang disimpan di Museum Negeri Sumatra Selatan.",ai
Jurnal Sisfokom ISB Atma Luhur (IndoT5 Parafrase),2017,"Di Badan Kepegawaian, Pendidikan dan Pelatihan Kabupaten Mura, SIMPEG dapat mendukung pelayanan kepegawaian salah satunya dengan mengembangkan sistem informasi pegawai berbasis web yang menyediakan informasi tentang pegawai, unit kerja, laporan pegawai, informasi pegawai yang dibuat oleh Pemerintah Daerah setempat menjadi sangat terbatas, karena masyarakat luas tidak dapat mengakses informasi tentang Pegawai Negeri Sipil, sehingga perlu dibuatkan media alternatif untuk menginformasikan data pegawai agar dapat diakses publik secara luas. Masyarakat luas harus memiliki akses ke informasi pegawai. Data pegawai yang akan diberikan kepada masyarakat luas. (SDM) , pendidikan dan pelatihan. - Kabupaten Musra , Pendidikan & Pelatihan Kabupaten Musi.",ai
Jurnal Sisfokom ISB Atma Luhur (IndoT5 Parafrase),2017,"Ini adalah koperasi unit desa yang mengelola penjualan karet yang berlokasi di desa jungai kabupaten prabumulih sumatera selatan, dalam kesehariannya koperasi ini masih menggunakan sistem manual dalam memproses data dan melakukan sistem tender, sehingga memakan waktu yang lama untuk menyelesaikan proses tender atau lelang harga karet. berdasarkan hal tersebut, maka peneliti tertarik untuk meningkatkan kualitas pelayanan kepada masyarakat dengan membangun sistem informasi tender karet pada koperasi Mufakat Jaya.",ai
Jurnal Sisfokom ISB Atma Luhur (IndoT5 Parafrase),2017,"waterfall, yang akan menghasilkan aplikasi pembelajaran pengenalan huruf dan angka berbasis Augmented Reality, yang merupakan istilah untuk lingkungan yang menggabungkan dunia nyata dan dunia virtual yang dibuat oleh komputer, sehingga batas antara keduanya menjadi sangat tipis, sistem ini lebih dekat ke lingkungan nyata (real). Oleh karena itu, realitas lebih diutamakan pada sistem ini. 1 Metode yang digunakan dalam desain pembelajaran ini adalah metode yang digunakan untuk pembelajaran ini. anak-anak lebih bersemangat dalam belajar karena mereka lebih dekat dengan lingkungan nyata.",ai
Jurnal Sisfokom ISB Atma Luhur (IndoT5 Parafrase),2017,"Untuk menganalisis dan merancang sistem ini, menggunakan model waterfall yang berorientasi objek dan berbasis web yang menggunakan PHP sebagai bahasa pemrograman dan Mysql sebagai database, sistem ini digunakan untuk meningkatkan kinerja karyawan ASIA Group dalam pengelolaan data sparepart yang dapat dilakukan secara fleksibel dengan berbagai menu yang tersedia untuk User Cabang dan Manajer Purchasing. - Sistem yang digunakan dalam penelitian ini menggunakan Web - Modelling (UML) yang digunakan untuk tujuan mengembangkan sistem yang dibutuhkan oleh perusahaan. Dengan demikian, perusahaan dapat lebih efisien dan efektif dalam mengelola data barang. Laporan yang disediakan oleh Manajer Purposting sistem ini. laporan yang relevansi yang diperlukan oleh Perusahaan. , dan , di manage yang digunakan.",ai
Jurnal Sisfokom ISB Atma Luhur (IndoT5 Parafrase),2017,"Di Kantor Notaris Hoiril Masuli, Sh, M. Kn, dalam pengelolaan penerimaan berkas masih menggunakan cara manual dan belum terkomputerisasi, sehingga sulit bagi pegawai untuk mencari data masuk dari klien atau berkas yang sudah selesai dibuat serta berkas yang telah diambil oleh klien, untuk mengatasi masalah ini perlu adanya sistem yang dikomputerisasi dalam pengelolaan data klien. ( 1 ) Metode yang digunakan adalah Berorientasi Objek, Model Penelitian (UML).",ai
Jurnal Sisfokom ISB Atma Luhur (IndoT5 Parafrase),2017,"Untuk mendukung pengembangan bisnis dan peningkatan proses penjualan tunai di Fajar Indah Motor, metode yang digunakan dalam penelitian ini adalah metode Waterfall, menganalisis data yang diperoleh dari perusahaan, baik dalam bentuk laporan penjualan maupun wawancara dengan karyawan, kemudian merancang, menerapkan dan menguji sistem yang dibuat. Bahasa pemrograman yang digunakan adalah database VB. , yang akan menghasilkan sistem informasi penjualan tunai yang terkomputerisasi yang dapat meningkatkan kualitas layanan kepada pembeli, membuat laporan cepat, tepat dan akurat, dan meminimalkan kesalahan dalam pengumpulan data dan penyimpanan data terstruktur dan mampu meningkatkan efisiensi dan efektivitas. () (a) proses penjualan kredit yang efisien dan efisiensi dan meningkatkan proses Penjualan Tuna ( ).",ai
Jurnal COREIT UIN SUSKA (IndoT5 Parafrase),2016,"Ini adalah jaringan perusahaan yang secara bersama-sama bekerja untuk menciptakan dan mengantarkan produk ke tangan pengguna akhir, termasuk supplier, pabrik, distributor, toko atau ritel, serta perusahaan pendukung seperti jasa logistik, PT. Bumi Sarimas Indonesia masih memiliki kekurangan dalam sistem distribusi barang serta peninjauan ke toko-toko yang begitu jauh. Dan perusahaan ini sistem distribusinya masih bekerja secara manual.",ai
Jurnal COREIT UIN SUSKA (IndoT5 Parafrase),2015,"Di dalam penelitian ini, penyakit Bipolar Disorder adalah penyakit psikologis dengan perubahan mood yang sangat ekstrim, yaitu mania, hipomania, dan depresi, sistem yang dibangun hanya untuk Laboratorium Fakultas Psikolgi Universitas Suska, dengan tingkat keberhasilan 83,34%, dan dalam pengujian sistem dengan psikolog dengan menggunakan data dari sistem dan gejala yang sama, menghasilkan hasil yang sama. , dan tidak ada kesalahan atau kesalahan dalam membangun sistem ini. ( 1 ) OJ L 201, 7. - ( 2 ) ( ( 3 ). ( 4) ` s , (b ) - - , , dll ( 5 ); (5 ) -.",ai
Jurnal COREIT UIN SUSKA (IndoT5 Parafrase),2015,"(SMART), karena metode ini mampu menyelesaikan masalah dengan multi-kriteria, dalam pemilihan karyawan teladan selama ini masih manual, sehingga terkadang pengambilan keputusan tidak tepat sasaran karena banyaknya kriteria yang harus dihitung dan tidak jelasnya pembobotan nilai sehingga penilaian menjadi tidak objektif. Kriteria yang digunakan pada penelitian ini adalah keahlian, disiplin, kepribadian, kerja tim, komunikasi, penampilan, sikap, motivasi kerja, ketelitian dan friendly. - Kriteria yang diterapkan pada Penelitian ini adalah Data Keahlian, Disiplin, Kepribadian, Kerja Team Komunikasi, Penampilan, Sikap, Rekomodified - kriteria yang digunakan untuk memberikan rekomendasi yang tepat dan membantu penilaian.",ai
Jurnal COREIT UIN SUSKA (IndoT5 Parafrase),2016,"`` TrackL Music Sharing adalah perangkat lunak yang berjalan pada perangkat mobile sehingga mudah diakses dan dibawa ke mana-mana, perangkat lunak ini dibangun menggunakan dua pemodelan, yaitu pemodelan terstruktur untuk sub sistem web Admin dan pemodelan berbasis objek untuk subsistem mobile Pengguna. Platform yang digunakan sebagai Pilot Project untuk Sub Sistem Mobile adalah android, dengan pertimbangan bahwa android saat ini memiliki pengguna terbesar di dunia. dan pengguna paling besar di dunia , dan saling rekomendasi musik pada Playlist.",ai
Jurnal COREIT UIN SUSKA (IndoT5 Parafrase),2016,"Semakin meningkatnya penggunaan teknologi informasi oleh masyarakat, tentunya dapat digunakan untuk memfasilitasi promosi dan pemasaran produk industri kreatif di Indonesia, banyak daerah yang memiliki ciri khas industri kreatif yang dimiliki, sehingga tidak jarang bagi masyarakat yang berencana untuk memulai industri kreatif kesulitan untuk menentukan potensi industri apa yang masih berpotensi untuk dikembangkan di suatu wilayah. , dan juga dapat membantu para pelaku usaha dalam mempromosikan potensi usahanya sendiri. Potensi usaha mereka dapat ditingkatkan dengan adanya sistem informasi geografis pemetaan potensi industri kreatif.",ai
Jurnal COREIT UIN SUSKA (IndoT5 Parafrase),2016,"(OSSTMM) adalah metode tertentu untuk melakukan security testing dan menyajikan hasil berupa RAV dan STAR, aplikasi web yang diteliti adalah Sistem Penerimaan Mahasiswa Baru Universitas XYZ, sehingga dapat diketahui nilai dan tingkat keamanan dan rekomendasi yang berguna dalam pengembangan lebih lanjut di masa yang akan datang. , yang merupakan salah satu metode pengujian keamanan informasi yang efektif, dengan nilai Actual Security 74,5877.",ai
Jurnal COREIT UIN SUSKA (IndoT5 Parafrase),2015,"Ini adalah pengujian empat parameter QoS yang digunakan pada layanan sosial media, e-mail, file download dan streaming, yang digunakan untuk mengukur kualitas layanan internet yang mereka dapatkan, dengan menggunakan standar QoS ETSI. Pengujian dilakukan pada jam sibuk antara jam 10. 00 WIB dan jam sepi jam 17. Berdasarkan hasil pengujian 4 parameter yang digunakan, diperoleh kesimpulan bahwa tiga dari empat parameter uji pada account mahasiswa termasuk dalam kategori Buruk dan sedang.",ai
Jurnal COREIT UIN SUSKA (IndoT5 Parafrase),2015,"`` Suara masukan adalah suara vokal tanpa musik yang dapat dimasukkan dengan cara direkam pada aplikasi atau dipilih dari komputer berupa file dengan ekstensi *. WAV, proses yang dilakukan oleh aplikasi adalah pemotongan suara vokal berdasarkan birama dan tempo pilihan pengguna dan mencari chord yang selaras dengan suara vokal masukan. Namun, tidak semua orang mampu menemukan keselarasan antara irama suara vokal dan chord dalam membantu menciptakan sebuah lagu. (Teks dengan relevansi EEA), dan 22,22% pada pengujian suara yang diiringi musik. ` , dan hasil pencarian chord harmonisasi yang harmonisasi, dan chordo harmonisasi - chord - audio - suara vokal - musik - NNNN - N- NN - - N - , aplikasi , , dll.",ai
Jurnal COREIT UIN SUSKA (IndoT5 Parafrase),2016,"(Selective Serotonin Reuptake Inhibitor) adalah salah satu jenis obat antidepresan yang dikonsumsi oleh penderita gangguan kecemasan dan gangguan panik dan juga paling banyak digunakan di seluruh dunia, berdasarkan kategori adverse event, yaitu kombinasi perilaku bunuh diri yang tidak biasa dengan obat penenang paroxetine dengan persentase nilai dukungan 0,05% dan 80,00%. Data mengenai gejala baru yang ditemukan ini berasal dari seluruh data laporan Rumah Sakit dan Dokter di Amerika Serikat, yang memberikan persentase support tertinggi berdasarkan keseluruhan kategori Adverse Effects (E) (A) - Effect ( Effect) inhibitor (D ) inhibitor).",ai
Jurnal COREIT UIN SUSKA (IndoT5 Parafrase),2016,"Untuk memastikan dan memastikan bahwa investasi TI yang dikeluarkan oleh organisasi dalam proses DSS01 (manage operation) pada organisasi yang telah menerapkan teknologi informasi dalam aktivitas bisnisnya, penilaian kapabilitas proses DSSS01 yang dilakukan menghasilkan bahwa organisasi studi kasus masih berada pada level 0 dengan dasar praktik 3,16 (Largerly Achieved) dan skala kerja produk 2,98 (Partially Achieving). , dan evaluasi, evaluasi, penilaian, penilaian (MEI) yang lebih tinggi. tingkat), dan skala pekerjaan 2, dan mengevaluasi, untuk memastikan bahwa mereka dapat meningkatkan efisiensi yang diperlukan, untuk mencapai tujuan yang lebih baik, dan kinerja yang lebih efektif, dan , organisasi, dan strategi organisasi, implementasinya, yang lebih lanjut, dan prosedur yang lebih efisien, sebagai hasilnya.",ai
Jurnal COREIT UIN SUSKA (IndoT5 Parafrase),2015,"(1) Absensi kehadiran kuliah merupakan salah satu masalah yang ada pada lingkungan akademik, seringnya kesalahan serta banyaknya data absensi setiap matakuliah untuk setiap mahasiswa membuat proses perkuliahan menjadi tidak efisien dan tidak efisien. Penelitian ini membahas tentang desain sistem absensi kehadiran perkuliahan di Universitas Komputer Indonesia (UNIKOM).",ai
Jurnal COREIT UIN SUSKA (IndoT5 Parafrase),2016,"(1) COBIT 5 adalah salah satu kerangka kerja tata kelola TI yang terdiri dari 37 proses tata kelola yang dimuat dalam empat domain tata kelola, yaitu Evaluate, Direct, Monitor (EDM), Align, Plain, Organise (APO), Build, Acquire, Implement (BAI) dan Monitarisasi, Evaluasi, Assess (MEI), untuk memastikan dan memastikan bahwa investasi TI yang dikeluarkan oleh organisasi akan sebanding dengan manfaat yang diinginkan untuk mencapai tujuan yang relevansimetric sesuai dengan tujuan yang sesuai dengan cara yang tepat. , dan , untuk tujuan yang dapat ditingkatkan untuk tujuan organisasi , sebagai berikut: , masing-masing- , di manage, dan evaluasi, yang berlaku, yang bersangkutan, dan prosedur yang berbeda.",ai
Jurnal COREIT UIN SUSKA (IndoT5 Parafrase),2015,"Untuk bisnis makanan, pengaruh kemasan terhadap makanan merupakan hal yang cukup diperhitungkan. Pengemasan dilakukan oleh produsen atau pemasar untuk disampaikan kepada konsumen, sebagai salah satu rumah kemasan, CV. Minapack memfasilitasi pengemasan bagi produsen makanan, terutama IKM (Ikatan Kecil dan Menengah). Dalam mengemas makanan, perusahaan membutuhkan penalaran pakar menggunakan metode ketidakpastian untuk memperkirakan plastik apa yang baik untuk suatu produk makanan.",ai
Jurnal COREIT UIN SUSKA (IndoT5 Parafrase),2016,"Untuk meningkatkan kemampuan sistem pengawasan, penelitian ini menggunakan metode background subtraction dan operasi morfologi, yang dapat mendeteksi subtstraksi pada background dengan mengubah citra menjadi citra biner dan menentukan tingkat kepekaan perubahan piksel background, pada pengujian 10 video dalam pencahayaan terang, 8 video yang akurat dengan perhitungan manual, 2 video tidak akurat, dan 10 video kondisi gelap atau redup, 1 video tidak tepat, dan 9 video tidak sesuai. ( 1 ) Tidak akurat , dan 1) tidak akurat ( 9 ) (a) dari 10 video. - ( ), dan (b) s , () ) untuk (e) ` `. - video (p ) /.",ai
Jurnal COREIT UIN SUSKA (IndoT5 Parafrase),2016,"Skema ini merupakan Sistem Pendukung Keputusan (SPK) berbasis fuzzy dengan metode profile matching, sebagai nilai kriterianya menutupi kekurangan profil match, menangani data yang bervariatif menjadi suatu nilai antara 0 dan 1, nilai diproses dengan Metode Profile Matching, menghasilkan perangkingan penerima beasiswa berdasarkan hasil pengujian SPK dari 15 data pemohon tahun sebelumnya, bahwa data 5 terbawah merupakan data yang memang tidak lulus seleksi, artinya hasil perangkingannya sesuai dengan yang diharapkan oleh tim penyeleksi beasiswa gubernur riau, dan mampu mengurangi subyektifitas penilaian.",ai
Jurnal COREIT UIN SUSKA (IndoT5 Parafrase),2015,"KNN adalah salah satu metode klasifikasi teks yang biasa digunakan oleh pengguna yang berinteraksi dengan sekumpulan dokumen menggunakan tools analisis yang merupakan komponen dalam data mining, dalam penelitian ini mencoba untuk menjadikan fingerprint sebagai ciri suatu dokumen teks, lalu mengklasifikasikan dokumen teks berdasarkan ciri tersebut. Proses klasifikasi dimulai dengan mengumpulkan dokumen latih yang akan dijadikan sebagai acuan dalam pengelompokan dokumen, dokumen uji yang ingin dikelompokkan juga harus melewati proses winnowing, setelah itu dilanjutkan dengan proses klasifikasi menggunakan metode knn. Dari hasil pengujian terhadap 10 dokumen uji diperoleh nilai akurasi pengelompokan 80%. , kemudian dilakukan dengan metode (F) ( ) - dari masing- ` yang disebut. dan menghasilkan klasifikasi pada untuk klasifikasi (K ) - (k).",ai
Jurnal COREIT UIN SUSKA (IndoT5 Parafrase),2015,"Pada saat ini, Kementerian Agama kota Peking menerapkan proses manual untuk mengumpulkan data PDTA sekota Peking, yaitu pihak Kementerian Agama Kota Peking menggunakan dokumen excel yang dibagikan ke setiap PDTA dan mengumpulkan kembali dokumen excell tersebut dalam waktu tertentu, tetapi data tersebut bukan merupakan data yang realtime. Aplikasi berbasis SOA menggunakan teknologi web service untuk menerapkan sistem yang berbasiskan integrasi data, dengan memanfaatkan proses bisnis yang dimiliki kemenag ke dalam proses bisnis PDTA, seperti proses pengumpulan data pegawai negeri sipil (PNS) di Kementerian Agama, namun bukan merupakan informasi yang tepat, pada saat data tersebut merupakan data tersebut tidak dapat digunakan sebagai data yang relevansi , aplikasi tersebut , dan aplikasi. , dari aplikasi , pada aplikasi tersebut, aplikasi (PDTA).",ai
Jurnal COREIT UIN SUSKA (IndoT5 Parafrase),2016,"WFD ini digunakan untuk memetakan aplikasi yang ada di DPPKA Kabupaten Bangkinang berdasarkan kategori yaitu dukungan, operasi kunci, strategi dan ancaman, dan untuk melihat kekuatan, kelemahan, peluang dan ancaman yang ada, kinerja bidang-bidang yang memiliki peran dan fungsinya masing-masing telah menjadi mekanisme kerja dinamis. Hasil yang dicapai melalui metode analisa tersebut adalah rekomendasi berupa 20 sistem informasi, 10 teknologi informasi dan 4 manajemen SI/TI yang tepat. akan diterapkan selama 5 tahun ke depan oleh DPPKA kabupaten Bangkiang, dengan menggunakan pendekatan yang berbeda dari satu sama lain. - hal-hal ini, dengan cara-hal-hal yang bersangkutan, masing-tempat lain, dan aplikasi, aplikasi yang relevansi , dan kebutuhan, yang lain. aplikasi, dan masalah yang lain, sektor yang diperlukan. aplikasi yang penting, dan tantangan yang lebih lanjut, dan kepentingan yang berbeda, dan tujuan yang berbeda.",ai
Jurnal COREIT UIN SUSKA (IndoT5 Parafrase),2015,"LVQ adalah metode jaringan saraf tiruan yang mempelajari pola nilai dan secara otomatis belajar untuk mengklasifikasikan vektor input, kelas-kelas yang diperoleh sebagai hasil dari lapisan kompetitif ini tergantung pada jarak antara vektor input. Jika dua vektor input mendekati sama, lapisan kompetitif akan menempatkan kedua vektor input tersebut dalam kelas yang sama. , oleh karena itu diperlukan sebuah media yang dapat membantu mahasiswa dalam menentukan bidang tugas akhirnya yang sesuai dengan pola nilai mata kuliah yang mereka ambil. 4) ( ( 4) yang relevansi ( 5 ) - kelas yang bersangkutan.",ai
"ELTIKOM (Elektro, Telekomunikasi dan Komputer) POLIBAN (IndoT5 Parafrase)",2017,"(a) Metodologi adalah pendekatan formal atau rangkaian tindakan untuk mengimplementasikan Sistem Pengembangan Perangkat Lunak (SDLC), yang merupakan proses pemahaman tentang bagaimana sistem informasi dapat mendukung kebutuhan bisnis, mendisain sistem, membangun dan menyajikannya kepada organisasi, serta faktor penilaian lain seperti keakraban dengan teknologi, kompleksitas sistem, keandalan sistem, waktu yang singkat dan tepat, hingga referensi ke jurnal ilmiah tertentu. Jurnal ini menjelaskan analisa pemilihan metodologi yang tepat berdasarkan kebutuhan, kelebihan dan kelemahan, dan juga faktor penilaian lainnya seperti kedekatan dengan Teknologi, Kompleksitas Sistem, Kesederhana, beberapa jurnal ilmiah , dll.",ai
"ELTIKOM (Elektro, Telekomunikasi dan Komputer) POLIBAN (IndoT5 Parafrase)",2017,"WICIDA sebagai salah satu lembaga pendidikan tinggi terus berupaya untuk meningkatkan daya saing perguruan tinggi di tengah meningkatnya persaingan perguruan tinggi sejenis di Kalimantan Timur, dengan menggunakan tools PEST untuk analisis lingkungan eksternal, Value Chain untuk Analisis Lingkungan Bisnis Internal dan mcFarlan Strategic Grid untuk analisis Lingkungan IS/IT internal. Hasil akhir dari penelitian ini adalah rekomendasi untuk Perencanaan Strategis Sistem Informasi pada STMIK WICHID.",ai
"ELTIKOM (Elektro, Telekomunikasi dan Komputer) POLIBAN (IndoT5 Parafrase)",2017,"(Amplitude Modulation / AM) adalah proses penumpangan sinyal pembawa terhadap sinyal informasi, di mana amplitudo sinyal pembawa yang dipancarkan berubah mengikuti perubahan amplitudo sinyal informasi. Analisis dilakukan dengan terlebih dahulu menentukan persamaan matematis sinyal AM dan komponen parameter sinyal, yaitu amplitudo dan frekuensi, membuat desain template figure, mengatur properti komponen masing-masing UI Control, membuat listing programnya untuk menghasilkan nilai indeks modulasi (mA) yang bervariasi, yaitu 0. Frekuensi informasi harus lebih tinggi daripada sinyal informasi yang lebih banyak sinyal informasi 1 - dari sinyal informasi - sinyal yang lebih dari sinyal pembawa frekuensi yang lebih tinggi.",ai
"ELTIKOM (Elektro, Telekomunikasi dan Komputer) POLIBAN (IndoT5 Parafrase)",2017,"Di MAN 2 Model Banua, berdasarkan Peraturan Menteri Pendidikan dan Kebudayaan Republik Indonesia Nomor 64 Tahun 2014 tentang minat pada pendidikan menengah SMA/MA untuk melakukan minat pada saat penerimaan siswa baru, penulis membahas sistem informasi penjurusan dan penerimaan peserta didik baru menggunakan salah satu cabang ilmu sistem pendukung keputusan berbasis kecerdasan buatan, yaitu Metode Weighted Product (WP) di MAN 2 model Banua berbasis web, sebagai perhitungan data yang akan diproses untuk menghasilkan perangkingan dan menetapkan status siswa yang diterima sejak peserta mendaftar sebagai calon peserta didik di sekolah tersebut. _ Program ini adalah program yang berfungsi dengan baik. aplikasi program yang telah ditetapkan oleh pihak sekolah tersebut, yang relevansi ( CI ) s , yang diterima di mana siswa yang bersangkutan. , dan penerimaan siswa yang telah dilakukan oleh siswa.",ai
"ELTIKOM (Elektro, Telekomunikasi dan Komputer) POLIBAN (IndoT5 Parafrase)",2017,"(2) Penelitian ini bertujuan untuk merancang, membangun dan mengimplementasikan Sistem Informasi Pemeriksaan Pasien Klinik drg. Lili Setiyowati dengan metode SDLC (System Development Life Cycle), yang terdiri dari Perencanaan Sistem, Analisis Sistem, Perancangan Sistem, Penerapan Sistem dan Pemeliharaan Sistem. Untuk metodologi pengumpulan data yang digunakan adalah observasi dan wawancara untuk desain sistem dibagi menjadi dua yaitu Sistem Logis seperti perancangan DFD, CDM dan PDM, dan Sistem Fisik, dan sistem kedua adalah Sistem fisik. - Sistem informasi yang dapat menjawab masalah yang akan membuat pelayanan yang lebih cepat dan sistem informasi yang lebih baik untuk melayani pasien.",ai
EXPLORE (Jurnal Sistem Informasi dan Telematika) UBL (IndoT5 Parafrase),2016,"terdapat bagian perencanaan yang bertugas menjalankan fungsi manajemen perusahaan, kegiatan penjadwalan perawatan merupakan kegiatan rutin yang dilakukan oleh bagian perencanaan, pembuatan jadwal perawatan unit masih menggunakan aplikasi text editor seperti MS. Office, yang secara tidak langsung memperlambat kinerja bagian perencanaan dalam membuat laporan hasil perbaikan. (1) Hasil dari penelitian ini adalah sistem informasi jadwal perawatan yang diharapkan dapat membantu Bagian Perencanaan dalam membuat jadwal perawatan. Laporan hasil perawatan yang akurat. harus dibuat dengan menggunakan Netbeans 7. 0 yang merupakan aplikasi yang menggunakan bahasa java. dan laporan hasil yang tepat waktu yang akurat (2) (a) untuk tujuan untuk menghasilkan laporan perbaikan.",ai
EXPLORE (Jurnal Sistem Informasi dan Telematika) UBL (IndoT5 Parafrase),2010,"(Enny Muchlastriningrum SKM) Berdasarkan penelitian yang dilakukan oleh Martin Khor pada tahun 1986, menunjukkan bahwa rata-rata jumlah obat yang digunakan meningkat antara tahun 1990-2003 2,2-2,7 per pasien, sedangkan pada kelompok umur bayi berkisar 2,3%, sebagian besar disebabkan oleh pneumonia, dengan menggunakan Pendekatan Penalaran Case Based Reasoning (CBR) yang dikombinasikan dengan Algoritma Pembelajaran Mesin (Mechine Learning Algorithm) NN adalah metodologi yang diterapkan pada sistem pendukung keputusan, diharapkan dapat membantu mengurangi kesalahan dalam pemberian obat dan pasien (N) (M) , dan , (T), , untuk tujuan program , di bawah, dan seterusnya , dll , masing- , - , 1 , 3 ,3, dll), 3.",ai
EXPLORE (Jurnal Sistem Informasi dan Telematika) UBL (IndoT5 Parafrase),2014,"Di Desa Kedondong Kabupaten Pesawaran Provinsi, usaha ini dikembangkan dengan SDLC (System Development Life Cycle) dan Software yang digunakan untuk merancang dan mengembangkan aplikasi, yaitu bahasa pemrograman PHP dan database MySQL, dan aplikasi ini juga dapat menghasilkan informasi tentang produk yang dijual, serta menyajikan laporan yang ditujukan kepada pemilik (owner), antara lain: laporan produk, laporan outlet, laporan order dan laporan penjualan.",ai
EXPLORE (Jurnal Sistem Informasi dan Telematika) UBL (IndoT5 Parafrase),2017,"Ini adalah satu-satunya sekolah menengah kejuruan (SMU) yang memiliki program keahlian kimia analis dan kimia industri di Provinsi Jawa Barat dan Sumatera Selatan, dengan kriteria dan bobot yang telah ditentukan, metode pengembangan sistem yang digunakan adalah waterfall, sedangkan untuk merancang sistem menggunakan flowchart, diagram konteks, DFD, ERD, dan relasi antar tabel. Hasil dari penelitian ini adalah bahwa sistem pendukung keputusan penerimaan calon siswa baru membutuhkan waktu yang lama, karena data calon siswa yang diproses cukup banyak dan waktu yang tersedia untuk pengolahan data terbatas, dan dapat membantu pihak sekolah sebagai pengambilan keputusan yang tepat waktu yang relevansialisasi yang sesuai dengan tujuan yang tepat sasaran yang tepat dalam mengambil keputusan yang baik untuk membuat keputusan yang diperlukan oleh sekolah. , dan karakteristik yang diperlukan. - , yang diperlukan , , untuk tujuan untuk tujuan yang diinginkan, yang relevan.",ai
EXPLORE (Jurnal Sistem Informasi dan Telematika) UBL (IndoT5 Parafrase),2013,"food and beverage cafe Dawiels adalah restoran bergaya klasik yang menawarkan kenyamanan, kenikmatan dan tempat bersantai bersama teman dan keluarga dengan menggunakan bahasa pemrograman Visual basic 6. 0, sehingga mahasiswa dapat mengintegrasikan teori dan praktik yang diperoleh di bangku perkuliahan dengan kenyataan yang ada di lapangan, dan juga untuk memberikan pandangan dan pengalaman langsung di dunia kerja, untuk tujuan ini penulis tertarik untuk mengembangkan sistem pengolahan data dengan menggunakan komputerisasi, yaitu dengan program Visual basics 6. , dan untuk memperkenalkan penggunaan aplikasi komputer, dan sebagainya. ( ) ), dan lain () s , dan kenyamanan konsumen -. dari _ dan sebagai berikut (C) (c) ` `. ` pada saat ini dalam hal- , dll , untuk mendukung manajemen , sebagai berikut ini , oleh , yang relevansi ,.",ai
EXPLORE (Jurnal Sistem Informasi dan Telematika) UBL (IndoT5 Parafrase),2017,"Ini akan membahas pembuatan aplikasi menggunakan speech to text untuk membantu siswa belajar membaca, meskipun di taman kanak-kanak guru telah memperkenalkan huruf dan kata sederhana, diperlukan sebuah cara untuk merangsang anak-anak agar gemar membaca. - Penelitian ini akan membahas tentang pembuatan aplikasi yang menggunakan kata-kata ke dalam bahasa yang membantu siswa membaca.",ai
EXPLORE (Jurnal Sistem Informasi dan Telematika) UBL (IndoT5 Parafrase),2012,"(Personal Home Page) dan MySQL adalah salah satu strategi yang digunakan untuk membangun sistem informasi pemesanan tiket secara on-line, dengan semakin mudahnya mendapatkan informasi, apa pun bentuknya, dan di mana pun mereka berada, PHP akan menjadi lebih kuat karena MySqL didukung oleh kinerja query dari databasenya yang dapat dikatakan sangat cepat dan jarang bermasalah. , dan juga mendukung beberapa sistem operasi, mulai dari SUN-Solaris, Linux, Windows NT, FreeBSD, NetBSD, dan Windows 9x. - Internet memiliki karakteristik yang sangat penting. a pada saat ini sebagai sarana penjualan atau kegiatan bisnis online dalam hal itu sendiri , dll.",ai
EXPLORE (Jurnal Sistem Informasi dan Telematika) UBL (IndoT5 Parafrase),2017,"( 1 ) Penelitian ini bertujuan untuk menghasilkan inovasi dalam sistem informasi yang berbasis web layanan dan mengembangkan sistem informasi perangarsipan yang terotomatisasi, yang dapat secara otomatis mengingatkan sejarah penyimpanan arsip, dengan melakukan beberapa analisis data, merancang web dengan algoritma, merancang struktur databases, menguji aplikasi yang dibuat dan mengimplementasikannya dengan memasang domain dan hosting pada web tersebut, pada tahun pertama penelitian ini bertujuan, untuk menghasilkan aplikasi web yang bersifat Open Source yang dapat diterapkan di seluruh lembaga pendidikan dan instansi pemerintah. , yang akan digunakan oleh masyarakat dan industri. - , dan , ) , untuk tujuan khusus , dll , aplikasi yang akan membuat aplikasi yang harus. yang akan untuk tentang penyimpanan arsip. ` sebagai sumber informasi dari proses Aplikasi aplikasi mereka , pembuatan dan - aplikasi yang telah ; :.",ai
EXPLORE (Jurnal Sistem Informasi dan Telematika) UBL (IndoT5 Parafrase),2011,"Diperlukan sistem pengajaran yang dapat membantu mahasiswa dalam belajar, baik dalam melakukan test, kuis, maupun ujian, dan juga dapat menjadi alat bantu bagi calon mahasiswa yang akan mendaftar dan melakukan ujian masuk, dengan adanya simulasi ujian online, diharapkan dapat menjadi alternatif pengajaran dan juga solusi yang baik untuk dunia pendidikan. dan juga dapat membantu para calon mahasiswa dalam melakukan tes masuk mereka. -Teks dengan relevansi EEA, sebagai konsekuensi dari globalisasi, bahwa teknologi memiliki 2 sisi, yaitu positif dan negatif.",ai
EXPLORE (Jurnal Sistem Informasi dan Telematika) UBL (IndoT5 Parafrase),2016,"(Data Flow Diagram, Gambaran Umum dan Entitas Relationship Diagram dan Tools Pemrograman yang digunakan dalam merancang e-katalog berbasis web sebagai media informasi dengan tampilan yang menarik, sehingga minat masyarakat untuk mengakses layanan perpustakaan dapat ditingkatkan dengan menggunakan metodologi analisis dan desain sistem terstruktur (STS), sehingga masyarakat tidak perlu datang langsung ke perpustakaan dan bertanya tentang buku yang dibutuhkan, serta mencari koleksi buku yang tersedia. , dan tidak dibatasi ruang dan waktu. ) , ( ) dari Perpustakaan (L) (Buku) ), dan Waktu (M), dll (e) s (E) ` `` , -. ` _ ("") / (C) : ().",ai
EXPLORE (Jurnal Sistem Informasi dan Telematika) UBL (IndoT5 Parafrase),2013,"SISTEM INFORMASI adalah suatu sistem di dalam organisasi yang mempertemukan kebutuhan pengelohan transaksi harian, dukungan operasi, manajerial dan kegiatan strategi dari suatu organisasi dan menyediakan kepada pihak luar tertentu dengan laporan yang diperlukan. Namun, dalam pengurusannya pada bagian klaim masih menggunakan waktu yang cukup lama, baik dalam pencarian data nasabah serta dalam pembuatan laporan klaim, sehingga waktu yang ada tidak dapat digunakan dengan sebaik mungkin. untuk pemerosesan data klaim nasabah pada PT. Asuransi Jiwasraya Kota Bandar LAMPIRAN. ( 1 ) ( 2 ), ( 3 ) sebagai berikut ( 4 ).",ai
EXPLORE (Jurnal Sistem Informasi dan Telematika) UBL (IndoT5 Parafrase),2017,"Untuk meningkatkan kepercayaan dan kepuasan pelanggan dalam melakukan pemesanan paket wisata, penulis telah mengembangkan sistem E-CUSTOMER RELATIONSHIP MANAGEMENT (CRM) untuk sistem informasi paket wisata pada CV ALEA TOUR yang berbasis web dengan metode yang terstruktur, sehingga memudahkan pelanggan untuk mencari dan melakukan pembayaran paket wisata serta fasilitas dan biaya. , dengan memperhatikan masalah yang ada, untuk meningkatkan kepercayaan terhadap pelanggan, baik pelanggan baru yang tertarik untuk menggunakan jasa Tour and Travel pada CV AlEA Tour TRAVEL.",ai
EXPLORE (Jurnal Sistem Informasi dan Telematika) UBL (IndoT5 Parafrase),2013,"Di Universitas Bandar, yang selama ini menyelenggarakan pendidikan Strata 1 (S1), perguruan tinggi ini memiliki kewenangan untuk mengatur pembuatan Ijazah dan data alumni mahasiswa pascasarjana Program Studi Magister Manajemen Universitas Bandar. Meskipun berada di dalam ruang lingkup Universitas Bandar LAMPIRAN, tetapi tidak ada fasilitas untuk merge data alumni dan kesalahan dalam pembuatan ijazah karena input data yang tidak sistematis, oleh karena itu peneliti telah berusaha untuk membuat rancangan pemrograman tentang pembuatan ijazah dan Data alumni Mahasiswa pascasarjana Program studi Magister Manajemen Uni Eropa (M. - A-Uni Eropa, dengan demikian, pada saat ini, yang relevansi (D) ( S2), yang bersangkutan. , yang sesuai dengan tujuan untuk mereka. (MS), dan alumni, dari Universitas Bandar Lampiran , dan Universitas Bandar sebagai berikut (Maha).",ai
EXPLORE (Jurnal Sistem Informasi dan Telematika) UBL (IndoT5 Parafrase),2017,", SEO atau Optimasi Mesin Pencari adalah serangkaian proses yang dilakukan secara sistematis yang bertujuan untuk meningkatkan volume dan kualitas kunjungan melalui mesin pencari ke situs web tertentu dengan menggunakan mekanisme kerja atau algoritma mesin pencari tersebut, untuk menentukan situs web yang muncul di halaman pertama, namun memiliki sistem yang berbeda dan kinerja yang berbeda dalam menentukan situs yang layak untuk ditampilkan di halaman 1. Tujuan dari penelitian ini adalah untuk menganalisis perbandingan teknik SEO antara Google Webmaster dan Bing Webmaster terhadap rangking sebuah situs web serta untuk mempelajari teknik optimasi SEO itu sendiri. , sehingga para Web Development mengetahui peform masing masing masing-nya, dan kemudian dipilih untuk proses SEO ( SEO) , dan untuk SEO mereka.",ai
EXPLORE (Jurnal Sistem Informasi dan Telematika) UBL (IndoT5 Parafrase),2012,"( 1 ) Kualitas pendidikan merupakan suatu yang penting, salah satu faktor yang mempengaruhi kualitas pendidikan adalah guru, dalam pendidikan tinggi, guru/dosen memiliki peran penting dalam kualitas lulusan, untuk meningkatkan kualitas lulusan ini digunakan metode matematika biasa menggunakan rumus nilai rata-rata, metode ini digunakan karena metode ini dapat memproses data yang samar dan sehingga hasil pengolahan data dapat lebih akurat. , dengan demikian dapat meningkatkan keakuratan pengolahan data ini. Kualitas pendidikan adalah masalah yang penting.",ai
EXPLORE (Jurnal Sistem Informasi dan Telematika) UBL (IndoT5 Parafrase),2016,"Untuk membantu murid sekolah Bams Music Studio yang merasa kesulitan dalam menyetel dan menyetel nada gitar dengan tepat dan benar, penelitian ini akan merancang sebuah aplikasi smartphone berbasis android berupa Tuner Guitar untuk membantu murid belajar bermain gitar dengan bagus dan indah. keindahan tersebut dapat muncul jika gitar tersebut sudah di setel dalam posisi nada yang tepat dan tepat, sehingga enak untuk dinikmati. , ( 1 ) OJ L 237, 30.",ai
EXPLORE (Jurnal Sistem Informasi dan Telematika) UBL (IndoT5 Parafrase),2010,"(Temperature Acceptance Model) yang digunakan untuk mengetahui penerimaan Raharja Multimedia Edutainment, yang dapat dideteksi dari persepsi dan perilaku pengguna dalam penggunaan di Sekolah Pendidikan Usia Dini (PAUD), seperti Taman Kanak-kanak, Play Group (Kelompok Bermain), diduga penerimaan Software Education Cara Membaca ini juga dipengaruhi oleh faktor lain, antara lain : Sikap terhadap penggunaan (ATU) atau sikap untuk penggunaan, ITU atau niat untuk penggunaan terhadap produk/servis dan Actual System Usage (ASU) (AG) s , ASU perilaku penggunaan - ASU ini ( ASU).",ai
EXPLORE (Jurnal Sistem Informasi dan Telematika) UBL (IndoT5 Parafrase),2014,Ini akan menggambarkan dan menjelaskan kegiatan-kegiatan yang berkaitan dengan nilai di Universitas Bandar LAMANG. Peneliti akan menggunakan teori CRM pada sistem layanan sms nilai yang berhubungan dengan universitas. Penjelasan tentang sistem Layanan Sms Nilai dengan teori CRM akan dijelaskan pada bab IV penelitian ini. Sistem Layanan SMS Nilai dengan Teori CRM akan dijelaskan dalam Bab IV.,ai
EXPLORE (Jurnal Sistem Informasi dan Telematika) UBL (IndoT5 Parafrase),2017,"Ini adalah sarana bagi siswa untuk menuntut ilmu yang diberikan oleh guru, tetapi jika bangunan sekolah rusak akan membuat kegiatan belajar mengajar menjadi kurang nyaman, sehingga perlu mengajukan kepada pemerintah melalui dinas pendidikan kabupaten sistem pendukung keputusan kelayakan penerima rehap Sekolah Menengah Pertama (SMP). Sistem yang akan dibangun menggunakan metode Saw, sehingga dapat dilakukan secara cepat dan tepat. untuk sekolah mana yang layak menerima bantuan tersebut. , dengan demikian dapat dilakukan dengan cara yang cepat dan akurat. - Sistem yang diusulkan menggunakan Metode Saw.",ai
EXPLORE (Jurnal Sistem Informasi dan Telematika) UBL (IndoT5 Parafrase),2017,"Untuk tujuan ini, responden penelitian ditentukan menggunakan teknik Stratified Random Sampling dengan kriteria tertentu, sedangkan teknik penentuan sampel menggunakan tabel Stephen Isaac Willian B. Michael, dari hasil penelitian menunjukkan bahwa indikator yang harus diperbaiki untuk meningkatkan kepuasan pengunjung adalah format, kemudahan penggunaan, dan ketepatan waktu. (Teks dengan relevansi EEA), yang merupakan indikator yang perlu diperbaiki untuk peningkatan kepuasan pengunjung.",ai
EXPLORE (Jurnal Sistem Informasi dan Telematika) UBL (IndoT5 Parafrase),2012,"SIATer Employee adalah salah satu perangkat lunak berbasis web yang dimiliki oleh Universitas Bandar LAMPIRAN yang berfungsi sebagai lemari digital yang menyimpan data digital, termasuk hasil scan ijazah, KTP, Kartu Keluarga, Akte Kelahiran, Akta Nikah, Transkrip, Berkas NPWP, Buku tabungan, Sertifikat, JA, Serdos, NIDN, Surat Kontrak Kerja, SK Kenaikan Pangkat bagi dosen yang sudah serdos, tetapi berdampak pada peningkatan waktu tunggu pencarian data. (DPK) , SK Pengangkatan, dan SK Pengangkatan yang relevansi (T) (A).",ai
EXPLORE (Jurnal Sistem Informasi dan Telematika) UBL (IndoT5 Parafrase),2016,", dalam kegiatan proses belajar mengajar, absensi memberikan banyak informasi penting yang diperoleh oleh pihak sekolah dan orang tua siswa, sedangkan yang kedua dengan menggunakan Fingerprint sebagai media informasi, yang dapat memberikan laporan dari pihak sekolah kepada orang tua murid tentang kehadiran dan tidak kehadiran siswa, yang membuat waktu penyampaian informasi absensi menjadi lebih lama. , untuk tujuan ini, diharapkan dapat membantu pihak sekolah atau orang tua dalam anak mereka. anak mereka dapat mengikuti proses belajar mereka dengan baik dan benar. - Sistem absensi ini diharapkan dapat berkontribusi pada peningkatan kapasitas siswa. data absensi tersebut dapat menyediakan laporan kehadiran siswa yang relevansi yang diperlukan.",ai
EXPLORE (Jurnal Sistem Informasi dan Telematika) UBL (IndoT5 Parafrase),2016,"( 1 ) Kemampuan logika (40%), 2) Kemampuan bahasa (30%) dan 3) Kemampuan Matematis (20%). Hasil yang diperoleh dari sistem ini adalah pemeringkatan karyawan, dengan kriteria dan bobot yang dijadikan penilaian perekrutan karyawan, yaitu 1) Kemampuan Logis ( 40% ).",ai
EXPLORE (Jurnal Sistem Informasi dan Telematika) UBL (IndoT5 Parafrase),2013,"Skripsi ini bertujuan untuk merancang program aplikasi penjualan Suku Cadang yang dapat membantu dalam transaksi penjualan suku cadang pada PD. Kencana Baru Bandar LAMPIRAN, dengan maksud untuk dapat bersaing sesuai dengan perkembangan zaman, peneliti menggunakan tahap-tahapan pemrograman program yang dijelaskan pada bagian keempat dari skripsi ini, yang akan menggambarkan dan menjelaskan rancangan program aplikasi Penjualan SukuCadang di PD. KENcana Baru, untuk mencapai hasil yang optimal.",ai
EXPLORE (Jurnal Sistem Informasi dan Telematika) UBL (IndoT5 Parafrase),2017,"Dimungkinkan untuk menggunakan sistem pakar yang dapat digunakan untuk mendiagnosis dan memberikan jawaban tentang salah satu penyebab stroke dari sembilan penyakit yang telah ditetapkan dengan dilengkapi dengan nilai keyakinan terhadap diagnosis penyakit, yang diperoleh dengan menggunakan suatu metode yang disebut faktor kepastian. Dengan memberikan pengetahuan yang tepat didasarkan pada pengetahuan dan diikuti dengan tes yang dilakukan dengan serius, sistem ini dapat membantu dalam menentukan salah satu penyakit yang menjadi penyebab stroke.",ai
EXPLORE (Jurnal Sistem Informasi dan Telematika) UBL (IndoT5 Parafrase),2017,"Untuk mengatasi masalah penilaian yang bersifat subyektif, penelitian ini menggunakan perbandingan dua metode dalam perekrutan dosen pada IBI Darmajaya, yaitu perekrutan dosen akademik, dengan pola perencanaan dan seleksi penempatan yang sama, kecuali pada kriteria yang ditetapkan, dimana dosen memiliki persyaratan khusus Direktorat Jenderal Pendidikan Tinggi dan kebutuhan masing-masing program studi, sedangkan perencanaan staf akademik ditentukan berdasarkan kebutuhan kerja per unit. 1, dan lebih akurat pada objek yang dimaksud. , dan untuk tujuan itu. - proses yang relevansi yang tepat pada subjek yang tepat waktu yang tepat, dan keputusan yang tepat.",ai
EXPLORE (Jurnal Sistem Informasi dan Telematika) UBL (IndoT5 Parafrase),2016,"Untuk pembelajaran jarak jauh, konten harus menjadi perhatian utama dalam proses belajar mengajar, karena dalam Pembelajaran Jarak Jauh, peserta belajar mendapatkan materi dengan proporsi yang lebih besar dari membaca konten secara mandiri daripada bertatap muka secara langsung dengan guru, penerapan multimedia pada konten pembelajaran Jarak Jauh akan lebih membantu peserta didik untuk menyerap lebih banyak materi pembelajaran, hal ini terbukti dengan peningkatan hasil belajar mahasiswa yang belajar mandiri menggunakan konsep blended learning.",ai
EXPLORE (Jurnal Sistem Informasi dan Telematika) UBL (IndoT5 Parafrase),2010,"Electronic Commerce (e-Commerce) sangat membantu dalam meningkatkan, mengembangkan suatu perusahaan, dengan adanya e-commerce akan memberikan kelayakan bagi pihak manajemen untuk memproses berbagai sumber daya yang digunakan, yang awalnya harus datang langsung ke instansi yang dituju atau melalui telepon, tetapi sekarang menjadi layanan yang online disetiap waktu dimanapun mereka berada, sehingga dapat memudahkan pelanggan untuk melihat setiap aktivitas yang dilakukan oleh perusahaan dalam pemasaran untuk mencapai tujuan tersebut. 1 dan sebagainya, dengan cara yang sama sekali saling menguntungkan satu sama sekali lagi, dan sebagai sarana untuk tujuan yang saling menguntungkan (E).",ai
EXPLORE (Jurnal Sistem Informasi dan Telematika) UBL (IndoT5 Parafrase),2014,"Dibutuhkan langkah-langkah strategis dan sistematis untuk membangun sistem pengaduan yang berbasis pada ISO 10002 : 2004, yang diambil dari data kemampuan, pengetahuan dan sistemnya berjalan secara otomatis, salah satu yang menjadi acuan untuk penanganan keluhan untuk kepuasan pelanggan adalah ISO 14002:2004, karena di dalamnya terdapat berbagai klausal yang berkaitan dengan penanganan keluhan, (Marimin, 1992), dalam membangun sistem penanganan komplain yang akan diterapkan di Fakultas Ilmu Komputer Universitas BandarLampung.",ai
EXPLORE (Jurnal Sistem Informasi dan Telematika) UBL (IndoT5 Parafrase),2017,"comWebQual adalah salah satu metode atau teknik pengukuran kualitas web berdasarkan pendapat pengguna akhir, metode ini merupakan pengembangan dari SERVQUAL yang banyak digunakan sebelumnya pengukuran kualitas, dan telah mengalami beberapa interaksi dalam penyusunan dimensi dan butir pertanyaannya, WebQual 4. 0 telah disusun berdasarkan penelitian pada tiga bidang (dimensi) kualitas, yaitu kualitas informasi, usability, dan interaksi layanan perbankan online, dari data tersebut peneliti ingin mengetahui dan menguji kualitas web jual beli online tersebut, yaitu tokpedia. , dan layanan tersebut, dari situs tersebut, sebagai berikut ini , , yang relevansi , antara lain , masing-individual , dll , untuk tujuan s.",ai
EXPLORE (Jurnal Sistem Informasi dan Telematika) UBL (IndoT5 Parafrase),2013,"SISTEM pengembangan perangkat lunak yang digunakan pada penelitian ini adalah model Waterfall, dan pengumpulan data dilakukan dengan metode observasi dan studi pustaka, implementasi SMS oleh perusahaan sebagai media penyampaian informasi dan media alternatif untuk menyampaikan informasi kantor kepada karyawannya yang pada umumnya menggunakan surat atau pengumuman melalui biro. Implementasi ini terkendala oleh terbatasnya waktu pada jam kerja kantor, informasi dapat sampai tepat waktu atau terlambat sesuai dengan proaktif karyawan dan staf yang menyampaikan informasi. (1) Sistem penyampaian informasi tersebut harus dapat diselesaikan dan informasi kantor sampai tepat pada waktunya, jika lembaga menyediakan sarana alternatif dalam penyampaian informasi manajemen (2 ) ( 1 ) - (3) , dan pemrograman (D ) dari sistem penyampaian informasi ( ), dan penyampaian informasi yang relevansi , dll s , dan komunikasi, dan aplikasi, dan program.",ai
EXPLORE (Jurnal Sistem Informasi dan Telematika) UBL (IndoT5 Parafrase),2017,"Ini menggunakan sensor MQ-135 sebagai pendeteksi adanya asap rokok, yang kemudian akan diproses oleh arduino, Arduino akan memproses inputan dan akan menampilkan lokasi tempat terjadinya pelanggaran larangan merokok melalui smartphone. Wifi digunakan sebagai media transmisi antara smartphone dengan alat pendeteksi asap rokok untuk meningkatkan pemantauan. (Teks dengan relevansi EEA), sebagai media komunikasi antara smartphone dan detektor asap rokok. jarak jangkauan maksimal 25 meter digunakan sebagai sarana transmisi antara Smartphone dan alat deteksi asap rokok (Asap Rokok Jarak Jangkauan Minimum 25 Meter). - ukuran - (M) - 135) ( ) s ().",ai
EXPLORE (Jurnal Sistem Informasi dan Telematika) UBL (IndoT5 Parafrase),2016,"(Pereira,2008), E-learning dipandang sebagai aplikasi masa depan di seluruh dunia karena mempromosikan pembelajaran sepanjang hayat dengan memungkinkan peserta didik untuk belajar kapanpun, di mana pun dan pada kecepatan pelajar, sementara pembelajaran kolaboratif atau kerjasama, kegiatan online kelompok dapat di definisikan, tugas yang didelegasikan oleh lebih dari satu mahasiswa, dan koordinasi interaksi yang belum efektif untuk mengontrol pelaksanaan durasi dan sinkronisasi. Dengan demikian diperlukan teknik pendekatan untuk mengelola e-learning agar lebih efektif, dan lebih efisien dalam hal kontrol proses dan koordinasi. prosedur dan koordinasi proses yang tidak efisien dan koordinasi prosedur yang tidak efektifitas yang kurang efisien dan komunikasi yang lebih dari proses yang lebih efisien, dan pengendalian proses yang efisien.",ai
EXPLORE (Jurnal Sistem Informasi dan Telematika) UBL (IndoT5 Parafrase),2016,"( 1 ) Analisis teknologi informasi dilakukan untuk menjamin keberlanjutan operasional yang digunakan oleh Dinas Pendidikan dan Kebudayaan Kabupaten Pesawaran, dengan menggunakan dua domain yaitu Aquire and Implement (AI) dan Delivery and Support (DS), karena pada sistem ini data yang ada bersifat rahasia dan sensitif. Data yang ada disimpan secara rahasia dan tidak akurat, karena dalam sistem tersebut data yang tersedia bersifat rahasia, sensitif. , yang berarti bahwa informasi yang ada sifatnya rahasia dan rentan. adalah kerahasiaan dan sensitif, karena itu data yang telah ditetapkan dengan baik. - data yang relevansimetricr yang baik. dari masing-masing- , dimana data.",ai
EXPLORE (Jurnal Sistem Informasi dan Telematika) UBL (IndoT5 Parafrase),2016,"(Sekolah Minggu Buddhis Bodhisattva) adalah salah satu organisasi yang dibentuk untuk melindungi anak-anak dalam mempelajari agama Buddha, kegiatan pengajaran di SMBB masih bersifat konvensional, dengan cara memberikan penjelasan tentang isi dari buku pegangan yang dimiliki oleh setiap Pembina, serta untuk melihat seberapa besar minat dan keuntungan penggunaan multimedia dalam kegiatan pembelajaran di SMBb akan dijelaskan pada bab IV.",ai
EXPLORE (Jurnal Sistem Informasi dan Telematika) UBL (IndoT5 Parafrase),2010,"Ini adalah salah satu sistem pemeringkatan Pergunrun tinggi dunia yang dapat dinikmati oleh Perguruan Tinggi di Indonesia, dengan memasukkan perguruan tinggi dalam daftar top perguruan tinggi pada bulan Juli 2009 dan 57 perguruan tinggi telah berhasil menduduki peringkat 6000 di seluruh dunia, dengan menggunakan pendekatan CBR yang dikombinasikan dengan algoritma pembelajaran mesin (Mechine Learning Algorithm) sebagai parameter pemeringkat, tetapi Webometrics tidak melakukan pemeringkat berdasarkan program studi masing-masing. (EPSBED), meskipun tidak ada sistem penilaian berdasarkan Program Studinya. Sistem Pemeringkatan berdasarkan Program studi yang sesuai Program Studi yang relevansi (Ha) ( ) Program Studi (Program Studi) Program studi (T ) s Program Studi) ` Promo - program studi) , EPSBeda (M) : untuk dari ).",ai
EXPLORE (Jurnal Sistem Informasi dan Telematika) UBL (IndoT5 Parafrase),2013,"Ini adalah perangkat komunikasi interaktif yang memungkinkan kedua belah pihak atau lebih di lokasi yang berbeda dapat berinteraksi melalui pengiriman audio dan visio dua arah, Video Conference dapat digunakan untuk rapat dengan Universitas-universitas di kota lain. Oleh karena itu, INHERENT (Indonesia Higher Education Network) untuk berpartisipasi dalam acara video conference. , sehingga sesuai dengan standarisasi ITU (International Telecmmunication Union), untuk tujuan ini, video coneferensi harus sesuai dengan Standarisasi ITS (Institute for Higher education Network) , untuk mengukur kesesuaian Video Conference Polycom VS (V) ( ) s dari video conne - video conferensi (video) a) nya.",ai
EXPLORE (Jurnal Sistem Informasi dan Telematika) UBL (IndoT5 Parafrase),2017,"Di Indonesia, Prudential Indonesia menyediakan berbagai produk yang dirancang untuk memenuhi dan melengkapi kebutuhan para nasabahnya di Indonesia, yang mencakup asuransi kesehatan, asuransi jiwa berjangka, asuransi Jiwa tradisional, asuransi kecelakaan, asuransi dwi guna, asuransi pendidikan, dan asuransi income yang datanya terintegrasi pada sistem informasi perusahaan, dengan tujuan untuk mempertemukan kebutuhan bisnis dengan layanan asuransi nasabah, sehingga sistem TI perusahaan dapat berfungsi secara efektif untuk mendukung kegiatan layanan asuransi. ( 1 ) OJ L 201, 7. 5 ( 5) ( ), dan (MEA) s , dari perusahaan , yang relevansi.",ai
EXPLORE (Jurnal Sistem Informasi dan Telematika) UBL (IndoT5 Parafrase),2013,"Di masa kini, perkembangan dan kemajuan teknologi informasi terus berlanjut, untuk dapat bersaing sesuai dengan perkembangan zaman, Wisma Chandra Bandar LAM akan menggunakan desain program aplikasi front-office yang dapat membantu transaksi penginputan data pada Wisma Chandra. Dalam merancang program, penulis menggunakan tahap-tahapan desain program yang dijelaskan pada bagian keempat dari penelitian ini.",ai
EXPLORE (Jurnal Sistem Informasi dan Telematika) UBL (IndoT5 Parafrase),2017,"(1) Penelitian ini menggunakan metode waterfall pada analisis dan desain terstruktur melalui lima tahap, yaitu analisis (analysis), desain (design), pembuatan kode program, pengujian dan dukungan (support), sedangkan untuk masyarakat yang hanya ingin mengetahui koleksi buku, harus secara langsung mengunjungi perpustakaan dan memeriksa buku satu per satu di rak buku yang tersedia, dan juga dapat memberikan kritik dan saran kepada Perpustakaan Daerah Kota Bandar LAMPIRAN, dengan tujuan untuk memudahkan masyarakat dalam melakukan pencarian buku dan booking buku di mana saja. (2) ( ) ), (a) , ) - : ( 1 ).",ai
EXPLORE (Jurnal Sistem Informasi dan Telematika) UBL (IndoT5 Parafrase),2016,"( 1 ) Penelitian ini bertujuan untuk mengetahui sistem pengendalian persediaan sparepart di Gudang Cabang Tanjung karang dengan menggunakan pendekatan kualitatif, yaitu dengan melakukan observasi langsung, melakukan wawancara dan mengumpulkan data berupa dokumen yang berkaitan dengan persediaan, untuk menghasilkan perhitungan jumlah stok dapat dilakukan kembali ketika stok persediaan berjumlah 2. Dari hasil penelitian dapat disimpulkan bahwa perusahaan harus menerapkan perhitungan ROP dan Buffer Stock dalam pengelolaan dan pengendalian persediaan untuk menghindari kekurangan stok (Stock Out) dan kelebihan atau penumpukan sparel. , dan untuk menghindari adanya kekurangan stok atau kelebihan atau menumpuk spa , dll , untuk tujuan untuk pengendalian persediaan yang sesuai.",ai
EXPLORE (Jurnal Sistem Informasi dan Telematika) UBL (IndoT5 Parafrase),2010,", sehingga banyak jenis ERP yang dapat menterjemahkan kebutuhan bentuk pelaporan yang tidak tergantung pada kondisi tertentu, seperti SAPTM, ORACLETM, MICROSOFTTM, yang pada akhirnya mampu memberikan efisiensi bagi perusahaan, baik dari proses implementasi hingga proses implementasi aplikasi Business Intelligence (BI), dengan tujuan untuk memastikan bahwa data yang dihasilkan dari kegiatan transaksi ERP sistem yang sedang berjalan dapat diimplementasikan sesuai dengan strategi perusahaan. , Aplikasi ini telah menjadi instrumen yang sangat kritikal untuk digunakan. Keputusan Bisnis Intelligence , dan aplikasi ERP , aplikasi yang dapat digunakan dalam aplikasi. aplikasi yang sesuai dengan aplikasi tersebut. pendekatan yang relevansi aplikasi yang diperlukan. aplikasi untuk tujuan akhirnya dapat digunakan oleh perusahaan.",ai
EXPLORE (Jurnal Sistem Informasi dan Telematika) UBL (IndoT5 Parafrase),2014,"Untuk membantu keterbatasan manusia dalam memecahkan berbagai masalah yang dihadapi, khususnya untuk pekerjaan yang bersifat pengulangan, teknologi komputer digunakan untuk memproses data, termasuk pemrosesan, pengumpulan, penyusunan, penyimpanan, manipulasi data dalam berbagai cara untuk menghasilkan informasi yang berkualitas, yaitu informasi yang relevan, cepat, akurat dan tepat waktu, sehingga akan meningkatkan produktivitas kerja dan membantu proses pengambilan keputusan. 1 Perkembangan teknologi informasi mendorong suatu cara baru dalam berbagai bidang usaha.",ai
EXPLORE (Jurnal Sistem Informasi dan Telematika) UBL (IndoT5 Parafrase),2017,"Untuk saat ini, sistem yang berjalan antara pencatatan transaksi penjualan dan pembelian masih belum konsisten, dengan menggunakan PHP sebagai bahasa pemrograman yang berfungsi sebagai antarmuka web, MySQL sebagai pengolah data yang terkait dengan sistem, perhitungan harga pokok penjualan, dan laporan laba-rugi, Sistem ini dirancang dengan menggunakan pemrograman Rational Unified Process (RUP), yang dapat menghasilkan informasi yang berkaitan dengan pembelian, pemesanan barang, pengiriman barang, retur penjualan barang dan laporan hasil pengujian yang diperlukan dalam hal ini. - Laporan laba rugi - Sistem ini - Laporan Pengembangan Sistem ini (Ren) ( ) , dll.",ai
EXPLORE (Jurnal Sistem Informasi dan Telematika) UBL (IndoT5 Parafrase),2013,"Untuk dapat bersaing sesuai dengan perkembangan zaman, P. Kartika meninggalkan cara manual untuk mencatat transaksi persediaan, penjualan dan pembelian sparepart, karena akan mengurangi efisiensi kerja dan hasil yang kurang optimal, sehingga mahasiswa dapat mengintegrasikan teori dan praktik yang diperoleh dibangku kuliah dengan kenyataan yang ada di tempat kerja, dengan tujuan untuk meningkatkan efisiensi kerja, agar pelanggan dan kinerja perusahaan lebih baik. ( 1 ) Tujuan dari laporan akhir studi ini adalah untuk menjelaskan, menggambarkan dan melaporkan hasil dari pelaksanaan penyusunan Laporan Akhir Studi, dan untuk memberikan pandangan dan pengalaman langsung.",ai
EXPLORE (Jurnal Sistem Informasi dan Telematika) UBL (IndoT5 Parafrase),2017,"(Sistem Informasi Pengolahan Data Barang untuk Sertifikasi ISO 9001:2008 di Divisi IT, sertifikasi ini berkaitan dengan laporan QMS Plan dan Analisis Data, mulai dari input data, pengecekan data, sampai dengan pembuatan laporan, aplikasi ini dibuat dengan Java Netbeans versi 7. 0 dan Database AppServ 2. Aplikasi ini dirancang untuk memungkinkan pemrosesan data barang dengan lebih baik, lebih terstruktur, dan lebih rinci. ) , yang akan digunakan untuk mengembangkan sistem ini. tujuan aplikasi ini harus dibuat oleh aplikasi ini.",ai
EXPLORE (Jurnal Sistem Informasi dan Telematika) UBL (IndoT5 Parafrase),2012,"Tossa Salimas Finance adalah perusahaan yang bergerak di bidang pembiayaan kredit sepeda motor merek TOSSA, yang berbasis di semarang dan memiliki kantor pusat dipahoman bandar ampat, sehingga banyak terjadi kesalahan seperti pembayaran tidak berkala, lamanya proses, dan biaya yang berlebihan dalam pengelolaan setiap transaksi karena banyak kertas yang dibutuhkan dalam setiap transaksi sering terjadi, dan prosedur kerja yang kurang efisien telah dikembangkan oleh perusahaan. Dengan memperhatikan penjelasan di atas, sistem informasi penanganan kredit motor yang baik dirancang untuk mengurangi biaya yang besar dan waktu yang relatif lama dapat dicapai dengan jarak pendek ( ) , dan kurangnya pengawasan yang lebih baik. (motor) ( Motor) s dari pada tahun 2007 , , dll a , sebagai berikut , yaitu , yang , dimana , untuk tujuan a, dan waktu , sehingga.",ai
EXPLORE (Jurnal Sistem Informasi dan Telematika) UBL (IndoT5 Parafrase),2017,"OLAP digunakan dalam penelitian ini untuk membuktikan seberapa efektif pengolahan data dengan sistem yang di terapkan, dengan studi kasus di Universitas Bandar LAMPIRAN, kebutuhan akan pelaporan data yang cepat dan akurat menjadi dasar utama untuk mengembangkan aplikasi berbasis OLAS. Banyaknya variabel pelaporan, serta tidak terdigitilalisasi data memungkinkan aplikasi tersebut untuk memberikan peningkatan yang signifikan terhadap efisiensi pengolahan data. staf dan karyawan yang di butuhkan oleh Instansi tersebut.",ai
EXPLORE (Jurnal Sistem Informasi dan Telematika) UBL (IndoT5 Parafrase),2012,"(2) Dalam makalah ini, kebutuhan untuk layanan video konferensi telah menunjukkan peningkatan yang signifikan dalam bisnis, militer dan pemerintahan, tetapi proses otentikasi dan key establishment antara client dan server menggunakan sistem challenge respond berbasis public key cryptosystem, sementara komunikasi video konferensi diamankan dengan menerapkan teknik enkripsi untuk data video dan audio menggunakan algoritma AES 256 bit dengan mode CTR, sedangkan waktu rata-rata proses enkripsi dan dekripsi pada komunikasi video Konferensi adalah 6140,14 ins. Waktu rata - Proses enkripsi dan - Proses Dekripsi - Proses Pengen - Komunikasi Video Konferensi - Proses (V - Proses) - Proses - Proses Keamanan - Komunikasi video - Proses keamanan - Proses yang sedang berlangsung - aplikasi - Proses.",ai
EXPLORE (Jurnal Sistem Informasi dan Telematika) UBL (IndoT5 Parafrase),2016,"Sms Short Message Service (SMS) adalah layanan komunikasi berbasis teks yang paling kuat dalam menyampaikan pesan komunikasi, sedangkan notifikasi pelanggan adalah layanan sms pemberitahuan tentang fungsi layanan yang diterima oleh pelanggan, yang dapat digunakan oleh perusahaan, baik produk maupun jasa, melalui sistem informasi yang dikoneksikan dengan jaringan seluler untuk mengirimkan pesan-pesan melalui media SMS. Dengan adanya layanan berbasis sms ini, diharapkan dapat membantu kerja dari Software House LAM dalam memperluas pangsa pasar dan memberikan layanan terbaik kepada pelanggan melalui sms notifikasinya. Notifikasi pelanggan akan menjadi lebih efisien.",ai
EXPLORE (Jurnal Sistem Informasi dan Telematika) UBL (IndoT5 Parafrase),2010,"( 1 ) Standar ISO 9126 adalah salah satu kerangka kerja umum mengenai karakteristik kualitas perangkat lunak yang diimpelementasikan dalam sebuah perusahaan, yang dipercaya memiliki kekuatan yang lebih adaptable yang dapat digunakan untuk seluruh sistem, terutama untuk menetapkan kerangka umum untuk mengevaluasi perangkat lunak, sehingga pihak manajemen akan lebih akurat dalam memperoleh informasi untuk menentukan keputusan strategic sehubungan dengan hal ini. Dengan demikian, perusahaan yang telah berintegrasi dengan perangkat lunak dalam proses bisnisnya harus menilai perangkat lunak dengan cara yang lebih efektif yang dihasilkan sesuai dengan standar yang ada. , untuk tujuan ini, bahwa mereka. ) , dan untuk tujuan tersebut, yang relevansi.",ai
EXPLORE (Jurnal Sistem Informasi dan Telematika) UBL (IndoT5 Parafrase),2014,"Di samping media pembelajaran tersebut, saat ini sering digunakan program komputer berupa permainan edukatif untuk membantu mengembangkan daya kreatifitas anak pada usia dini. Jenis ini mendeskripsikan pemain sebagai seorang tokoh yang memiliki beberapa properti dan kemampuan yang dapat berkembang sesuai dengan tingkatan yang telah dicapai. Dengan bermain, banyak hal yang dapat dipelajari oleh anak-anak sejak usia dini, selain itu juga untuk memperkenalkan teknologi komputer sejak dini kepada anak-anaknya. , dan sebagai sumber daya manusia yang dapat dikembangkan sesuai dengan tingkat yang telah mencapai tujuan yang telah tercapainya, dan menjadi masalah dalam pembuatan tugas akhir ( 2 ) - materi pembelajaran yang telah diperkenalkan pada tingkat yang pertama kalian anak-orang tua yang telah menjadi seorang anak- , dll.",ai
EXPLORE (Jurnal Sistem Informasi dan Telematika) UBL (IndoT5 Parafrase),2017,"(DBD) masih merupakan salah satu masalah kesehatan masyarakat yang penting di Indonesia, dengan jumlah penderita dan luas daerah penyebaran yang meningkat, Sistem Informasi Geografis adalah sistem yang dapat mendukung pengambilan keputusan spasial dan mampu mengintegrasikan deskripsi lokasi dengan karakteristik fenomena yang ditemukan di suatu lokasi. Sistem informasi geografis yang dibangun merupakan upaya untuk mempromosikan sistem surveilans untuk penanganan yang efektif dalam pencegahan dan pemberantasan penyakit DBD, khususnya di Metro. , dan pola penyebaran kasus.",ai
EXPLORE (Jurnal Sistem Informasi dan Telematika) UBL (IndoT5 Parafrase),2013,"Untuk mencapai hasil yang lebih sempurna, mempercepat dan mempermudah pekerjaan, Kantor Dinas Badan Pusat Statistik (BPS) Kabupaten Tulang Bawang Selatan diharapkan untuk meninggalkan cara manual dalam mencatat data inventaris barang karena akan mengurangi efisiensi kerja, sehingga hasilnya kurang dirasakan optimal. ( 1 ) Skripsi ini menggambarkan dan menjelaskan desain sistem informasi manajemen inventory pada Kantor Dinas BPS (Badan Pusat Statistik) Provinsi Jawa Tengah.",ai
EXPLORE (Jurnal Sistem Informasi dan Telematika) UBL (IndoT5 Parafrase),2012,"Semakin majunya zaman, sistem informasi yang menggunakan komputerisasi tidak hanya terbatas pada sistem keuangan, tetapi juga pada seluruh aspek kehidupan. Oleh karena itu, Peneliti ingin migrasi sistem operasi dari manual ke sistem komputerisasi, karena Visual FoxPro. lebih mudah dioperasikan dan efisien, untuk itulah peneliti ingin mengubah sistem operasi manual ke Sistem Komputerisasi, dengan alasan bahwa Visual Foxpro. lebih efisien dan lebih mudah digunakan. , dan karenanya, untuk mendukung hal ini, mereka membutuhkan sistem yang lebih baik. dan lebih efektif daripada manual, dan untuk itu, dll. () , sehingga , , dll. - , dalam hal-sistem yang lain, dan sebagai akibatnya, dan efisiensi.",ai
EXPLORE (Jurnal Sistem Informasi dan Telematika) UBL (IndoT5 Parafrase),2016,"(1) Studi kasus dari penelitian ini adalah sistem presensi dosen mengajar pada IIB Darmajaya dengan menggunakan dua perekaman data, yaitu aplikasi presensi yang berada pada petugas PLPP dan buku presensi mengajar, meskipun perekaman data presensi telah menggunakan 2 (dua) cara perekaman, namun kemungkinan kecurangan antara dosen dan petugas plpp dengan menitipkan tanda tangan presensinya melalui aplikasi dan buku cetak presensi. , sehingga diharapkan hasil yang diperoleh memberikan solusi untuk perubahan sistem presentasi yang lama. (2) metode perekaman data yang digunakan.",ai
EXPLORE (Jurnal Sistem Informasi dan Telematika) UBL (IndoT5 Parafrase),2011,", CV krakatau adalah sebuah perusahaan yang bergerak di bidang percetakan yang menerima berbagai jenis cetakan yang dibutuhkan oleh bermacam-macam jenis bidang usaha di Bandar LAMPIRAN ini, dan CV Krakatau hadir untuk membantu kelancaran dan efisiensi perusahaan yang membutuhkannya, dengan menggunakan metode MRP (Material Requirement Planning) dalam hal penyediaan bahan materialnya, agar berjalan dengan efisien dan efektif.",ai
EXPLORE (Jurnal Sistem Informasi dan Telematika) UBL (IndoT5 Parafrase),2014,"Ini akan menggambarkan dan menjelaskan sistem pakar yang akan digunakan untuk mendeteksi kerusakan sepeda motor 4-tak dengan menggunakan metode backward chaining dengan jelas, peneliti akan menggunakan metode Backward Chaining sebagai metode inferensi untuk sistem pakar ini. Penjelasan sistem pakar untuk deteksi kerusakan motor 4 tak dengan menggunakan Metode Backward Chaining akan dijelaskan pada Bab IV Penelitian ini. (1) Sistem Pakar untuk Deteksi Kerusakan Sepeda Motor 4-Tak dengan Metode Backwarning.",ai
EXPLORE (Jurnal Sistem Informasi dan Telematika) UBL (IndoT5 Parafrase),2017,"TIK tidak bisa diremehkan keberadaannya dan kemajuannya. Kemajuan yang ada sangat membantu dan secara langsung mengurangi penggunaan kertas. Semua data absensi, nilai, keterlibatan mahasiswa dalam kuliah dan di luar kuliah dapat disimpan secara online atau paperless, sehingga jika terjadi kerusakan atau kehilangan pada gadget yang biasa digunakan, semua data tetap tersimpan dengan rapi dan utuh. Kegiatan ini membutuhkan waktu 2 (dua) semester atau 1 (satu) tahun sampai nilai yang diharapkan dapat dilihat oleh semua mahasiswa dan benar-benar tidak ada kesalahan. , dan tidak ada salahnya. s , dan - dan langsung.",ai
EXPLORE (Jurnal Sistem Informasi dan Telematika) UBL (IndoT5 Parafrase),2017,"Untuk menghindari pencurian atau sabotase informasi pesan yang dilakukan antara dua belah pihak dan tidak terbaca oleh orang yang tidak diinginkan, penelitian ini menggunakan teknik steganografi End Of File, di mana pesan rahasia akan disisipkan pada media citra digital berformat JPG, namun disisipkan pada akhir suatu file citra tersebut. Hasil dari penelitian ini akan menghasilkan gambar stego yang tidak berubah secara signifikan serta proses pengambilan pesan yang relative cepat. , sehingga memberikan alternatif untuk pengiriman pesan yang aman.",ai
EXPLORE (Jurnal Sistem Informasi dan Telematika) UBL (IndoT5 Parafrase),2012,"KOMUNITAS MITRA SEHATI salah satu badan koperasi di Kota Agung Tanggamus yang bergerak di bidang penjualan pupuk, sistem penjualan pada koperasi ini masih manual, penjualan pupuk merupakan faktor penting yang harus diperhatikan dan ditangani dengan baik dalam koperasi ini. Dengan adanya komputer dalam usaha penjualan pupuk diharapkan dapat meminimalisasi kesalahan / tidak terjadi kesalahan dalam menangani penjualan. ( 1 ) OJ L 127, 7. 2005, hal ini disebabkan oleh kurangnya fasilitas yang menangani penjualan, kesalahan atau kurangnya informasi yang keluar dari perusahaan tersebut.",ai
EXPLORE (Jurnal Sistem Informasi dan Telematika) UBL (IndoT5 Parafrase),2017,"(1) Pengembangan data warehouse dilakukan dengan menggunakan metode nine-step methodology, yang mampu menjawab tantangan kebutuhan IBI Darmajaya selama periode Ganjil 2014/2015, karena proses penentuan mahasiswa yang memperoleh penghargaan selama ini dilakukan dengan melihat data transaksi dari Daftar Nilai Semester (DNS), sehingga membutuhkan waktu yang lama untuk mencapai keputusan yang cepat dan tepat. Keputusan yang diambil oleh tim Biro Administrasi Akademik dan Kelembagaan (BAAK) yang sangat singkat. , sehingga memerlukan waktu yang lebih lama. Proses pengambilan keputusan yang lebih cepat dan mempercepat proses yang lebih baik dalam hal ini lebih cepat, dan sebagai alat bantu.",ai
JTIP (Jurnal Teknologi Informasi dan Pendidikan) UNP (IndoT5 Parafrase),2017,"Dijelaskan bagaimana Fuzzy Logic adalah metodologi berhitung dengan variabel kata-kata (linguistic variable), sebagai pengganti bilangan, kata yang digunakan dalam fuzzy logic jauh lebih dekat dengan intuisi manusia. Aplikasi ini dirancang dengan bahasa pemrograman PHP dengan database MySQL, sebagai hasil akhir dapat disimpulkan bahwa sistem ini dapat menghitung volume produksi dari data permintaan dan persediaan yang telah diketahui dalam pengambilan keputusan.",ai
JTIP (Jurnal Teknologi Informasi dan Pendidikan) UNP (IndoT5 Parafrase),2017,"(1) Metadata dapat didefinisikan sebagai data tentang data atau data yang menjelaskan tentang data lain, dokumen metadata terdiri dari informasi yang menjelaskan karakteristik data, termasuk data tentang, kualitas data dan kondisi data dan bagaimana mendapatkan akses ke data. Metadata digunakan untuk mendokumentasikan data yang dihasilkan dan menjawab pertanyaan mendasar tentang siapa, kapan, di mana, dan mengapa data dibuat. , yang ditempatkan pada data repositori dan dapat diakses dengan menggunakan browser web, untuk membuat metadata apa adanya, dan untuk tujuan apa data itu dibuat. mengakses sistem elearning - pendekatan ini akan memberikan solusi untuk menyediakan metadata yang mendefinisikan metadata , dan bagaimana metadata telah dibuat oleh metadata.",ai
JTIP (Jurnal Teknologi Informasi dan Pendidikan) UNP (IndoT5 Parafrase),2017,"Di Sekolah Menengah Kejuruan, pembelajaran dasar dan pengukuran listrik adalah mata pelajaran produktif yang mendukung pengetahuan awal siswa tingkat/kelas selanjutnya, jika guru hanya menjelaskan dengan metode ceramah tanpa bantuan media, peserta didik akan kesulitan memahami dan memahami komponen tersebut jika hanya menjelaskan melalui metode ceramah, tetapi juga dapat meningkatkan keaktifan, kreatifitas dan hasil yang lebih baik pada mata pelajaran ini. dan bahkan mempengaruhi psikologis siswa. 1 Pengembangan media pembelajaran trainer yang valid, praktis dan efektif dalam rangka penyempurnaan media pembelajaran diharapkan menjadi solusi praktis menjawab masalah ini. Pembelajaran ini, Media Pembelajaran ini akan menjadi lebih baik untuk tujuan pembelajaran yang relevansi.",ai
JTIP (Jurnal Teknologi Informasi dan Pendidikan) UNP (IndoT5 Parafrase),2017,"sortir bola pada beberapa perusahaan industri plastik saat ini masih dilakukan secara manual oleh manusia, seperti yang kita ketahui manusia memiliki keterbatasan dalam berpikir, seringkali merasa bosan atau lalai untuk melakukan aktivitas, sehingga prototipe alat sortasi ini diharapkan dapat menjadi solusi yang akan membantu meningkatkan produktivitas perusahaan. Dari hal ini, prototipe alat pengelompokan bola berdasarkan perbedaan warna dirancang dengan menggunakan LED RGB dan LDR sebagai sensor warna dan seluruh aktivitas pemrosesan tugas dikendalikan menggunakan Arduino dengan mikrokontroler ATMega328.",ai
JTIP (Jurnal Teknologi Informasi dan Pendidikan) UNP (IndoT5 Parafrase),2017,"Ini adalah pusat pelatihan dan penilaian kinerja karyawan di Sentra Pendidikan Bank Rakyat Indonesia (BRI) Padang yang bertujuan untuk meningkatkan kualitas dan kualitas Sumber Daya Manusia (SDM) dalam setiap pekerjaan mereka, dengan menggunakan model UML (Unified Modelling), yang dapat memberikan gambaran tentang bagaimana program berjalan serta interaksi antara aktor dan sistem, dan penggunaan bahasa pemrograman PHP yang didukung database MySQL juga membuat sistem ini menjadi sistem informasi online yang dapat membantu pengguna dalam mengakses informasi yang diperlukan kapan dan di mana saja. , dan dapat memudahkan pimpinan.",ai
JTIP (Jurnal Teknologi Informasi dan Pendidikan) UNP (IndoT5 Parafrase),2017,"Untuk meningkatkan kualitas pembelajaran, dosen yang memberikan perkuliahan dapat masuk sesuai dengan jadwal yang sudah ditentukan untuk membuka pintu dengan menggunakan Card RFID yang dimiliki oleh masing-masing dosen, kemudian akan dibaca oleh Mikrokontroler sebagai indikator untuk aktivasi modul, karena informasi ruangan akan ditampilkan pada Dot Matrix, berupa nama dosen, nama matakuliah, waktu kuliah dan jumlah SKS mata kuliah yang akan ditransfer sebagai indikator.",ai
JTIP (Jurnal Teknologi Informasi dan Pendidikan) UNP (IndoT5 Parafrase),2017,"Di TAL Barat, berdasarkan hasil evaluasi stabilitas lereng menggunakan software Geostudio 2012 Slope/W, ternyata pengaruh muka air tanah terhadap nilai faktor keamanan lereng sangat signifikan, dimana kemiringan lereng yang semula berada pada kondisi penuh, intermediate slope dan overall slope, diasumsikan mengalami penurunan partially saturated, sehingga lereng berada dalam kondisi kritis, sedangkan nilai faktor keselamatan lereng yang diperoleh untuk lereng side wall timur, yaitu FK=1,138, maka lereng berada pada keadaan kritis, dengan asumsi bahwa kemiringan lereng tidak stabil, maka kemiringan lereng adalah kritis, karena kemiringan lereng , kemiringan lereng, dan kemiringan lereng barat, sehingga kemiringan lereng timur, , (W), dan sudut geser , yaitu , sebagai berikut , dari lereng , dan , di atas, dan lereng ( ) , adalah , - , seperti , atau konvergensi , pada , dalam kondisi , dll,.",ai
JTIP (Jurnal Teknologi Informasi dan Pendidikan) UNP (IndoT5 Parafrase),2017,"Disampaikan bahwa belum pernah diadakan pemilihan guru berprestasi, setelah dilakukan penelitian pada sekolah tersebut dengan mengumpulkan data-data baik wawancara dan data yang diarsipkan, selanjutnya dilakukan analisis terhadap data yang telah dikumpulkan dengan menggunakan alat bantu perancangan sistem, yang kemudian dikembangkan dengan menggunakan metode Analytic Hierarchy Process (AHP) dan bentuk aplikasi untuk menentukan pemilihan guru dan laporan pemilihannya dengan menggunakan bahasa pemrograman PHP dan MySQL, sehingga diharapkan sistem baru ini dapat membantu pihak sekolah dalam pengelolaan pemilihan guru yang lebih efektif dan efisien. , oleh karena itu, oleh Sistem baru ini, dan oleh Sistem yang lebih baik.",ai
JTIP (Jurnal Teknologi Informasi dan Pendidikan) UNP (IndoT5 Parafrase),2016,"inventarisasi merupakan kegiatan untuk mencatat dan menyusun barang atau bahan yang ada secara benar sesuai dengan ketentuan yang berlaku, dan untuk meningkatkan pelayanan dan efisiensi sistem kontrol inventaris perlengkapan, maka dikembangkan sistem pengolahan data inventaris peralatan yang masih manual dengan menggunakan database untuk penyimpanan data, sehingga informasi inventaris pergudangan yang terdaftar dapat diakses oleh petugas dengan cepat dan sistem yang lebih efisien. 0, dengan tujuan untuk meningkatkan layanan dan efisiensi dalam mencari data Katalog Perlengkapan Kantor Bupati Dharmasraya, serta untuk meningkatkan efisiensi dalam melakukan pencarian Data inventaris diperlukan untuk mengatasi masalah tersebut untuk menemukan data yang dapat ditemukan oleh petugas yang diperlukan.",ai
JTIP (Jurnal Teknologi Informasi dan Pendidikan) UNP (IndoT5 Parafrase),2016,"(PC Cloning) adalah teknologi Terminal Service pada jaringan komputer lokal yang menggunakan kabel seperti Local Area Network (LAN) dan jaringan tanpa kabel seperti Wide Area Networks (WAN), dengan PC Cloning, komputer lama yang berbasiskan Processor 486 sebagai komputer client dapat dioptimalkan kecepatannya sama dengan kecepatan dari komputer server hanya dengan bantuan aplikasi Windows Terminal Server dan Citrix MetaFrame XP yang dijalankan di komputer server dan Clitrix ICA Clients yang dijalankan pada komputer klien.",ai
JTIP (Jurnal Teknologi Informasi dan Pendidikan) UNP (IndoT5 Parafrase),2016,"REZEky Koperasi adalah sebuah kegiatan bisnis yang bertujuan untuk meningkatkan keuntungan anggota koperasi, pada perusahaan diperlukan perangkat pengolahan data dari sistem informasi dan anggota yang menggunakan bahasa pemrograman java dan mysql sebagai databasenya. Dengan menerapkan sistem pengolahan data informasi, Rezeky Koperasi diharapkan dapat meningkatkan efisiensi dan efektivitas karyawan dalam pengolahan data anggota dan dapat menghasilkan informasi secara cepat dan akurat, membantu koperasi dalam mengambil keputusan tentang kebijakan kepemimpinan.",ai
JTIP (Jurnal Teknologi Informasi dan Pendidikan) UNP (IndoT5 Parafrase),2016,", penggunaan komputer selama ini terbatas pada pembuatan laporan operasional kepada pimpinan, yaitu menggunakan Microsoft Excel, pengolahan data manual kemungkinan besar terjadi kesalahan karena banyak data yang diproses dan membutuhkan waktu yang cukup lama sehingga penyajian informasi tidak sesuai dengan waktu yang dibutuhkan. Data yang diproses memerlukan tingkat ketelitian yang cukup tinggi karena yang diproses banyak dan dilakukan secara manual. , data yang diolah memerlukan tingkat presisi yang cukup besar karena yang diolah banyak dan manual.",ai
JTIP (Jurnal Teknologi Informasi dan Pendidikan) UNP (IndoT5 Parafrase),2016,", dengan kemajuan teknologi saat ini, tidak sulit untuk merancang suatu alat yang dapat memfasilitasi masyarakat yang tinggal dekat muara/waduk untuk mengatur stabilitas air muara/ waduk keluar, tanpa harus menggunakan tangan atau membuka pintu secara manual. Sistem ini dibuat dengan menggunakan sensor inframerah dan photo dioda pada pintu berbasis pada arduino uno atmo 328.",ai
JTIP (Jurnal Teknologi Informasi dan Pendidikan) UNP (IndoT5 Parafrase),2016,"Di dunia kontrol kualitas, produksi yang optimal akan meningkatkan keuntungan perusahaan, beberapa faktor yang mempengaruhi produksi pertambangan kondisi jalan yang memadai, efisiensi kerja, dan kompatibilitas antara excavator dan alat pembongkaran adalah proses yang dapat mempengaruhi produksi. Metode ini statis kontrol proses (SPC) adalah metode untuk menganalisis dan meningkatkan proses untuk melihat apakah suatu proses berada di bawah kendali atau tidak. Prosedur ini adalah Statistical Control Process Control (SPC).",ai
JTIP (Jurnal Teknologi Informasi dan Pendidikan) UNP (IndoT5 Parafrase),2016,"Penelitian ini bertujuan untuk menentukan berapa kubik air yang terjual dari data penjualan air pelanggan untuk mendapatkan informasi yang bermanfaat bagi karyawan dalam pengelompokan pelanggan berdasarkan jenisnya. Dalam mengelola data tersebut, kita menggunakan metode Data Mining dengan algoritma k-means clustering. Data mining merupakan penggalian informasi dari sejumlah data yang besar. Informasi yang dihasilkan berupa kelompok nama pelanggan yang penggunaan air nya termasuk boros, sedang dan hemat, jadi pihak PDAM Kab. 50 Kota dapat mengetahui berapa banyak pelanggan yang menggunakan air mereka Boros, Sedang dan Hemat, sehingga dapat dilakukan. Penguji yang dilakukan menggunakan aplikasi RapidMiner - cluster pelanggan yang digunakan oleh pelanggan yang akan digunakan untuk pelanggan yang dapat diklasifikasikan pelanggan yang sesuai dengan harga yang dapat digunakan untuk tujuan yang dapat dilakukan oleh pelanggan , dan hemat dan hemat yang dapat melakukan (Ta) - , - ( ) cluster -. - a - pelanggan yang diperlukan.",ai
JTIP (Jurnal Teknologi Informasi dan Pendidikan) UNP (IndoT5 Parafrase),2016,"Pengelompokan siswa berdasarkan faktor-faktor yang mempengaruhi keberhasilan siswa dalam belajar bertujuan untuk membantu dan menyederhanakan proses pengelolaan data siswa, salah satu metode Data Mining yang digunakan adalah metode Clustering dengan Algoritma K-Means, aplikasi RapidMiner digunakan untuk membantu dalam pengolahan data yang mampu memberikan informasi bagi guru bimbingan dan pihak sekolah dalam memahami data siswa. minat, minat dan nilai rata-rata siswa sebagai alat bantu dalam menentukan kategori keberhasilan siswa.",ai
JTIP (Jurnal Teknologi Informasi dan Pendidikan) UNP (IndoT5 Parafrase),2016,"wall follower adalah salah satu metode untuk navigasi robot. Metode ini didukung oleh logika fuzzy yang berfungsi untuk menentukan langkah kaki robot yang harus diberikan kepada mikrokontroller, untuk menelusuri dinding kanan ini, digunakan tiga buah sensor SRF 04. Software yang digunakan pada sistem ini ada dua, yaitu Matlab 6. 1 untuk Proses Logika Fuzzy dan Code Vision AVR untuk Compiler Pemrograman Robot.",ai
JTIP (Jurnal Teknologi Informasi dan Pendidikan) UNP (IndoT5 Parafrase),2016,"Pada penelitian ini, penulis melakukan proses penentuan kualitas ruang rawat inap rumah sakit dengan menggunakan metode Fuzzy logic dan metode Tsukamoto sebagai metode perhitungan sistem, MySQL sebagai database dan PHP sebagai bahasa pemrogramannya. Hasil dari penelitian ini akan menghasilkan aplikasi yang dapat digunakan untuk membantu pihak rumah sakit untuk mengetahui kualitas atau tidaknya ruang rawat di rumah sakit. , yang dapat memberikan hasil pertimbangan kepada pihak rumah Sakit. 1, yang akan memberikan masukan kepada pihak Rumah Sakit.",ai
JTIP (Jurnal Teknologi Informasi dan Pendidikan) UNP (IndoT5 Parafrase),2016,"Simple Additive Weighting adalah sistem informasi berbasis komputerisasi yang menghasilkan alternatif tertentu untuk menangani masalah data yang ada dalam pengambilan keputusan di Diklat Pemerintah Provinsi Sumatera Utara, terutama menyangkut bilangan yang rumit sehingga pengambilan keputusan mengalami ketidakpastian data dari hasil penilaian yang tidak akurat. Untuk menentukan penilaian yang tepat diperlukan kriteria dari setiap alternatif dan bobotnya sehingga dapat menghasilkan penilaian yang akurat. Keputusan harus dibuat dengan menggunakan metode Simple additive weighting.",ai
JTIP (Jurnal Teknologi Informasi dan Pendidikan) UNP (IndoT5 Parafrase),2016,"(AHP) adalah metode yang dapat digunakan untuk menentukan rumah yang ideal sesuai dengan kebutuhan masyarakat dan konsumen di daerah Mandau, dengan melibatkan pengembang dalam keputusan untuk menentukan kriteria rumah ideal di Mandau dan memberikan alternatif yang ada, metode AHP diharapkan dapat memberikan hasil yang optimal bagi pengembang dan masyarakat / konsumen di lingkungan yang ideal. , untuk mengatasi masalah ini. bahwa sistem pendukung keputusan yang dapat membantu para pengambil keputusan dalam menentukan pilihan rumah yang tepat, sehingga dapat membantu pengembang dan konsumen dalam memilih rumah yang mereka inginkan. Rumah yang ideal akan menjadi penting bagi masyarakat dan Konsumen di rumah yang sempurna.",ai
JTIP (Jurnal Teknologi Informasi dan Pendidikan) UNP (IndoT5 Parafrase),2016,"(1) Penelitian ini bertujuan untuk mengembangkan sistem informasi geografis Sekolah Luar Biasa (SLB) di Kota Padang, yang dapat membantu pengguna dalam mencari dan menemukan lokasi SLB melalui pemetaan, dengan Google Map, daftar SLB dan detail informasi SLB pada halaman visitor, dan beberapa fitur yang disediakan untuk operator masing-masing SLB dapat menginput, mengupdate dan melaporkan data sekolahnya, seperti alamat, Visi Misi, Profil, Komite, Struktur Organisasi, Status, Jumlah Tenaga Pendidik, Foto, dan Data Jumlah Siswa, dan data jumlah siswa. - Sistem Informasi Geografis - Data jumlah siswa, dan - Data Geografis.",ai
JTIP (Jurnal Teknologi Informasi dan Pendidikan) UNP (IndoT5 Parafrase),2004,"Ini membahas penerapan metoda Linear Quadratic Gaussian (LQG) pada sistem kontrol frekuensi tenaga listrik tipe Non-Reheat, Reheat dan Hidraulik, berdasarkan kriteria desain tertentu, untuk analisa peralihan yang dilakukan tanpa dan dengan metode Linear quadratic gaussian ( LQG ) untuk menghitung deviasi frekuensi yang dihasilkan oleh perubahan beban, terutama pada saat pembagian beban yang harus dipikul oleh generator, waktu naik, waktu puncak, waktu keadaan mantap, nilai puncak dan nilai lewatan maksimum, dan nilai batas waktu naik dan nilai melewati maksimum - s % - (l - ).",ai
JTIP (Jurnal Teknologi Informasi dan Pendidikan) UNP (IndoT5 Parafrase),2016,"Untuk itu, Toko Verici Sport dalam sistem penjualan masih manual, yang menunjukkan bahwa sistem yang digunakan tidak efisien dan efisien, untuk itu diperlukan suatu sistem yang dapat memberikan konsumen informasi produk lebih cepat dan akurat dan pemesanan lebih mudah. Penjualan produk diupayakan lebih ditingkatkan dengan dukungan PHP-MySQL. Dengan adanya sistem yang baru diharapkan konsumen mendapatkan informasi produk dengan lebih mudah dan mudah. Pemesanannya dilakukan melalui situs web penjualan yang didukung oleh PHPS-mySqL. , dan untuk tujuan ini.",ai
JTIP (Jurnal Teknologi Informasi dan Pendidikan) UNP (IndoT5 Parafrase),2016,", Penelitian ini melakukan penyebaran kuesioner kepada 200 sampel kepada mahasiswa secara acak, dan penyebaran Kuesioner dilakukan di lingkup STMIK Indonesia Padang, dengan tujuan untuk mengetahui faktor-faktor yang mempengaruhi pemilihan moda ke kampus, metode AHP adalah metode yang menggunakan pendekatan beberapa kriteria dan alternatif, sedangkan alternatifnya adalah : pilihan moda kekampus berupa mobil pribadi, angkutan umum, sepeda motor, dan jalan kaki, dengan maksud untuk membantu pihak kampus dalam mengelola lahan parkirnya. , dengan demikian diharapkan dapat mengatasi masalah yang akan terjadi, oleh karena itu, untuk mengatasi masalah tersebut, dengan cara mengatasi masalah ini, dengan langkah-langkah, dan tindakan. (a), sebagai berikut ( ) , , pada saat ini, dan seterusnya , masing-masing-. ruang lingkup , dan , dll , sesuai dengan tujuan.",ai
JTIP (Jurnal Teknologi Informasi dan Pendidikan) UNP (IndoT5 Parafrase),2016,"Untuk membantu ahli dalam memberikan solusi terbaik untuk rumah tangga, sistem pakar ini memiliki antarmuka khusus untuk para ahli, pelamar dan administrator, sistem ini menggunakan metode forward chaining pada mesin inferensi, menurut para ahli yang akan menggunakan sistem, yang antarmukanya sudah sesuai dengan kebutuhan spesialis. Hasil dari penelitian ini berupa penyediaan nasihat atau saran kepada ahli yang ingin menggunakan sistem tersebut.",ai
JTIP (Jurnal Teknologi Informasi dan Pendidikan) UNP (IndoT5 Parafrase),2017,", penelitian ini bertujuan untuk mengetahui adanya hubungan yang signifikan antara motivasi dan kreativitas terhadap hasil belajar mahasiswa AMIK Jayanusa Padang. Pengambilan sampel secara acak dengan data hasil belajar berupa hasil ujian mahasiswa dan menggunakan angket. Dari data diperoleh 13,5 % hasil belajar dipengaruhi oleh motivasi dan 16,4 % dipengaruhi oleh kreativitas.",ai
JTIP (Jurnal Teknologi Informasi dan Pendidikan) UNP (IndoT5 Parafrase),2017,"Untuk memberikan laporan keuangan yang cepat dan akurat, setelah dilakukan penelitian pada bidang pemrosesan data keuangan, dapat diketahui bahwa pemrosesan datanya sudah menggunakan komputer tetapi masih tingkat sederhana, sehingga dalam menghasilkan laporan keuangan sulit, baik dari segi pengolahan maupun penyajian laporan keuangan. Oleh karena itu, penulis mengimplementasikan bahasa pemrograman VisualBasic. Net 2010 dalam pemrosesan data akuntansi Toko Abdillah Elektro. , dengan tujuan untuk memberikan hasil yang optimal, yaitu berupa laporan akuntansi yang berguna dan akurat bagi pemilik Toko Abdilah Elektro, dengan demikian diharapkan dapat membantu dalam memproses data keuangan/akuntansi. 2 (2) (a) , sebagai berikut:.",ai
AITI Jurnal Teknologi Informasi UKSW (IndoT5 Parafrase),2016,"(2) Tujuan penelitian ini adalah untuk mengembangkan aplikasi yang dapat menjaga kerahasiaan laporan keuangan yang menerapkan algoritma RSA dan MD5, dimana RSA diterapkan untuk keamanan data laporan keuangan, dan MS5 diterapkan untuk mengamankan kunci yang dibentuk oleh algoritma RSA, serta membuktikan bahwa RSA atau MD5 dapat diterapkan ke dalam aplikasi tersebut. aplikasi laporan keuangan dengan algoritma MD5 dan RSA yang dapat mengamankan data Laporan Keuangan yang telah diuji dan dinyatakan valid untuk diterapkan. , yang dapat diterapkan pada laporan keuangan aplikasi.",ai
AITI Jurnal Teknologi Informasi UKSW (IndoT5 Parafrase),2016,"Untuk memaksimalkan penggunaan kelas dan juga tenaga pengajar/asisten praktikum, penentuan jadwal praktikum merupakan masalah yang sering dihadapi oleh perguruan tinggi. Keterbatasan jumlah kelas seringkali tidak sebanding dengan kegiatan yang dilakukan. Penelitian ini menggunakan contoh data kelas praktikum di Fakultas Teknologi Informasi, Universitas Kristen Sasmita.",ai
AITI Jurnal Teknologi Informasi UKSW (IndoT5 Parafrase),2016,"`` Metode Jaro-winkler adalah metode string matching yang berguna untuk mencocokkan dua buah string, dengan masing-masing rumus algoritma dan proses yang berbeda, untuk menemukan judul buku atau bahan pustaka. Pengambilan data dilakukan dengan cara mengambil data buku dari perpustakaan kemudian digunakan sebagai sample dalam proses pencarian keyword. Hasil dari penelitian ini adalah sistem yang mampu memberikan koreksi dan saran jika terjadi kesalahan pengetikan atau typo dalam pencarian data buku. - Tujuan dari sistem ini dapat mempermudah pengguna perpustakaan.",ai
AITI Jurnal Teknologi Informasi UKSW (IndoT5 Parafrase),2017,"Untuk memutuskan apakah seorang nasabah layak mendapatkan kredit atau tidak, perlu dilakukan penilaian, dalam penelitian ini, sistem pendukung keputusan menggunakan algoritma Iterative Dichotomizer Three untuk memudahkan koperasi melakukan penilaian terhadap calon nasabah. Algoritma ID3 digunakan sebagai mesin inferensi untuk membantu pembuat kebijakan dalam menentukan nasabah yang layak mendapatkan pinjaman dan nasabah yang tidak layak menerima pinjaman. dan yang tidak memenuhi kriteria dan aturan yang berlaku.",ai
AITI Jurnal Teknologi Informasi UKSW (IndoT5 Parafrase),2017,"(%) minat paket wisata yang ditawarkan Desa Wisata Cibuntu ditetapkan sebagai wisata utama Jawa Barat dengan menyediakan penginapan dengan penduduk. Hasil implementasi algoritma Apriori dapat diterapkan pada situs e-Tourism Pemesanan Homestay Desa Wisata Cipbuntu, dalam perhitungan presentase paket yang dibeli secara bersamaan ini memiliki tingkat keberhasilan 79. 92%, situs reservasi memberikan kemudahan dalam memproses data pelanggan serta pemesan dan transaksi secara online atau komputerisasi untuk tujuan penelitian ini. , dan transaksi yang dilakukan secara online.",ai
Jurnal Tekno Kompak TEKNOKRAT (IndoT5 Parafrase),2017,"( 1 ) Dari hasil observasi di Kabupaten Pesawaran, aplikasi layanan kesehatan yang dibangun dinilai lebih baik dan dapat mempermudah petugas dalam pengolahan data pasien, kunjungan pasien dan laporan kunjungan pasien, aplikasi yang dibangun dianggap lebih baik, dan dapat memudahkan petugas dalam memproses data pasien dan membuat laporan kunjungan. Hal ini dibuktikan dengan pengujian menggunakan blackbox dan diperoleh skor tanggapan responden sebesar 100% berada dalam kriteria Baik. Sistem yang dibangun diharapkan memberikan dampak yang baik pada peningkatan kualitas kinerja pelayanan kesehatan masyarakat. , untuk meningkatkan kualitas pelayanan kesehatan yang optimal, untuk tujuan pencegahan dan penanggulangan kesehatan masyarakat, dan untuk meningkatkan kinerja rumah sakit, untuk mengembangkan sistem yang telah dikembangkan, untuk membangun sistem yang dirancang untuk pengembangan sistem yang baik. - , sehingga meningkatkan kinerja fasilitas kesehatan masyarakat , dan pelaporan kunjungan pasien , dll , , yang dibuat laporan kunjungan yang bersangkutan.",ai
Jurnal Tekno Kompak TEKNOKRAT (IndoT5 Parafrase),2017,"SISTEM informasi kegiatan kesiswaan untuk organisasi siswa di XYZ telah menerapkan konsep media sosial dengan menerapkan fitur-fitur yang harus media sosial yang terdiri dari fitus sosialitas, terbuka, kontributor, konten, teknologi dan lokasi, pada sistem yang berjalan saat ini, sistem mampu menangani dengan baik untuk akses 50 pengguna secara bersamaan, Sistem Informasi Kegiatan Kesiswaan pada Sekolah Menengah Kejuruan XYz telah memperkenalkan konsep Media Sosial, dimana sistem tersebut dapat diakses dengan mudah oleh anggota organisasi dan semua anggota dapat berpartisipasi dalam berbagi informasi tentang kegiatan organisasi tersebut secara real time. , dan lokasi , untuk mengatasi hal tersebut (siswa) ( ) s `.",ai
Jurnal Tekno Kompak TEKNOKRAT (IndoT5 Parafrase),2017,"(SHU) pada suatu perusahaan khususnya Koperasi sangat diperlukan alat pengelolaan data yang cepat dan akurat, terutama dalam hal perhitungan sisa hasil usaha dan penyimpanan data anggota, karena belum menggunakan database, dan proses pencatatan masih menggunakan buku khusus untuk melakukan pencatatan, sehingga sering terjadi kesalahan berupa kerangkapan dan kehilangan data dalam melakukan pencatatan data pada Koperasi Manggung Karya. , dengan tujuan untuk memastikan bahwa data yang sudah dimasukkan aman dan dapat disimpan secara teratur karena sudah ada Sistem Basis Data (Database) untuk menjaga keamanan data yang telah dimasukkan. _ Koperasi M ( ) (C) (T ) ` ,.",ai
Jurnal Tekno Kompak TEKNOKRAT (IndoT5 Parafrase),2017,"(Sumber: Toko Distro Black Outlet, 2016). Dengan menggunakan sistem e-Marketing, konsumen dapat dengan mudah mendapatkan informasi tentang produk baru, mengenai model produk, harga produk, jumlah produk dan stok produk yang ada di toko ini, dengan menggunakan perangkat CMS open cart, untuk mengatasi masalah pemasaran pada Toko Dstro Blackoutlet, dengan tujuan untuk meningkatkan pemasaran produk, sehingga dapat meningkatkan jumlah pelanggan dan pendapatan dari toko tersebut. - Tujuan dari penelitian ini adalah untuk mengembangkan sistem pemasaran dengan pendekatan pengguna pengalaman pengguna yang lebih baik. Produk Pemasaran produk yang akan menjadi produk yang relevansi produk yang sesuai dengan produk yang bersangkutan. , 2016 , sebagai berikut , , dll , yang tersedia. aplikasi yang diinginkan oleh produk yang disediakan oleh produk , dan produk yang terkait produk yang tersedia untuk menyediakan informasi produk yang berlaku untuk pemasaran produk yang digunakan.",ai
Jurnal Tekno Kompak TEKNOKRAT (IndoT5 Parafrase),2017,"(PT Indokom) didirikan pada tahun 1996, yang terdiri dari cabang PT Indokom Citra Persada, PT Indocom Samudra Persada dan PT Indo American Seafood bergerak di bidang pengolahan pembekuan udang sejak tahun 2001 sampai sekarang. Tujuan dari penelitian ini adalah untuk menyediakan sistem pengendalian internal yang dapat membantu dalam penginputan data, pencarian data, dan untuk mengetahui jumlah stok minimal, dengan menggunakan metode Pendekatan Berorientasi Objek yaitu Metode Waterfall, untuk mengembangkan metode pendekatan berorientasi objek, dengan beberapa alat bantu dan teknik pengerjaan menggunakan UML yang digunakan adalah Java dan database. _ MyS ` `, , sebagai berikut - , , dan , dimana , yang , dll , untuk , sebuah , sebagai ( ) ().",ai
Jurnal Tekno Kompak TEKNOKRAT (IndoT5 Parafrase),2017,"(EDM), APO (Align, Plan and Organise), BAI (Build, Acquire and Implement), DSS (Deliver, Service and Support), MEA (Monitoring, Evaluate and Asses), dan MEA adalah kerangka kerja yang dapat membantu organisasi atau perusahaan dalam pengelolaan dan manajemen TI, karena organisasi memiliki kendali atas proses teknologi informasi untuk mengurangi variasi kinerja proses, sehingga proses pengembangan dapat diukur dengan batas yang dapat diukur, tetapi harus dilakukan secara hati. (MEA) () ) , ), ( )) , s dan ) ``` ` (``) a `; (DSS) MEN (MS), dll (MEA), EDM) /MS (MA).",ai
Jurnal Tekno Kompak TEKNOKRAT (IndoT5 Parafrase),2017,"(Intenasional Organization for Standardization) 27001 adalah standar untuk audit keamanan sistem informasi dan digunakan sebagai acuan untuk menghasilkan dokumen (temuan dan rekomendasi), ISO 27001 memiliki kelebihan yaitu standar ini sangat fleksibel yang dikembangkan sesuai dengan kebutuhan organisasi, tujuan organisasi, persyaratan keamanan dan juga SNI ISO 27000 menyediakan sertifikat implementasi Sistem Manajemen Keamanan Informasi (SIMHP) yang diakui secara nasional dan internasional yang disebut Information Security Management System (ISMS). Pendekatan ini akan digunakan sebagai pedoman dalam merancang model pengendalian keamanan informasi menggunakan ISO 27011. pendekatan ini akan diterapkan dalam mengembangkan model kontrol keamanan informasi (ISO 27001) yang relevansi ( IMS).",ai
Jurnal Tekno Kompak TEKNOKRAT (IndoT5 Parafrase),2017,"Di Indonesia, jumlah aset tetap yang dimiliki oleh KOPkar Bina Khatulistiwa cukup banyak dan beragam, karyawan bagian pembukuan dapat memproses data penyusutan pada Aktiva Tetap dengan menggunakan aplikasi terkomputerisasi, yang akan menghasilkan Laporan Penyusutan yang dibutuhkan oleh pengguna, selain itu laporan tersebut tidak disajikan berdasarkan aturan laporan yang baik. ( 1 ) Dengan menggunakan aplikasi komputerisasi, karyawan Bagian Pembukuan memiliki kemampuan untuk menilai penyertaan aset tetap sebagai oposional dan aset perusahaan yang mengeluarkan biaya. , dan sebagai aset yang dikeluarkan oleh perusahaan.",ai
Jurnal Tekno Kompak TEKNOKRAT (IndoT5 Parafrase),2017,"Di bawah China dan India, pertumbuhan ekonomi Indonesia dalam beberapa waktu terakhir berada di peringkat ketiga tertinggi di dunia di bawah RGEC (Risk Profile, Earnings, Capital), yang terdiri dari rasio, % rasio, peringkat dan kriteria, hasil akhir yang diperoleh dari penelitian ini adalah hasil analisis laporan keuangan dan grafik tingkat kesehatan keuangan perusahaan berdasarkan perhitungan sebelumnya. , dengan menggunakan bahasa pemrograman PHP, JavaScript, HTML dan pengujian sistem menggunakan Black Box Testing. Hasil akhir yang dihasilkan dari studi ini adalah laporan keuangan perusahaan. - Laporan Keuangan Perusahaan - Laporan keuangan perusahaan tersebut harus dibuat untuk tujuan untuk setiap perusahaan.",ai
Jurnal Tekno Kompak TEKNOKRAT (IndoT5 Parafrase),2017,"(2) Berdasarkan kuesioner kualitas sistem yang terdiri dari 18 pernyataan dan 30 pengguna menghasilkan jawaban Sangat Setuju 44,43% Setuju 49,1% kurang setuju 6,46% dan Tidak Setuju 0%, dengan menggunakan aplikasi Sistem Pengendalian Internal dapat mengontrol pengolahan dan permintaan barang habis pakai pada bagian gudang, tidak perlu lagi membuat formulir permintaan barang manual, tidak lagi melakukan perekapan permintaan barang berdasarkan formulir karena di dalam sistem sudah terekap secara otomatis, dan bagian gudang juga dapat melakukan pemisihan kebutuhan dengan menggunakan sistem ini, maka sistem layak digunakan atau diterapkan di perusahaan tersebut harus digunakan atau penerapan sistem tersebut, sehingga dapat digunakan atau di perusahaan yang relevansi yang sesuai dengan demikian. 3 ,3 , 0% 0% bahwa 0% oleh karena 0%. 0% dan 0% untuk itu. , dan sebagai berikut , yang sesuai untuk tujuan yang diperlukan untuk keperluan yang diperlukan.",ai
Jurnal Tekno Kompak TEKNOKRAT (IndoT5 Parafrase),2017,"Di daerah-daerah di era desentralisasi, seperti masih rendahnya mutu tenaga kesehatan dan kesesuaian antara kompetensi dan tuntutan pekerjaannya, serta kurangnya jumlah tenaga kesehatan di daerah pedesaan, aplikasi harus memiliki izin dari pemerintah dan lembaga kesehatan, berdasarkan hasil dari beberapa pengujian yang telah dilakukan, menunjukkan bahwa aplikasi dapat melakukan semua fungsinya dengan benar sehingga kualitas perangkat lunak 100% valid. , Berdasarkan hasil dari pengujian yang dilakukan, aplikasi tersebut layak digunakan oleh Dinas Kesehatan Kota Metro untuk meningkatkan kinerja dalam memproses perizinan praktik tenaga kesehatan. (Teks dengan relevansi EEA), dan bahwa aplikasi tersebut dapat digunakan oleh aplikasi tersebut (C) (D) aplikasi yang diusulkan untuk tujuan aplikasi ini (Op) , aplikasi yang relevansi (A) SDM kesehatan (a). fasilitas kesehatan , masing-lembaga kesehatan. aplikasi , dan , , pada aplikasi yang validitas , sebagai berikut (b).",ai
Jurnal Tekno Kompak TEKNOKRAT (IndoT5 Parafrase),2017,"(1) BOS adalah program pemerintah yang pada dasarnya adalah untuk menyediakan pembiayaan biaya operasional non-personalia bagi sekolah dasar sebagai pelaksana program wajib belajar, dengan menggunakan metode TOPSIS, menggunakan metode pengembangan waterfall dan diimplementasikan dengan Flowchart, diagram konteks, diagram aliran, hubungan antar variabel, spesifikasi tabel, dan menggunakan aplikasi Adobe serta Basis Data MySQL sebagai basis data yang dirancang dan akan diimplementasikan, sebagai database yang dirancang menjadi lebih baik dan database yang dikembangkan lebih baik, dan aplikasi yang dirancang lebih baik.",ai
Jurnal Tekno Kompak TEKNOKRAT (IndoT5 Parafrase),2017,"PEMDA Kabupaten Pesawaran dalam kegiatan sehari-harinya memiliki banyak program kegiatan yang mendukung kemajuan kabupaten, dengan pilihan jawaban sangat baik, cukup baik, kurang baik, dan tidak baik, sistem pembuatan laporan penggunaan dana kegiatan pada Badan Perencanaan Pembangunan Daerah menggunakan Netbeans 8. 1 dan database MySQL untuk memudahkan bagian terkait dalam melakukan penginputan data pengajuan dana, bukti pengeluaran kas, bukti kas umum dan jurnal pengeluaran kas. Dari hasil pengujian menunjukkan bahwa presentase yang diperoleh 91,81 % dari jumlah total. - ( 1 ) ( 2 ), (3). , sebagai berikut , baik. , dana (b) , , yaitu.",ai
"SIMETRIS (Jurnal Teknik Mesin, Elektro dan Ilmu Komputer) UMK (IndoT5 Parafrase)",2013,"Optimasi penggantian komponen, optimasi beaya penggantian peralatan, optimalisasi prosedur inspeksi dan optimalisasi penggunaan sumber daya dapat meningkatkan keandalan dan ketersediaan peralatan pada tingkat yang tinggi dengan biaya dan sumber daya yang rendah. Peningkatan perawatan dapat dicapai dengan mengoptimalkan perawatan untuk mendorong peningkatan perawatan secara terus menerus.",ai
"SIMETRIS (Jurnal Teknik Mesin, Elektro dan Ilmu Komputer) UMK (IndoT5 Parafrase)",2013,"(2) Penelitian ini dilakukan pada usaha kecil dan menengah (UKM) di Kab Kudus yang bergerak di bidang Konveksi dan Kerajinan Bordir, Analisis Tata Kelola TI diperoleh Domain COBIT yang sesuai, yaitu PO5 (Mengukur Investasi Teknologi Informasi), indikator yang dianalisa adalah indikator penggunaan Internet Marketing, tetapi arahnya negatif. Pendekatan Struktural Equation Modeling (SEM) digunakan untuk menganalisis secara empiris faktor-faktor yang terkait dengan penggunaan internet marketing dalam pemasaran produk UMKM, SEM. -0,358 -0, SEM , dan UKM.",ai
"SIMETRIS (Jurnal Teknik Mesin, Elektro dan Ilmu Komputer) UMK (IndoT5 Parafrase)",2013,"Simple Additive Weighting adalah metode yang menggunakan kriteria keuntungan (benefit) dan kriteria biaya (cost), yang merupakan kebalikan dari aspek keuntungan, dalam konsep ini digunakan untuk mencari biaya minimal. Hasil penelitian dapat mendukung sistem informasi manajemen aset pada evaluasi alternatif pemilihan pemenang pengadaan aset berdasarkan kriteria yang telah ditentukan dan proses lain yang terkait dengan manajemen aset. Keputusan tersebut harus didasarkan pada sistem informasi yang mendukung proses manajemen aset: sistem informasi, manajemen aset, simple additive weighting. (SWT) yang diterapkan dalam proses manajemen Aset (A).",ai
"SIMETRIS (Jurnal Teknik Mesin, Elektro dan Ilmu Komputer) UMK (IndoT5 Parafrase)",2013,"( 1 ) Jurnal ini merupakan publikasi dari penelitian yang telah dilakukan yang berkaitan dengan sistem informasi parkir di Universitas Negeri Kudus, sistem ini dirancang dengan menggunakan pemodelan berorientasi objek dengan menerapkan metode UML, yang menyajikan hasil analisa dan rancangan yang dituangkan dalam diagram UML yang terdiri dari UseCase, Sequence, Collaboration, Class Diagram dan Activity Diagram, yang merupakan salah satu solusi yang dapat digunakan untuk mengatasi masalah parkir di Uni Eropa saat ini, Sistem Informasi, Parkir, UMl, Rancangan Sistem, Terkomputerisasi, berorientasi Objek. , dan berorientasi Objek , yang akan menjadi dasar atau metodologi yang relevansitembakan, yang terkait dengan tujuan untuk pengelolaan parkir yang saat ini sebagai berikut. pemrograman berorientasi objek-sistem yang berorientasi objek yang berbasis aplikasi yang berbasis objek , , sebagai berikut ini , seperti itu, yang , pada sistem yang berbasis , dll.",ai
"SIMETRIS (Jurnal Teknik Mesin, Elektro dan Ilmu Komputer) UMK (IndoT5 Parafrase)",2013,"SISTEM OPERASI sekarang menjadi salah satu bagian dari kurikulum program studi yang mengatasnamakan teknologi informasi karena mata kuliah sistem operasi merupakan dasar dari pengenalan perangkat, baik komputer maupun ponsel, proses belajar mengajar dapat dilakukan di mana saja dan kapan saja. Pembelajaran mengalami pergeseran dari konvensional menjadi E-Learning. Aplikasi Mobile Learning ini berisi informasi, chat, kuis, kursus, forum atau yang lain.",ai
"SIMETRIS (Jurnal Teknik Mesin, Elektro dan Ilmu Komputer) UMK (IndoT5 Parafrase)",2013,"Untuk menjaga kelangsungan industri tersebut, penelitian ini membahas bagaimana meningkatkan keunggulan kompetitif pada usaha kecil dan menengah (UKM) kerajinan Mayong melalui model e-business bertujuan untuk mengembangkan model bisnis yang dapat digunakan untuk meningkatkan daya saing. Manfaat yang diharapkan dari model ini adalah bahwa UKM Gerabah dapat mempromosikan produknya melalui internet. Selain itu, proses transaksi bisnis juga dapat dilakukan melalui internet.",ai
"SIMETRIS (Jurnal Teknik Mesin, Elektro dan Ilmu Komputer) UMK (IndoT5 Parafrase)",2013,"Di bawah metode kontrol fuzzy logic, yang terdiri dari beberapa tahapan, input yang harus difuzzifikasi kemudian output dari fuzzifikasi ini diteruskan ke proses inferensi yang berisi beberapa aturan fuzzy, kemudian output defuzzification diteruskan ke Proses Defuzzifying untuk diubah menjadi keluaran (crisp output) untuk menggerakkan motor, waktu respon yang dibutuhkan untuk kembali ke kondisi seimbang. Waktu respon yang diperlukan untuk mengembalikan keseimbangannya sendiri adalah 0,7S. (0,0S) (F) , ( ) :.",ai
"SIMETRIS (Jurnal Teknik Mesin, Elektro dan Ilmu Komputer) UMK (IndoT5 Parafrase)",2013,"( 1 ) Perceptron adalah salah satu metode AI yang telah terbukti cukup kuat untuk digunakan sebagai teknik pengenalan atau pengindentifikasi, dari hasil pengujian sampel sebanyak 20 daun untuk pelatihan dan 10 daun untuk testing, dengan perbandingan penyakit bercak daun dan bercak daun adalah 50 : 50, learning rate sebesar 0,7, lapisan masukan 8 buah dan lapisan luaran, diperoleh bahwa metode ANN perceptron memiliki persentase keberhasilan pengenalan penyakit sebesar 61% - 73% untuk data non-learning dan 100% untuk data pembelajaran pada kedua jenis daun tersebut. - (a) , (A) ` ( ). ) - , dan (b) / (d) %) a (p) : (n) nya).",ai
"SIMETRIS (Jurnal Teknik Mesin, Elektro dan Ilmu Komputer) UMK (IndoT5 Parafrase)",2013,"Di perusahaan dagang, persediaan barang di gudang yang tidak akurat, barang kosong atau malah penumpukan beberapa jenis barang dalam jangka waktu yang cukup lama, adalah masalah yang sering dihadapi oleh manajer untuk menentukan jumlah pesanan pada periode yang akan datang, sehingga dapat ditentukan jumlah persediaan yang paling tepat untuk menekan biaya penyimpanan seminimal mungkin. Oleh karena itu, diperlukan suatu sistem yang dapat melakukan peramalan persediaan bahan baku yang ada, dengan menggunakan metode Exponential Smoothing (EOQ), untuk mendapatkan jumlah yang harus ada di gudang dan titik pemesanan kembali. - EOp - , yang relevansidangkan, yang bersangkutan, dan seterusnya. inventaris yang telah terjadi pada periode sebelumnya, dan stok yang lebih lanjut.",ai
"SIMETRIS (Jurnal Teknik Mesin, Elektro dan Ilmu Komputer) UMK (IndoT5 Parafrase)",2013,"Untuk menguji kekuatan tarik, kekerasan, dan struktur mikro propeler kapal nelayan tiga sudu dengan material kuningan (brass) tipe ?+? dengan kandungan Zn sebesar 46,95% dan titik cair (melting point) sekitar 900o C, bentuk dari struktur mikro belum menunjukkan struktur columnar dendrite. Kata kunci: kuningan, propeller, pasir cetak, struktur mikro, Kekerasan, tarik, dan tarik - struktur mikro tidak menunjukkan. (Mp), dan tegangan e =4, , dan kekuatan tarik - karakteristik - Struktur mikro - struktur Mikro - silinder - silinder, yang digunakan untuk pengujian.",ai
"SIMETRIS (Jurnal Teknik Mesin, Elektro dan Ilmu Komputer) UMK (IndoT5 Parafrase)",2013,"Di Indonesia, dengan jumlah penduduk yang mencapai 2 juta jiwa, berbagai operator telekomunikasi seluler berlomba untuk merebut pasar dengan menawarkan layanan kepada konsumennya, karena tidak semua jenis layanan ada pada satu SIM Card yang dimiliki oleh operator telekomunikasi lainnya. Kata kunci: Sistem Pendukung Keputusan, Gap, Bayes, untuk membuat model untuk kriteria dan preferensi pengguna akhir. (Teks dengan relevansi EEA), dan lain-lain. - Sistem pendukung keputusan, gap, gap, bayes, dll. pelanggan s dalam sistem ini.",ai
"SIMETRIS (Jurnal Teknik Mesin, Elektro dan Ilmu Komputer) UMK (IndoT5 Parafrase)",2013,"Ini memiliki beberapa bagian utama, antara lain : boiler, ejector, condensor, dan evaporator, sedangkan bagian-bagian Ejector terdiri dari primary nozzle, mixing chamber, throat, dan subsonic diffuser, untuk mengetahui bentuk geometri maksimum yang mempengaruhi entrainment rasio dan COP sistem refrigerasi, oleh karena itu dilakukan penelitian desain dan variasi dari bagian ejectors, untuk melihat apakah sudut 7° menghasilkan nilai Entrainment Ratio sebesar 0,71 pada tekanan 5 kg/cm2 (3). : : Bagian Ejectors yang lebih besar, yang lebih efisien, , dan bagian , yang berbeda, masing-masing-bagian yang lebih dari bagian yang lebih lanjut, bagian, bagian yang paling banyak bagian yang lain, bagian sonic Diffusers yang lebih tinggi.",ai
"SIMETRIS (Jurnal Teknik Mesin, Elektro dan Ilmu Komputer) UMK (IndoT5 Parafrase)",2013,"(Tiga Roda) adalah salah satu kendaraan dengan inovasi dan teknologi terbaru yang saat ini berkembang, yang dirancang berdasarkan konsep kendaraan roda tiga untuk stabilitas, keselamatan dan kemampuan mengemudi maksimum, dengan lebar total sekitar 1300 mm, bahan yang digunakan adalah baja ST 42 dengan modulus elastisitas 200000 MPa, Poisson Ratio 0. 27, dan faktor keamanan (safety factor) sebesar 5. 285 Mpa, setelah proses analisis, diperoleh tegangan maksimum (SMX) sebesar 78. 518 MPa pada batang L46 (dudukan depan) (D) ) beban yang dapat bergerak dinamis (DMX) , dan teknologi yang berkembang (ATV) - (M) ` ` dan kecepatan `.",ai
"SIMETRIS (Jurnal Teknik Mesin, Elektro dan Ilmu Komputer) UMK (IndoT5 Parafrase)",2013,"Banjir adalah bencana alam yang sering terjadi pada saat musim hujan tiba, dan sekarang bencana banjir menjadi bencana rutin tahunan, tetapi penanganan dan pencegahan bencana ini masih kurang, mulai dari identifikasi, penilaian, mitigasi, sampai evaluasi risiko banjir, untuk menjalankan atau membuat manajemen risiko banjir yang dapat mengakomodasi semua tindakan tersebut, dimulai dengan mengidentifikasi, menilai, meminimalkan, dan mengevaluasi risiko banjir. 1 Kerangka Model Manajemen Risiko Banjir (BMC). ( 1 ) , Kerangka Kerja Manajemen Risiko ( BMC).",ai
"SIMETRIS (Jurnal Teknik Mesin, Elektro dan Ilmu Komputer) UMK (IndoT5 Parafrase)",2013,"Untuk mengelola administrasi data surat pada desa, memudahkan dan menjamin keakuratan kegiatan administrasi data penduduk, Kantor Kelurga adalah sebuah badan pemerintah yang bergerak di bidang jasa pelayanan publik. Penelitian ini berfokus pada bagaimana merancang sistem administrasi pengelolaan surat permohonan pada kotamadya dengan menggunakan tool UML (Unified Modelling ), yang pada akhirnya akan digunakan sebagai alat bantu untuk melakukan pengolahan administrasi penduduk. Kata kunci: Sistem Informasi, Pengelolaan Surat, Surat Permohonan.",ai
"SIMETRIS (Jurnal Teknik Mesin, Elektro dan Ilmu Komputer) UMK (IndoT5 Parafrase)",2013,"Ini bertujuan untuk mempelajari pengaruh proses perlakuan panas (heat treatment) terhadap kekerasan material Special K (K 100), yaitu hardening dengan suhu 950oC dan quenching dengan media pendingin oli, kemudian dilanjutkan dengan tempering dengan suhu 200 oC dan waktu holding 60 menit. Kekerasan sebelum dan sesudah proses heat treating adalah 20 HRC, setelah proses hardenING dan quinching 64 HRC dan setelah tempering 62 HRC.",ai
"SIMETRIS (Jurnal Teknik Mesin, Elektro dan Ilmu Komputer) UMK (IndoT5 Parafrase)",2013,"(Programmable Logic Control) banyak digunakan dalam dunia industri sebagai unit kontrol utama pada mesin produksi, PLC adalah sekumpulan saklar elektronik yang dapat diatur kapan harus ON dan kapan harus OFF dengan menggunakan piringan berlubang yang akan dibaca oleh sensor LDR. Kata kunci : PLC, motor, kontrol, RPM, sensor, dan sebagainya, hanya dengan mengubah program yang ada dalam PLC tanpa harus mengubah perangkat kerasnya.",ai
"SIMETRIS (Jurnal Teknik Mesin, Elektro dan Ilmu Komputer) UMK (IndoT5 Parafrase)",2013,"Skripsi merupakan mata kuliah wajib di perguruan tinggi, Program Studi Teknik Informatika Universitas Negeri Kudus baru memulai pendaftaran skripsi untuk memudahkan mahasiswa dalam memahami alur pengambilan skripsi sampai pelaksanaan skripsi dan lebih menarik. Simulasi game merupakan permainan peran, mahasiswa bersaing untuk mencapai tujuan tertentu melalui permainan dengan mematuhi peraturan yang ditetapkan. Simulasi game adalah bermain peran, para mahasiswa berkompetisi untuk mendapatkan tujuan tertentu dengan bermain game simulasi dengan baik.",ai
"SIMETRIS (Jurnal Teknik Mesin, Elektro dan Ilmu Komputer) UMK (IndoT5 Parafrase)",2013,", dengan kendala terbatasnya pengguna dan perangkat lunak pencatatan pengguna yang terdata yang relatif mahal, pendekatan yang dilakukan adalah membuat sebuah perangkat lunak yang ke depan dapat menekan biaya untuk akses internet di kalangan sekolah kejuruan muhammadiyah kudus. Pengaturan hak akses internet sekarang menggunakan mikrotik RB 750, yang diharapkan alat yang digunakan dapat mencapai pengguna yang lebih banyak, dibandingkan dengan alat pilihan lain yang digunakan dalam penelitian jaringan berbasis wifi.",ai
"SIMETRIS (Jurnal Teknik Mesin, Elektro dan Ilmu Komputer) UMK (IndoT5 Parafrase)",2013,"(Student-Centered Learning) memberikan ruang gerak yang lebih besar bagi mahasiswa untuk terlibat secara aktif dalam aktivitas perkuliahan di Perguruan Tinggi sesuai dengan kompetensi yang ingin dicapai, sedangkan Video Tutorial (V3) dan Download Jurnal Online(V4) tidak terlalu berpengaruh atau tidak ada hubungan nyata dengan Peningkatan Pemahaman (PP), sedangkan variabel pencarian Materi melalui Blog/Wordpress tidak terlalu signifikan atau tidak memiliki korelasi nyata dengan peningkatan pemahaman (pp), sementara video tutorial tidak terlalu mempengaruhi atau tidak signifikan dengan peningkatan pengetahuan. (p) ) (P) hubungan nyata untuk peningkatan pemahaman,.",ai
"SIMETRIS (Jurnal Teknik Mesin, Elektro dan Ilmu Komputer) UMK (IndoT5 Parafrase)",2013,"Di Indonesia terdapat warisan budaya yang sangat banyak, gamelan merupakan warisan budaya, sehingga perlu dilestarikan agar musik gamelan tidak punah apalagi diakui oleh negara lain. Penelitian kali ini mendeteksi notasi musik dari sinyal audio gamelan untuk memudahkan generasi mendatang dalam memainkan musik Gamelan. Kata kunci: Gamelan, STFT, Notasi Musik.",ai
"SIMETRIS (Jurnal Teknik Mesin, Elektro dan Ilmu Komputer) UMK (IndoT5 Parafrase)",2013,"(Posdaya), dengan tujuan untuk menghapus kemiskinan dan kelaparan, pada tahun 2010 anak perempuan dan laki-laki mendapatkan pendidikan dasar penuh, mempromosikan kesetaraan dan kematian bayi dan anak, mengurangi kematian ibu, memerangi penyakit menular (TBC, HIV/AIDS, malaria dan penyakit menular lainnya), sehingga sistem yang dibangun dapat menghasilkan penilaian desa mandiri berbasis posdaya, membangun posdaya atau tidak adanya posdaya berdasarkan akhir penilaian yang dihasilkan oleh sistem tersebut, sehingga diharapkan dapat membantu para pengambil keputusan dalam menentukan kategori desa mandiri yang berbasis Posdaya. , dan meningkatkan kerjasama global , maka sistem ini akan membantu para pembuat keputusan yang lebih lanjut usia lanjut, dan peningkatan kerjasama global, dan memperkuat kerja sama-masing-masing, dan seterusnya, dan keberlanjutan lingkungan hidup.",ai
"SIMETRIS (Jurnal Teknik Mesin, Elektro dan Ilmu Komputer) UMK (IndoT5 Parafrase)",2013,"PPI Card biasanya digunakan dalam matakuliah antarmuka dan kadang-kadang digunakan dalam proyek akhir mahasiswa karena seringnya digunakan dan/atau kecerobohan mahasiswa dalam penggunaan, tidak jarang IC PPI 8255 yang rusak ini harus segera diganti. Kerusakan sebagian ini lebih sulit dideteksi daripada kerusakan keseluruhan, karena tampilan program aplikasi (software) dibandingkan dengan kondisi LED pada modul uji (hardware). , oleh karena itu perlu segera diganti untuk mendeteksi kerusakan PPI card ini, baik rusak sebagian maupun rusak secara keseluruhan. Oleh karena itu diperlukan alat uji PPI yang rusak tersebut, yang rusak yang rusak PPI, dan kerusakan yang rusak secara umum. PPI periferal yang rusak, sehingga harus diperbaiki. - komponen utama mereka rusak ini (PC).",ai
"SIMETRIS (Jurnal Teknik Mesin, Elektro dan Ilmu Komputer) UMK (IndoT5 Parafrase)",2013,"(crack) Pegas daun adalah salah satu pegas yang paling banyak digunakan pada kendaraan minibus, termasuk Toyota Kijang Kapsul 7K-EI tahun 2000, yang dimulai dari beban yang terjadi, pengamatan bentuk patahannya, perhitungan tegangan dan defleksi yang terjadi pada roda, yang kemudian menyebabkan roda kembali ke posisi semula. Kata kunci: Pegas Daun, Crack, Tegangan, Defleksi (DVD), yang dapat disimpulkan bahwa pegas daun dapat patah karena beban yang berlebihan, tetapi kemungkinan karena kendaraan terperosok dalam kecepatan tinggi, atau usia lelahnya, yang sudah terlampaui ( DV) (A). (E) s ` `` , dan E, `, dan seterusnya ) , dll.",ai
"SIMETRIS (Jurnal Teknik Mesin, Elektro dan Ilmu Komputer) UMK (IndoT5 Parafrase)",2013,"Di bawah makalah ini, nilai mahasiswa dapat digunakan sebagai acuan dalam menentukan atau menyarankan mata kuliah yang sesuai dengan kemampuan atau potensi mahasiswa dengan melakukan clustering, mahasiswa dengan nilai baik dapat diarahkan untuk mengambil tipe pendidikan intensif dan sebaliknya. Dengan demikian perguruan tinggi dapat menciptakan mahasiswa yang berkualitas baik dengan membuat kelompok ilmu yang tepat. Kelompok keahlian, prediktabilitas mata kuliah. , dengan demikian universitas dapat menciptakan siswa yang berkualitas terbaik. ( 1 ) EM algoritihm, nilai Mahasiswa, Kelompok Keahlian, Prediksi Mata kuliah.",ai
"SIMETRIS (Jurnal Teknik Mesin, Elektro dan Ilmu Komputer) UMK (IndoT5 Parafrase)",2013,"Diperlukan sistem pengujian alternatif berbasis komputer sebagai salah satu solusi yang dapat menekan biaya dan waktu, serta mengantisipasi kemungkinan terburuk dalam pengelolaan bangunan, jembatan dan sarana yang digunakan untuk bersama, dengan demikian diperlukan sistem pengujian mandiri berbasis komputer, yang dapat melayani khalayak umum, yang mampu secara cepat memahami evaluasi hasil dan arti pentingnya keselamatan bagi orang-orang banyak, dengan cara yang sama sekali tidak dapat berinteraksi secara langsung. - Sistem pengujian, karena hanya melihat, tidak dapat secara langsung terlibat dalam sistem pengujian, tetapi hanya untuk melihat saja, tidak mampu secara langsung untuk berinteraksi dengan baik. pendekatan ini tidak dapat membantu sistem pengujian yang diperlukan untuk tujuan tertentu yang harus dibuat lebih lanjut untuk tujuan tersebut, untuk tujuan yang paling tidak dapat digunakan dalam hal-sistem yang relevansi yang terkait, dan waktu tertentu, yang lain, yang akan membutuhkan sistem yang bersangkutan, pada tahap ini, untuk menyediakan fasilitas yang diperlukan.",ai
"SIMETRIS (Jurnal Teknik Mesin, Elektro dan Ilmu Komputer) UMK (IndoT5 Parafrase)",2013,"(FFCA) dapat dimasukkan ke dalam ontologi untuk representasi ketidakpastian informasi yang ditemukan di banyak aplikasi domain karena tidak jelas batas-batas antara konsep domain, Fuzzy ontologi dihasilkan dari konsep lattice yang telah ditetapkan, namun, dengan menggunakan tool Lattice navigator, metode yang diusulkan mampu mengelompokkan domain ontology secara efektif. - Masalah: Ontology, Formal Concept Analysis (FFCA), yang merupakan masalah yang sulit dan membosankan.",ai
"SIMETRIS (Jurnal Teknik Mesin, Elektro dan Ilmu Komputer) UMK (IndoT5 Parafrase)",2013,"mengidentifikasi individu menggunakan karakteristik fisiologi atau perilaku seseorang seperti sidik jari, wajah, iris, retina, dan tangan. Makalah ini mengimplementasikan algoritma pengenalan sidik jari yang efisien menggunakan pencocokan citra berbasis fasa (phase), yaitu teknik pencacahan citra menggunakan komponen fasa dari transformasi fourier disktrit 2D (DFT) citra tersebut.",ai
"SIMETRIS (Jurnal Teknik Mesin, Elektro dan Ilmu Komputer) UMK (IndoT5 Parafrase)",2013,"Ini menghasilkan sistem informasi penjualan berbasis web yang dirancang sebagai media promosi produk garment, memperluas area penjualan, dan mempersingkat transaksi, dengan menggunakan metode wawancara, tanya jawab langsung terhadap sumber data yang dibutuhkan, metode lain adalah kepustakaan, mengumpulkan referensi yang terkait dengan topik penulis, yaitu PHP, website dan Sistem Penjualan. 1: Sistem Informasi Penjualan, Situs Web (Sistem Informasi Penjualan), dan Perpanjangan.",ai
"SIMETRIS (Jurnal Teknik Mesin, Elektro dan Ilmu Komputer) UMK (IndoT5 Parafrase)",2013,"Untuk mencapai tujuan pendidikan nasional, yang sejalan dengan visi dan misi STMIK CIKarANG, maka harus dipilih seorang mahasiswa yang berprestasi yang akan menjadi contoh bagi mahasiswa lainnya dalam proses belajar, perilaku, sikap, dan interaksi dalam lingkungan kampus atau luar kampus, dengan menggunakan pendekatan yang dapat digunakan sebagai pendukung keputusan untuk menentukan mahasiswa berprestasi. , dengan memperhatikan kriteria tersebut, diharapkan mampu memilih mahasiswa berprestasi dengan objektif. Keputusan tersebut harus dibuat berdasarkan model pendekatan yang akan digunakan sebagai Pendukung Keputusan Mahasiswa Berprestasi (FUZZA), dengan cara yang sesuai dengan kriteria tersebut. 3 ( FU) ( (M) s , dengan tujuan pendidikan - - yang bersangkutan lainnya dari siswa lainnya.",ai
"SIMETRIS (Jurnal Teknik Mesin, Elektro dan Ilmu Komputer) UMK (IndoT5 Parafrase)",2013,"SPK, pemilihan sepeda motor, Metode AHP, karena masalah yang kompleks dapat dengan mudah disederhanakan, sehingga mempercepat proses pengambilan keputusan dengan cara menyusun hirarki, memberikan nilai perbandingan setiap kriteria untuk menetapkan nilai kriteria, sistem pendukung keputusan pemilihan motor dirancang dengan menggunakan metode AHP mampu digunakan untuk semua proses pemilihan, sedangkan penentuan kriteria dapat diubah sesuai dengan kepentingan konsumen.",ai
"SIMETRIS (Jurnal Teknik Mesin, Elektro dan Ilmu Komputer) UMK (IndoT5 Parafrase)",2013,"SPK sebagai sistem berbasis komputer yang membantu dalam proses pengambilan keputusan, SPK adalah sistem informasi berbasis komputasi yang adaptif, interaktif, fleksibel, yang secara khusus dirancang untuk mendukung solusi dari masalah manajemen yang tidak terstruktur untuk meningkatkan kualitas pengambilan keputusan. Metode Saw membutuhkan proses normalisasi matriks keputusan (X) ke skala yang dapat dibandingkan dengan semua alternatif yang ada Kata Kunci: SPK, SAW, SPS.",ai
"SIMETRIS (Jurnal Teknik Mesin, Elektro dan Ilmu Komputer) UMK (IndoT5 Parafrase)",2014,"Untuk menentukan prioritas, tingkat prioritas menjadi salah satu pertimbangan utama dalam pengambilan keputusan, dimana bobot bayes digunakan untuk menghitung peringkat setiap alternatif kost yang ada, sehingga konsumen, yaitu para pencari kost, harus pintar dalam memilih kost sesuai dengan kebutuhan. Kebutuhan tersebut merupakan preferensi dari setiap konsumen, sehingga kriteria untuk menentukan kost berdasarkan kebutuhan dapat menjadi dasar dalam menentukan pilihan kost. kata kunci: Bayes, Decision Maker, Kost. ( 1 ) OJ L 127, 7.",ai
"SIMETRIS (Jurnal Teknik Mesin, Elektro dan Ilmu Komputer) UMK (IndoT5 Parafrase)",2014,"Ini adalah situs web ""tes online"" yang berfokus pada manajemen konten dan penambahan pengelolaan tes, setelah internet mudah diakses melalui modem murah dan telepon seluler, penelitian ini menggunakan pemrograman Hypertext Preprocessor (PHP) database MySQL sebagai penyimpan data. Hasil dari penelitian ini adalah situs Web Tes Online, yang menekankan pada pengelolaan konten dan peningkatan manajemen tes. Selain itu, situs web ini dapat digunakan oleh universitas lain Kata Kunci : Sistem Aplikasi, Content Management System, Tes, Online, Universitas MURI Kudus , untuk digunakan oleh perguruan tinggi lain. , aplikasi ini dapat diterapkan oleh universitas lainnya , , yang relevansi (T) - situs web , dengan tujuan , sebagai situs web.",ai
"SIMETRIS (Jurnal Teknik Mesin, Elektro dan Ilmu Komputer) UMK (IndoT5 Parafrase)",2014,"(2) Pengobatan tradisional Jawa, yang merupakan salah satu budaya di Indonesia, khususnya budaya masyarakat Jawa, memiliki banyak manfaat yang belum banyak diketahui orang, dan sistem informasi tradisional Jawa yang dibangun tidak bergantung pada platform, gadget, dan teknologi yang dimiliki oleh pengguna, sehingga tujuan pasar yang menjadi sasaran publikasi menjadi lebih luas, tidak tergantung pada platform dan perangkat tertentu. Perangkat yang digunakan untuk membangun situs ini berbasis web responsif, yang dapat digunakan untuk memberikan kemudahan dalam memperoleh informasi tentang penggunaan dan penggunaan pengobatan tradisional Jawa. , dan juga perawatan tubuh (a) , yang akan menjadi lebih lanjut, dan pemanfaatan pengobatan tradisional ( ) (T ) dari , sebagai bagian dari mereka sendiri, dan sebagai bagiannya, dan , telah menjadi milik.",ai
"SIMETRIS (Jurnal Teknik Mesin, Elektro dan Ilmu Komputer) UMK (IndoT5 Parafrase)",2014,"(2) Penelitian ini menggunakan metode jaringan saraf tiruan berbasis backpropagasi untuk menentukan harga jual produk, dengan 1 lapisan input dengan 2 neuron, 1 lapisan hidden dengan 5 neuron dan 1 lapisan output dengan 1 neuron, nilai MSE yang dihasilkan adalah 0,000999 dan nilai koefisien korelasi sebesar 0,999945. Kata kunci : Harga Jual, Jaringan Saraf Tiruan, Bacprogation. , dan maksimum ECHO 402 iterasi selama 5 detik. Nilai MSE dari penelitian ini adalah 0,9999, dan nilai korelasi untuk masing-masing-dan nilai korelasi , yang digunakan dalam hal-diferensial.",ai
"SIMETRIS (Jurnal Teknik Mesin, Elektro dan Ilmu Komputer) UMK (IndoT5 Parafrase)",2014,"bayesian, perkembangan, anak, deteksi, perilaku, diagnosa Deteksi dini untuk penyimpangan perilaku pada anak usia 0-3 tahun menggunakan metode Bayesian adalah suatu deteksi yang dapat digunakan oleh orang tua untuk menentukan jenis penyimpangan yang terjadi pada anak tersebut. Jika tidak sesuai dengan usia seusianya, ada kemungkinan anak tersebut mengalami keterlambatan perkembangan, semakin besar nilai keterlambatan dari variabel-variabel tersebut, maka semakin besar tingkat penyimpangan yang dialami oleh anggota keluarga. , semakin kecil nilai keterlambatannya, semakin tinggi tingkat penyimpangan perilakunya. ukuran keterlambatannya (1) (2) , dan pengenalan muka, dan sosialisasi, dll , , dll - , -. `, ` , dan `. ` _ `; individu - mereka , yang bersangkutan.",ai
"SIMETRIS (Jurnal Teknik Mesin, Elektro dan Ilmu Komputer) UMK (IndoT5 Parafrase)",2014,"Pada penelitian ini, studi visualisasi dan liquid hold-up aliran stratified udara-air pada pipa horizontal sebagai fungsi waktu (dia. dalam pipa 26,0 mm dan total panjang seksi uji 9,5 m) telah dilakukan dengan menggunakan sensor CECM sebanyak 3 buah dengan jarak aksial antar sensor 215 mm, menunjukkan bahwa karakteristik gelombang antarmuka yang dihasilkan dari pemprosesan sinyal CECm dan studi visual dapat digunakan untuk menentukan sub-sub daerah aliran (CECM), gelombang antarmuka, dan metode ini didasarkan pada perbedaan konduktivitas gelombang antarmuka (T), metode ini, dan gelombang antarmuka. pola yang dihasilkan oleh data visual.",ai
"SIMETRIS (Jurnal Teknik Mesin, Elektro dan Ilmu Komputer) UMK (IndoT5 Parafrase)",2014,"Untuk aplikasi yang saat ini masih menjadi tren, penelitian ini bertujuan untuk mengembangkan prototipe modul praktikum mikrokontroler berbasis wheel mobile robot, modul robot beroda ini dirancang sedemikian rupa sehingga komponen yang diintegrasikan tetap dapat menerima praktikum sesuai dengan materi yang diajarkan dalam mata kuliah Mikrokontroler, hasil yang dicapai dalam penelitian ini adalah desain konstruksi robot dan desain rangkaian pada robot. ) - Desain konstruksi dan desain rangka pada robot harus dikembangkan. , dan desain kerangka pada robot tersebut.",ai
"SIMETRIS (Jurnal Teknik Mesin, Elektro dan Ilmu Komputer) UMK (IndoT5 Parafrase)",2014,"Untuk menghitung nilai akhir suatu nilai diperlukan kecermatan untuk melihat kurva dan semua kesimpulan hasilnya, dengan analisis varian dan perhitungan statistik menggunakan minitab ini menghasilkan analisa pengukuran nilai pembelajaran. Perhitungan statistik menggunakan Minitab memudahkan dan melengkapi pengolah data nilai dan dapat mengetahui statistika nilai dengan mudah. Kata kunci : Nilai, Statistic, Minitab , Statistik Minitab mempermudah dan melengkapi.",ai
"SIMETRIS (Jurnal Teknik Mesin, Elektro dan Ilmu Komputer) UMK (IndoT5 Parafrase)",2014,"(1) Penelitian ini bertujuan untuk mengalokasikan harga penjualan tanah untuk pembangunan minimarket, dengan menggunakan antarmuka Fuzzy Sugeno, outputnya berupa konstanta atau persamaan linier. Berdasarkan pengujian yang dilakukan, dapat diketahui bahwa teknik kendali fuzzy mampu menghasilkan respon seperti yang diharapkan, yaitu menilai jarak jauh dekat yang menentukan harga penjualan untuk minimarket di lokasi yang sama dengan lokasi yang lain, nilai jual akan lebih tinggi dari yang diharapkan. , berdasarkan pengujian yang telah dilakukan.",ai
"SIMETRIS (Jurnal Teknik Mesin, Elektro dan Ilmu Komputer) UMK (IndoT5 Parafrase)",2014,"(EAP) adalah proses mendefinisikan arsitektur untuk penggunaan informasi dalam mendukung bisnis dan perencanaan untuk implementasi arsitektur tersebut, EAP dapat digunakan untuk membuat blueprint teknologi di perguruan tinggi, yang terdiri dari berbagai arsitektur, termasuk arsitektur data, aplikasi dan teknologi. Kata kunci: EAP, Enterprise, Blueprint, Perguruan Tinggi, pada jurnal ini akan membahas penggunaan konsep EAP untuk membuat Blueprint Teknologi di Perguruan Tinggi (UHE). (Technical Architecture Planning (EAP), Perusahaan.",ai
"SIMETRIS (Jurnal Teknik Mesin, Elektro dan Ilmu Komputer) UMK (IndoT5 Parafrase)",2014,"(PKL) adalah salah satu bentuk implementasi yang sistematis dan sinkron antara program pendidikan di sekolah/kampus dengan program keahlian yang diperoleh melalui kegiatan kerja langsung di dunia kerja untuk mencapai tingkat keahlian tertentu, selain itu PKL merupakan salah satu kegiatan akademik yang wajib diikuti oleh semua siswa/Mahasiswa pada program studi tertentu. Tujuan dari penelitian ini adalah untuk mengidentifikasi dan merancang sistem informasi tempat PKL mulai dari pendaftaran, pelaksanaan dan pelaporan dan penilaian PKL, penelitian ini bertujuan untuk mengorganisir kegiatan PKL secara rapi antara peserta dan perusahaan/intansi tempat magang, sehingga semua pihak.",ai
"SIMETRIS (Jurnal Teknik Mesin, Elektro dan Ilmu Komputer) UMK (IndoT5 Parafrase)",2014,"Untuk memberikan layanan yang lebih baik pada penelitian ini, tujuan dari penelitian ini adalah untuk mengembangkan sistem informasi simpan pinjam berbasis komputer yang dapat membantu bagian Unit Pengelola Keuangan dalam memproses data KSM, pinjaman, simpanan, dan angsuran yang terhubung dengan data pinjaman, untuk tujuan memberikan pelayanan yang lebih besar pada studi ini, Sistem Informasi Simpan Pinjam akan dirancang. untuk membuat aplikasi simpan pinjaman dengan menggunakan Visual borland delphi 7.",ai
"SIMETRIS (Jurnal Teknik Mesin, Elektro dan Ilmu Komputer) UMK (IndoT5 Parafrase)",2014,"Semakin meningkat atau bertambah koleksi bahan pustaka, kebutuhan informasi yang berkaitan dengan bahan pustaka yang ada, keterbatasan petugas pelayanan perpustakaan merupakan beberapa masalah yang seringkali dihadapi dalam pengelolaan perpustakaan. Kata kunci: sistem informasi, layanan, perpustakaan, peminjaman buku, pengembalian buku, pemberian surat bebas perpustakaan dan pembuatan laporan meliputi laporan data anggota, laporan data buku, laporan peminjeman buku dan laporan pengembalian buku serta laporan penerimaan denda. - Tujuan dari penelitian ini adalah untuk mengembangkan sistem informasi untuk menangani proses tersebut, sehingga dapat meningkatkan pelayanan kepada pengguna perpustakaan dan mempercepat proses administrasi menjadi lebih efisien. Laporan Penerimaan Sistem Informasi Perpustakaan (2) ( ).",ai
"SIMETRIS (Jurnal Teknik Mesin, Elektro dan Ilmu Komputer) UMK (IndoT5 Parafrase)",2014,"Untuk mempromosikan hasil produksi secara global, diperlukan media yang tepat untuk mendukung sistem pemasaran yang baik, dengan menggunakan pemodelan UML (Unified Markup Literacy) dan juga untuk merancang arsitektur sistem berbasis Cloud Server, untuk mendukung pertumbuhan ekonomi di negara kita. Namun, jumlah usaha kecil dan menengah (UKM) yang terus meningkat membutuhkan kapasitas daya tampung yang besar dalam sistem pemasaran terintegrasi. , cloud server adalah teknologi yang menonjolkan fleksibilitas dan skalabilitas dalam penggunaan server. - Sistem pemasaran terintegrasi harus dikembangkan dengan cara yang tepat. nya sendiri, dll , sebagai solusi yang relevansi yang tepat, yang tepat.",ai
"SIMETRIS (Jurnal Teknik Mesin, Elektro dan Ilmu Komputer) UMK (IndoT5 Parafrase)",2014,"(1) Penelitian dimulai dengan persiapan spesimen roda gigi sepeda motor Honda Supra dari Honda Genuine Parts, non-HGP dan produk UKM. Setelah proses running-in, roda gigi diukur kekasaran permukaan pada area kontak dan diketahui spesifikasi dari masing-masing roda gigi, tetapi sebaliknya, koefisien gesek menurun seiring dengan peningkatan beban torsi, dalam hal ini produk Honda genuine parts lebih baik daripada produk non-hgp dan produk usaha kecil dan menengah (UKM), yang merupakan komponen mekanik yang paling banyak digunakan pada sistem transmisi. ( ) (a) ` `, , dan `;. - Produk UKM (A) , dan produk (U) `. ` produk ` untuk dari produk : di gesek ) gesek.",ai
"SIMETRIS (Jurnal Teknik Mesin, Elektro dan Ilmu Komputer) UMK (IndoT5 Parafrase)",2014,"(2) Penelitian ini bertujuan untuk mengembangkan aplikasi yang dapat membantu dalam menilai jawaban soal essay secara otomatis berdasarkan identifikasi struktur kalimatnya, karena siswa hanya memilih salah satu dari jawaban yang sudah tersedia atau sering disebut sebagai plural choice, selain evaluasi yang jawabannya sudah disediakan, yang dapat digunakan sebagai alat bantu untuk menilai jawaban essay singkat sesuai dengan susunan struktur kalimat, dan rancangan yang dihasilkan dapat mengidentifikasi susunan struktur jawaban yang berkaitan dengan pertanyaan essay. kata kunci: Essay, Multiple Choice, Evaluasi, Perancangan. Judul yang akan menentukan Susunan Struktur Jawaban yang akan memberikan saran yang akan membuat aplikasi yang akan menghasilkan jawaban yang akan menjawab pertanyaan yang akan menemukan struktur jawaban.",ai
"SIMETRIS (Jurnal Teknik Mesin, Elektro dan Ilmu Komputer) UMK (IndoT5 Parafrase)",2014,"(2D, 3D, 4D, 5D) adalah bagian yang sangat berpengaruh pada siklus ini, kinerja ejector dapat dilihat dari besar kecilnya nilai entrainment rasio, yaitu perbandingan antara laju aliran masa dari boiler dengan laju aliran massa dari evaporator, dan yang paling rendah adalah pada panjang throat 2D pada tekanan boiler 3kg/cm2. diameter throate, dan diameter Throat yang optimal, sedangkan diameter thROAT 2D adalah 18 mm. , dan lebih rendah pada 2D (3) , , 2D, dan 2D).",ai
"SIMETRIS (Jurnal Teknik Mesin, Elektro dan Ilmu Komputer) UMK (IndoT5 Parafrase)",2014,"Electronic Learning Pembelajaran Perangkat Lunak menggunakan model Linear Sequential/ Waterfall Model digunakan untuk meningkatkan kemampuan kognitif siswa, yang selain menyajikan materi pembelajaran dalam bentuk file baik itu dalam format words, powerpoint, html atau PDF, elearning tersebut juga memiliki nilai tambah menu yang lebih interaktif. Kata kunci: E-Learning, Interaktif, Pembelajaran. (E-LEARNING), tetapi juga memberikan nilai tambah pada menu interaktif.",ai
"SIMETRIS (Jurnal Teknik Mesin, Elektro dan Ilmu Komputer) UMK (IndoT5 Parafrase)",2014,"Ini telah dikembangkan sistem baru yang diimplementasikan dalam sistem pendukung keputusan untuk membantu menyederhanakan pengolahan data dalam menentukan kualitas gula tumbu, pembuatan struktur hierarki yang dimulai dengan tujuan umum, dilanjutkan dengan kriteria dan alternatif pilihan, membuat matrik perbandingan berpasangan, menormalkan data, menghitung nilai eigen vector dan menguji konsistensinya, jika tidak memenuhi CR 0,100, penilaian harus diulangi lagi. (Teks dengan relevansi EEA): Sistem Pendukung Keputusan, Kualitas, Gula Tumbu, AHP. ` , dan keakuratannya - aplikasi, dan tingkat keakuratan data.",ai
"SIMETRIS (Jurnal Teknik Mesin, Elektro dan Ilmu Komputer) UMK (IndoT5 Parafrase)",2014,"Dari percobaan yang dilakukan, nilai optimal diperoleh pada iterasi ke-14 dengan nilai k sebanyak 4 cluster. Cluster 0 terdiri dari 18 anggota dengan nilai centroid pada variabel ayat sebesar 106,389, ruku sebesar 4,885, dan variabel lama sebesar 1333,5, sedangkan cluster 2 memiliki 7 anggota dengan jumlah ayat yang berbeda, jumlah ruku` dan lama sebesar 3310,571, sedangkan Cluster 3 memiliki 63 anggota dengan panjang ayat, jumlah ayat dan lama surat. Jumlah ayat, Panjang ayat, dan lama (lama) , dan waktu membaca surat, ,. Waktu membaca surat- , waktu membaca ayat, lama: , 1 - cluster, masing-.",ai
"SIMETRIS (Jurnal Teknik Mesin, Elektro dan Ilmu Komputer) UMK (IndoT5 Parafrase)",2014,"( 1 ) Penelitian ini bertujuan untuk mengembangkan alat destilator bioetanol dengan tujuan untuk mengembangkan menara refluk dengan sistem bertingkat, dengan kapasitas tangki 3⁄4 dari volume tabung atau 40 liter, sementara di Indonesia, banyak sekali sumber daya hayati yang dapat digunakan sebagai bahan baku untuk memproduksi bioethanol, salah satunya adalah Ubikayu. Penggunaan bioetanal sebagai bahan bakar yang paling banyak digunakan, karena sifatnya yang non-renewable, oleh karena itu diperlukan upaya untuk mencari bahan bakar alternatif yang ramah lingkungan dan ramah lingkungan. pembangkitan yang lebih lanjut untuk menghasilkan ethanol yang lebih tinggi, yang lebih besar, dan uji coba pada tingkat yang lebih dari yang lebih rendah, yang tersedia untuk produksi. (T) , yang dapat diterapkan dalam proses pembuatan dan ujicoba. - Bahan Bakar - bahan baku.",ai
"SIMETRIS (Jurnal Teknik Mesin, Elektro dan Ilmu Komputer) UMK (IndoT5 Parafrase)",2014,"Ini adalah pengembangan dari proses pembekuan searah (Unidirectional Solidifications) untuk meningkatkan sifat mekanis material, pengecoran dilakukan dengan pasir cetak (sand casting) dan proses peleburan logam dilakukan pada dapur crusible dengan bahan bakar minyak. Pengujian spectrometer digunakan untuk mengetahui komposisi kimia material, meningkatkan kekerasan logam propeler dengan chiller pendingin, yang dialiri air dengan dorongan pompa. diameter 1/16 inchi, dengan beban mayor 100 kg (hrb).",ai
"SIMETRIS (Jurnal Teknik Mesin, Elektro dan Ilmu Komputer) UMK (IndoT5 Parafrase)",2014,"Untuk membantu pemerintah daerah dalam membina industri kecil dan menengah (UKM) untuk lebih mengenal HKI (Hak Kekayaan Intelektual) dan untuk memperkenalkan pentingnya HKI kepada masyarakat industri, khususnya di Kabupaten Kudus, penelitian ini akan mengembangkan prototipe aplikasi yang dapat digunakan oleh masyarakat umum dengan menggunakan UML (Uniform Modelling Literacy System). Kata kunci: GIS, HKI, Web, OOD.",ai
"SIMETRIS (Jurnal Teknik Mesin, Elektro dan Ilmu Komputer) UMK (IndoT5 Parafrase)",2014,"REKOMENDASI PRODUK adalah model aplikasi dari hasil observasi tentang keadaan dan keinginan pelanggan untuk membeli suatu produk. Asosiasi Rule Mining dapat memberikan dukungan keputusan antara barang yang dibeli secara bersama-sama oleh pelanggan, dengan menciptakan 3 rule ketika menggunakan minimal dukungan 40% dan minimum kepercayaan 80%. Kata kunci: Rekomendasi, Promosi, Produk, Association, Rule, FP-Growth (FP).",ai
"SIMETRIS (Jurnal Teknik Mesin, Elektro dan Ilmu Komputer) UMK (IndoT5 Parafrase)",2014,"Di Kudus, Vantacy Shop adalah salah satu usaha yang menjual goody bag (tas), tidak hanya menjual tetapi juga mendesain sendiri tas tersebut, pemasaran yang sudah dilakukan adalah door to door, artinya pemasaran konvensional. Selain itu, website penjualan online ini akan dilengkapi dengan penyebaran QR Code, sehingga dapat diakses menggunakan semua gadget yang dimiliki oleh konsumen dengan tampilan yang baik. - Kata kunci: web responsive, QR code, pemasaran, Dengan perkembangan teknologi saat ini, pemasaran online akan menjadi lebih mudah dan lebih mudah untuk dilakukan. Pemasaran ini akan lebih mudah. s pemasaran Pemasaran , pemasaran (T) produk.",ai
"SIMETRIS (Jurnal Teknik Mesin, Elektro dan Ilmu Komputer) UMK (IndoT5 Parafrase)",2014,"Dies (cetakan) dibuat dengan proses kompaksi, dengan gaya sebesar 2 ton dan ditahan selama 60 menit, kemudian disintering dengan suhu 800 C selama 40 menit, dan specimen kampas kopling variasi serart kelapa, bubuk tembaga, fiberglass, resin phenolic, harga kekerasan 0,14 mm/jm, dan harga keausan uji basah 0,19 mm/Jm, sehingga mendekati harga Kampas Kopling Special Genuine Part (SGP), bahan yang digunakan dalam penelitian ini adalah sebagai karakteristik masing-masing-masing, dan karakteristik dari masing-perlaku, dan sifat masing-jenis bahan penyusun kampa, dan bahan penyusunnya, kemudian dilakukan foto makro untuk melihat kepadatan dan sifat dari bahan penyusun, masing-waktu yang diinginkan, dan seterusnya, dan butir, , dan spesifikasi, dan silinder, dan , masing - , dll, , ` , dan kekerasan,.",ai
"SIMETRIS (Jurnal Teknik Mesin, Elektro dan Ilmu Komputer) UMK (IndoT5 Parafrase)",2014,"( 1 ) Penelitian ini bertujuan untuk merancang dan mengembangkan aplikasi pemesanan berbasis SMS Gateway, dari sistem ini akan dihasilkan informasi ketersediaan produk yang telah didistribusikan oleh perusahaan ke masing-masing agen untuk memfasilitasi kegiatan perencanaan dan penjadwalan produksi dan distribusi, dengan informasi yang lebih akurat mengenai jumlah persediaan produk di setiap agen, hasil alokasi yang lebih baik, dan perbaikan informasi persediaan di agen dan perusahaan. Agen: Sistem Informasi Pesanan, Ketersediaan Produk, Layanan SMS gateway. , dan informasi persediaan yang tersedia di agen atau perusahaan. operator dan peningkatan informasi persediaan dalam hal-hal-persedang-perdampingan barang pada perusahaan.",ai
"SIMETRIS (Jurnal Teknik Mesin, Elektro dan Ilmu Komputer) UMK (IndoT5 Parafrase)",2014,"Pada penelitian ini, pengenalan pola dengan klasifikasi massa, jinak, dan ganas dilakukan pada data mammogram dengan ekstraksi ciri menggunakan Gabor Wavelet, sedangkan testing dengan data testing menunjukkan hasil yang tidak stabil, karena ada diversifikasi besar baik pada ukuran maupun struktur patologis dari mammary. Kata kunci: ekstraksi ciri, Discreate Wavelet Transformation (DWT), Gray Level Co-occurance Matrix (GLCM), dan gabung Wavelet (GW). - Jaringan saraf tiruan - Lavenberg Marque. jaringan saraf tiruan ( GW) T t s - struktur patologi.",ai
"SIMETRIS (Jurnal Teknik Mesin, Elektro dan Ilmu Komputer) UMK (IndoT5 Parafrase)",2014,"Ini adalah penelitian yang bertujuan untuk melakukan pendataan industri Bordir di Kabupaten Kudus, yang dilihat dari lokasi, jumlah tenaga kerja, jumlah unit usaha dan nilai investasi, data lokasi dari setiap Industri Bordir, diperoleh dengan melakukan proses digitasi menggunakan alat GPS (GPS). Data digitasi tersebut kemudian dimasukkan ke dalam peta digital menggunakan kelas library di Google Map API. Metode perancangan sistem yang digunakan adalah OOD dengan tool UML.",ai
"SIMETRIS (Jurnal Teknik Mesin, Elektro dan Ilmu Komputer) UMK (IndoT5 Parafrase)",2014,"(Human Error) merupakan salah satu faktor penyebab kecelakaan kereta api di Indonesia, salah satunya dengan aplikasi Psychomotor Vigilance Task (PVT), namun pengujian dengan menggunakan PVT sangat sederhana dan hanya menggunakan variabel rasa kantuk (sleepiness) dan kelelahan (fatigue) saja. Selanjutnya, aplikasi pengujian kewaspadaan yang baru dibuat dengan menambahkan variabel monoton. output dari aplikasi ini merupakan data pendukung dari aplikasi analisis kecelakaan perkeretaapian Human Factor Analysis and Classification System (HFT) yang telah dikembangkan pada aplikasi yang telah dibuat untuk aplikasi yang lebih lanjut.",ai
"SIMETRIS (Jurnal Teknik Mesin, Elektro dan Ilmu Komputer) UMK (IndoT5 Parafrase)",2014,"Untuk meningkatkan keamanan sistem parkir, kebutuhan manusia yang meningkat akan memicu perkembangan teknologi, sedangkan kebutuhan lain juga akan mendorong peningkatan keamanan sistemparkir. Sistem parkir yang berbasis komputerisasi dengan penggunaan teknologi barcode merupakan nilai tambah untuk meningkatkan keamanan sebuah sistem parkir. Selain memberikan kemudahan untuk mengontrol transaksi, sistem tersebut juga diharapkan dapat memberikan kenyamanan bagi pengguna parkir. Kata kunci: Sistem Parkir, Barcode, Enkripsi, Metode Caesar NIM, NIDN, NIP. (Teks dengan relevansi Elemen dalam mengembangkan sistem parkir (E) (M), dan peningkatan keamanan dan keamanan (NIP).",ai
"SIMETRIS (Jurnal Teknik Mesin, Elektro dan Ilmu Komputer) UMK (IndoT5 Parafrase)",2014,"SIS adalah bidang ilmu yang membahas bidang geografis kebumian yang dapat diterapkan dalam berbagai bidang institusi, misalnya di bidang militer, kedokteran, pendidikan hingga pertanian, manfaat Sistem Informasi Geografis secara umum memberikan informasi yang mendekati kondisi dunia nyata, memprediksi hasil dan perencanaan strategis. Kata kunci: sistem informasi geografis, google maps API, pemetaan mahasiswa. - Pemetaan mahasiswa dilakukan dengan menggunakan peta yang disediakan oleh Google Maps. API adalah suatu library yang berbentuk JavaScript. aplikasi google Maps adalah sebuah libraries yang berupa Javascript. Aplikasi API - Aplikasi Maps - Fungsi - Fungsi ( ) (e) - A.",ai
"SIMETRIS (Jurnal Teknik Mesin, Elektro dan Ilmu Komputer) UMK (IndoT5 Parafrase)",2014,"Untuk mendapatkan ekstraksi ciri dan metode pengenalan yang optimal, dalam uji coba dan analisis tersebut, diperlukan sampel data offline atau data yang sudah disimpan/direkam sebelumnya, sehingga diperlukan aplikasi untuk dapat merekam data (recording) dan memantau data dari sensor yang dipasang pada sarung tangan. Dengan adanya data sensor tersebut, proses pemilihan ekstraksi karakteristik dan metode pengenal yang optimal dapat dilakukan secara offline, menggunakan Perangkat Lunak Komputasi. - Data sensor yang dimonitoring dan direkam adalah data raw, sehingga perlu dilakukan pengolahan data untuk proses ekstraksi ciri, dengan menggunakan perangkat lunak komputasi. (C) ( OCT) a yang optimal (T). ` ` untuk tujuan ;.",ai
"SIMETRIS (Jurnal Teknik Mesin, Elektro dan Ilmu Komputer) UMK (IndoT5 Parafrase)",2014,"SIS adalah perangkat lunak yang digunakan untuk membangun sistem informasi geografis, ArcView dapat menampilkan elemen rupa bumi (jalan, sungai, perbatasan dan sebagainya), yang ditampilkan dalam berbagai format. Penelitian yang telah dilakukan menghasilkan rancangan basis data yang terdiri dari 9 tabel dan antarmuka visualisasi industri di Kabupaten Kudus. Rancangan yang telah dibuat dapat menampilkan lokasi industri konveksi yang tersebar di kabupaten kudus. , yang dapat memberikan informasi tentang penyerapan investor untuk penanaman modal. (Teks dengan relevansi EEA) yang sesuai dengan spesifikasi yang ditetapkan oleh pengguna. ) yang dapat menyediakan informasi yang dapat menyajikan informasi geografis.",ai
"SIMETRIS (Jurnal Teknik Mesin, Elektro dan Ilmu Komputer) UMK (IndoT5 Parafrase)",2015,"GIG-KNN merupakan gabungan dari algoritma pemilihan fitur information gain dengan algoritma klasifikasi KNN, kedua algoritma ini diharapkan dapat meningkatkan akurasi dalam memprediksi customer churn telekomunikasi, meskipun dengan nilai k yang berbeda-beda dibandingkan dengan knn tanpa fitur seleksi informasi gain, adapun peningkatan akurasi dari k1 sampai dengan k11 sebesar 1,7%. 000, sedangkan untuk k1 hingga k11 lebih murah 10 kali lipat dibandingkan dengan mencari pelanggan baru.",ai
"SIMETRIS (Jurnal Teknik Mesin, Elektro dan Ilmu Komputer) UMK (IndoT5 Parafrase)",2015,"Untuk mengembangkan sistem operasi berbasis GNU/Linux dengan fitur edukatif dan memiliki layanan pengenalan budaya dan bahasa, peneliti telah melakukan tiga kali pengembangan dan perbaikan sistem operasi yang dikembangkan berdasarkan revisi yang diberikan oleh responden yang berlatar belakang sebagai pelajar dan mahasiswa, penelitian ini telah menghasilkan sebuah produk Sistem Operasi berbasis GNU / Linux yang memiliki fitur e-edukasi dan layanan pengenalan Budaya dan Bahasa di Provinsi Gorontalo, Open Source, Saronde OS. (Open Sources), yang mencakup pengembangan fitur educatif dan layanan budaya dan linguistik (A), dan penyebaran, yang sesuai kebutuhan pengguna, dan perbaikan yang relevansi ( OCT) yang ramah lingkungan, dan Layanan pengenalan budaya, dan layanan pembelajaran, dan peningkatan, dll.",ai
"SIMETRIS (Jurnal Teknik Mesin, Elektro dan Ilmu Komputer) UMK (IndoT5 Parafrase)",2015,"Untuk setiap perbaikan kendaraan, bengkel KFMP adalah usaha milik perorangan yang bergerak di bidang jasa yaitu perbaikan mobil, khususnya spesialis untuk mobil produksi Honda atau mobil buatan Jepang seperti CRV, proses penyelesaian transaksi tersebut masih menggunakan sistem manual, mulai dari pendaftaran pelanggan, pendataan tanda pembayaran, dan penyampaian informasi yang akurat, relevan, dan tepat waktu. membuat pihak manajemen mengambil keputusan tentang bagaimana mereka dapat mencapai tujuan mereka. dan bagaimana mereka akan melayani. dan bagaimana mereka harus melakukannya. ( 1 ) , dan apa yang harus dilakukan. Keputusan ( 2 ) - ( 3) (3). , (2 ), dengan cara kerja , layanan ( ) yang sesuai dengan CRV ( 4 ). , dll , masing- , dalam hal-.",ai
"SIMETRIS (Jurnal Teknik Mesin, Elektro dan Ilmu Komputer) UMK (IndoT5 Parafrase)",2015,"(R and D) Penelitian berbentuk studi kasus dengan metode penelitian dan pengembangan RAD untuk menciptakan sistem penjualan sepeda online melalui integrasi basis data dan membangun hubungan dengan pelanggan secara lebih pribadi, tujuan dari penelitian ini adalah untuk memperluas jangkauan pemasaran dan meningkatkan penjualan melalui media yang lebih fleksibel dan lebih ekonomis. Hasil pengujian menunjukkan bahwa proses digitisasi penjualan memiliki verifikasi yang tepat mengenai sistem navigasi, pendataan isi keranjang belanja, mudah menelusuri pemrosesan data pemesanan dan konfirmasi penerimaan pembayaran secara online. , dan memastikan bahwa pembayaran telah diterima.",ai
"SIMETRIS (Jurnal Teknik Mesin, Elektro dan Ilmu Komputer) UMK (IndoT5 Parafrase)",2015,"(2) Berdasarkan hal tersebut, penulis melakukan analisa dan desain untuk menghasilkan model keputusan bakat dan minat pada anak SD Kelas 3, 4 dan 5. Model Bayesian digunakan sebagai analisa model keputusan, sementara diagram UML digunakan dalam perancangan sistem. Diagram yang digunakan meliputi usecase diagram, activity diagram, sequance diagram dan class diagram. Dengan adanya analisis dan desain ini, dapat digunakan sebagai dasar untuk implementasi sistem ke depan, dengan lima alternatif kemampuan anak-anak. , dan pilihan bakat, dll.",ai
"SIMETRIS (Jurnal Teknik Mesin, Elektro dan Ilmu Komputer) UMK (IndoT5 Parafrase)",2015,"(CD) pada Rental Kaset Akin Tanjung Pendam Kabupaten Beltim ini merupakan sistem informasi penyewaan kaset yang dirancang dengan menggunakan metodologi berorientasi objek dengan alat bantu UML (Unified Modelling Literacy), pengamatan langsung dan wawancara dengan pihak terkait, memberikan peningkatan kinerja kerja, peningkatan kinerja dan pengolahan data yang lebih baik, tepat, cepat dan tepat. , yang akan menghasilkan sesuatu yang berbeda atau lebih baik. daya saing sebagai dasar keunggulan ditentukan oleh kemampuan untuk berkembang dan memahami perubahan perilaku atau organisasi (sistem). - tujuan untuk mendukung keputusan yang relevansi yang sesuai dengan cara yang sesuai. di bidang yang relevan yang akan membuat keputusan yang lebih efisien dan sistem informasi yang sesuai kebutuhan yang relevan. pendekatan yang sesuai aplikasi berbasis komputerisasi berorientasi objek yang dapat dikembangkan dan pemrosesan yang relevan () yang relevant yang sesuai, yang sesuai konteks yang lebih efektif, yang lebih akurat, dan , dan yang lebih lanjut.",ai
"SIMETRIS (Jurnal Teknik Mesin, Elektro dan Ilmu Komputer) UMK (IndoT5 Parafrase)",2015,"mengidentifikasi daerah banjir dapat dilakukan dengan memanfaatkan perkembangan teknologi Sistem Pakar, dengan menggunakan sistem cerdas untuk mengembangkan model untuk mengidentifikasi wilayah potensial banjir, dengan enam parameter utama yang harus dipertimbangkan: luas genangan (km2, hektar), kedalaman atau ketinggian air banjir (meter), kecepatan aliran (m/detik, km/jam), material yang dihanyutkan aliran banjir, tingkat kepekatan air atau tebal endapan lumpur (mm), dan lamanya waktu genangan. - daerah potensial - daerah yang potensial - pendekatan, dan metode yang relevansi, dll - metode produksi, dll.",ai
"SIMETRIS (Jurnal Teknik Mesin, Elektro dan Ilmu Komputer) UMK (IndoT5 Parafrase)",2015,"( 1 ) E-book, Web Responsif, Digital Library adalah cara praktis untuk membaca buku, yang dapat diakses melalui laptop, komputer, dan smartphone, dengan konsep web responsif ini, tampilan dari Digital Library dapat disesuaikan dengan gadget yang digunakan dan mudah diakses oleh semua kalangan, khususnya di Fakultas Teknik Universitas Negeri Kudus. , dengan tujuan untuk menjembatani dosen dan mahasiswa agar tidak bingung dalam mencari referensi buku yang dicari. Oleh karena itu, digital library sangat diperlukan dalam penelitian ini. 2 ) , dan sebagai berikut : -.",ai
"SIMETRIS (Jurnal Teknik Mesin, Elektro dan Ilmu Komputer) UMK (IndoT5 Parafrase)",2015,"Di antara sifat material yang diinginkan adalah tangguh dan ringan, produksi AMC yang diperkuat SiC bertujuan untuk menggabungkan sifat mekanik aluminium yang ulet dan ringan dengan sifat SiC yang keras, pada penambahan SiC lebih dari 5% ketangguhan mengalami penurunan. Kata kunci: AMC, SiC, ketelitian. (Teks dengan relevansi EEA), siC, ketahanan.",ai
"SIMETRIS (Jurnal Teknik Mesin, Elektro dan Ilmu Komputer) UMK (IndoT5 Parafrase)",2015,"Diperlukan sebuah aplikasi sistem informasi untuk menentukan biaya iklan radio sebagai alternatif solusi yang dapat digunakan untuk memastikan bahwa pemasang iklan dapat memperoleh layanan yang cepat dan tepat, selain itu aplikasi ini dapat membantu memudahkan pemasaran dalam mengelola iklan radio. Kata kunci: sistem informasi, diagram Konteks, DFD Level 0, FD Level 1 dan basis data yang ditunjukkan dalam relasi antartabel. kata kunci: Sistem Informasi, Biaya Iklan Radio.",ai
"SIMETRIS (Jurnal Teknik Mesin, Elektro dan Ilmu Komputer) UMK (IndoT5 Parafrase)",2015,"(S-Commerce) telah berevolusi dengan mengadopsi Web 2. 0 yang memiliki kemampuan untuk meningkatkan partisipasi pelanggan dan meningkatkan nilai ekonomi, model yang digunakan adalah analisa sistemmatis, perbandingan dan observasi, yang menghasilkan hasil bahwa tokopedia memiliki lebih banyak atribut kualitas web (Sistem Quality). Kualitas informasi menunjukkan sejauh mana isi dari situs web tersebut tepat waktu (up-to-date), akurat dan lengkap. , dan kualitas informasi (Informationquality) yang lebih baik.",ai
"SIMETRIS (Jurnal Teknik Mesin, Elektro dan Ilmu Komputer) UMK (IndoT5 Parafrase)",2015,"Di bawah hasil evaluasi, desain antarmuka dan kemudahan pengguna (usability) dari aplikasi SOPPPOS secara umum cukup baik, dengan menggunakan evaluasi interaksi manusia komputer yang disebut evaluasi heuristik yang diperkenalkan oleh Molich dan Nielsen, meskipun ada beberapa hal yang perlu diperbaiki, terutama dalam karakteristik penggunaan yang lebih mudah. kata kunci: review, antarmuka, aplikasi SopppOS, evaluasi, heurisme.",ai
"SIMETRIS (Jurnal Teknik Mesin, Elektro dan Ilmu Komputer) UMK (IndoT5 Parafrase)",2015,"PO2 (Define the Information Architecture), DS1 (Ensure Continuous Service), S4 ( Ensure Systems Security) dan DS13 (Manage Operations) adalah kerangka kerja yang digunakan dalam penelitian ini untuk mengetahui sejauh mana pengelolaan data untuk layanan publik yang telah diterapkan pada Dinas Kesehatan Kabupaten jepara, dan memberikan rekomendasi tata kelola yang diharapkan di masa mendatang, sesuai dengan framework yang digunakan, untuk membangun dan mengembangkan sistem informasi dan dokumentasi ini diperlukan. , dan , untuk tujuan dari , yang relevansi , dalam hal ini. - , tentang , , pada , dimana , bahwa , di manage , Manajemen Data Management (D) (M) , manajemen data , ME).",ai
"SIMETRIS (Jurnal Teknik Mesin, Elektro dan Ilmu Komputer) UMK (IndoT5 Parafrase)",2015,"Untuk dua kasus yang berbeda, model proses bisnis harus diukur dengan similaritas struktural untuk mendukung Enterprice Resource Planning (ERP), model Proses Bisnis yang beragam tidak hanya ratusan, tetapi ribuan proses bisnis akan menghasilkan nilai Similarity yang mendekati satu, sedangkan jika proses bisnis yang diukur berbeda akan mengarah pada nilai Sintaktis yang rendah, yaitu mendekati nol. , sehingga dapat disimpulkan bahwa dengan melakukan pengukuran model Proses bisnis tersebut dapat meminimalisir duplikasi proses bisnis tersebut. ( 1 ) , dan karenanya dapat disimpulkan: - ( ), dan seterusnya, yang berbeda ( 2) ( 3), masing- duplikasinya, dan ( ERP), dll.",ai
"SIMETRIS (Jurnal Teknik Mesin, Elektro dan Ilmu Komputer) UMK (IndoT5 Parafrase)",2015,"(MANET) sebagai wireless local area network yang dinamis dalam hal pergerakan node berperan untuk mengkondisikan setiap terminal client sebagai backwarding/fowarding-devices, model, topologi dinamis, random, algoritma SNetS yang digunakan telah dapat mengakomodir jumlah N-node, sehingga kondisi node-terminal, bagaimana status node, dan QoS yang diperoleh mendekati kondisi nyata, metode pengujian menggunakan teknik kuantitatif serta kondisi acak yang direpresentasikan dengan pembangkitan bilangan acak, yang bekerja berdasarkan data yang sesuai dengan karakteristik yang dihasilkan dari aplikasi yang diinginkan. s net , dan karakteristik yang diinginkan, dan sifat yang diinginkan , pada setiap terminal, dan topologi jaringan yang saling bertetangga, dan , dimana , topologi, dan konfigurasi, dll.",ai
"SIMETRIS (Jurnal Teknik Mesin, Elektro dan Ilmu Komputer) UMK (IndoT5 Parafrase)",2015,"(KKN) adalah salah satu kegiatan yang harus dilakukan oleh semua mahasiswa Universitas Negeri Kudus untuk menerapkan pengetahuan yang diperoleh selama duduk di bangku perkuliahan, pembagian kelompok KKN, mengetahui waktu dan tempat pelaksanaan KKP, mengetahui dosen pembimbing lapangan dan melihat penilaian hasil KKP dan sebagai sarana untuk mempublikasikan informasi yang berkaitan dengan kegiatan KKN melalui sebuah sistem informasi. Kata kunci: Sistem Informasi, Kuliah Kerja Nyata, Pelayanan. (Teks dengan relevansi EEA), Sistem ini dirancang menggunakan pemodelan UML (Unified Modeling ), dan database Mys (MS) ) (M) , untuk membantu kelancaran Kegiatan KKN (H ) dalam proses KKN), untuk tujuan.",ai
"SIMETRIS (Jurnal Teknik Mesin, Elektro dan Ilmu Komputer) UMK (IndoT5 Parafrase)",2015,"SaaS menawarkan kemudahan, kecepatan dan efisiensi biaya dalam mengembangkan dan menggunakan perangkat lunak untuk kebutuhan bisnis, konsep SAaS ini akan diterapkan pada aplikasi penggajian berbasis desktop dengan menggunakan tool VFP2IIS. Prototipe aplikasi yang dihasilkan dikembangkan dengan menggunakan Metode Perancangan OOD (Object Oriented Development) dengan UML (Unified Modelling ).",ai
"SIMETRIS (Jurnal Teknik Mesin, Elektro dan Ilmu Komputer) UMK (IndoT5 Parafrase)",2015,"(SPKK) akan meningkatkan simptom klinis secara lebih cepat, efektif dibandingkan dengan terapi yang tidak tepat atau tidak sesuai. Penelitian ini mengembangkan prototipe SPKK untuk mendukung pengambilan keputusan tentang penggunaan antibiotik yang rasional pada penyakit infeksi yang ringan atau berat dan pada penyakit yang disebabkan oleh virus. Sistem pendukung pengambilan keputusan klinis dikembangkan dengan membandingkan output dari Klinis 35 (70%) dan output sistem 49 (98%), X2=0,087, p=0,768. Pada hasil di atas menunjukkan bahwa sistem memiliki kinerja yang baik. (a) - (A) (O) (b) ) `` `.",ai
"SIMETRIS (Jurnal Teknik Mesin, Elektro dan Ilmu Komputer) UMK (IndoT5 Parafrase)",2015,"Ini juga memerlukan usaha nyata yang bersinambung dan mengarah pada peningkatan kesadaran untuk menjadikan elektronika sebagai perkembangan teknologi, dengan adanya metode game, merupakan salah satu metode belajar merancang amplifier yang praktis dan menarik di ponsel berbasis android, karena mudah dipahami dan memudahkan para calon teknisi elektro dalam belajar merancang. , aplikasi ini diharapkan dapat membantu pengguna yang ingin belajar merakit amplifier di android. Aplikasi ini dimaksudkan untuk membantu pengguna dalam belajar membuat amplifilier berbasis androit. aplikasi yang dirancang untuk tujuan untuk mengembangkan aplikasi ini untuk membantu mereka yang efektifitas produk tersebut.",ai
"SIMETRIS (Jurnal Teknik Mesin, Elektro dan Ilmu Komputer) UMK (IndoT5 Parafrase)",2015,"(1) casing juga berfungsi sebagai charger untuk ponsel; 2) jumlah pompaan 25 kali akan menghasilkan arus 800mAh; 3) tegangan total 4 Volt masuk ke baterai penyimpanan; dan 4) baterai penyimpanan ke ponsel dapat dihitung dari daya maksimal penyimpanan/kebutuhan arus dari baterai. Kapasitas baterai penyimpanan yang lebih besar dari 5000 mAh diperlukan untuk menghasilkan arus yang dapat disimpan di baterai penyimpanan. kapasitas arus lebih tinggi dari 1500 mAh. , dan untuk menghentikan pengisian baterai dilengkapi dengan saklar on/off untuk memutus arus listrik. (2) (3) (5 M) ).",ai
"SIMETRIS (Jurnal Teknik Mesin, Elektro dan Ilmu Komputer) UMK (IndoT5 Parafrase)",2015,"(Plasmodium falciparum, active contour, selective binary and gaussian Filtering Regularized Level Set (SBGFRLS), filter gaussia digunakan untuk meregularisasi obyek sel darah yang memiliki intensitas interior tidak homogen, dan edema paru, tertarik untuk melakukan penelitian segmentasi pada citra parasit malaria plasmodium gravidarum dengan metode Active Contour yang mengimplementasikan sebuah proses khusus, yaitu Selective Binary and Gaussian Filters Regularization Level Set) (SREL) Pada , s - pada citra, pada gambar, pada citra , pada membrane, pada foto.",ai
"SIMETRIS (Jurnal Teknik Mesin, Elektro dan Ilmu Komputer) UMK (IndoT5 Parafrase)",2015,"paperless adalah salah satu upaya untuk mengurangi dampak negatif dari kerusakan lingkungan, yang berdampak pada kelestarian hutan, teknologi SMS Gateway memungkinkan staf RT mengirimkan pesan singkat ke server RT yang akan diterima sebagai data pemicu pembuatan surat kependudukan, sedangkan dalam tingkat desain, data yang ada dapat di integrasikan dengan data pemohon, sehingga format SMS tidak terlalu panjang. , dan bahwa data tersebut dapat diproses pada saat itu juga. (Teks dengan relevansi EEA), yang telah banyak membantu dalam mengembangkan sistem ini. - Sistem tersebut harus dibuat oleh RT. aplikasi ini, dan diagram yang telah membantu dalam merancang sistem tersebut. ` , dan birokrasi dari yang diperlukan dalam. : - sistem - , dll. akan , yang diperlukan oleh masyarakat.",ai
"SIMETRIS (Jurnal Teknik Mesin, Elektro dan Ilmu Komputer) UMK (IndoT5 Parafrase)",2015,"Ini akan menggunakan algoritma K-Medoids untuk pengelompokan data penjualan, sehingga akan ditemukan informasi yang dapat digunakan untuk menentukan strategi pemasaran produk yang tepat. Hasil dari penelitian ini menghasilkan 5 cluster dengan cluster pertama terdiri dari 909 transaksi, cluster kedua terdiri dari 166 transaksi, Cluster ketiga terdiri dari 66 transaksi, Bauran Pemasaran, dan Tingkat Biaya Pemasaran yang diperlukan. - Strategi pemasaran produk dapat dilakukan dengan melakukan promosi pada cluster kelima yang memiliki kombinasi jumlah barang yang dibeli paling tinggi. Jumlah barang yang harus dibeli adalah yang tertinggi. tingkat biaya pemasaran produk, dan tingkat harga pemasaran yang relevansi cluster, dan jumlah barang-medoids yang paling banyak barang yang paling tinggi jumlah barang pembelian yang sesuai.",ai
"SIMETRIS (Jurnal Teknik Mesin, Elektro dan Ilmu Komputer) UMK (IndoT5 Parafrase)",2015,"( 1 ) Asap cair, tar, arang, diproduksi dengan menggunakan metode pirolisis, yaitu peruraian dengan bantuan panas tanpa oksigen atau dengan jumlah oksigen yang terbatas, menghasilkan asap cair dari bahan biomassa yang dipilih, tempurung kelapa sawit, ampas hasil penggergajian kayu, dan lain-lain. Bahan baku yang banyak digunakan untuk pembuatan asap cair adalah kayu, bongkol kelapa sawit dan sampah organik, dan sebagainya, yang mana proporsinya tergantung pada metode pirolitik, karakteristik biomassa dan parameter reaksi. - Metode yang dilakukan dimulai dengan merancang unit, yang menghasilkan produk, yang dihasilkan dari pembakaran, dan arang, yang akan menghasilkan senyawa asam, dan karbon - Produk yang dihasilkan dalam proses pembakaran, produk yang dihidrogen yang lebih efektif dalam jumlah yang lebih besar, yang lebih tinggi, dan produk yang lebih dari pembakaran yang lebih banyak, arang yang lebih lanjut - produk yang dihasilkan oleh pembakaran, , dan , yang meningkat suhu yang lebih baik, dan udara, dan limbah.",ai
"SIMETRIS (Jurnal Teknik Mesin, Elektro dan Ilmu Komputer) UMK (IndoT5 Parafrase)",2015,"cloud computing, perceived usefulness, needs, cost efficientness, top manajemen dukungan, kompleksitas, behavioral intention to use dan actual usage, Evaluasi Goodness of Use (TAM) digunakan untuk menganalisis kelayakan model, dengan menggunakan Partial Least Square (PLS) pada program SmartPLS versi 2. 0, dan 3 (tiga) hipotesis ditolak, yaitu: security, reliabilty dan biaya yang telah diterima, dan validitas yang telah disetujui, dan (P), yang telah diadopsi , dan kelayakan model , yang akan diterima, (T) dan , , dll , masing- ( ), dan penggunaan, dll.",ai
"SIMETRIS (Jurnal Teknik Mesin, Elektro dan Ilmu Komputer) UMK (IndoT5 Parafrase)",2015,"Ini adalah salah satu teknik yang paling penting dalam menjalankan bisnis forex, karena dengan memprediksi bisnis fores menggunakan model neural network dengan data time series per 1 menit untuk mengetahui nilai akurasi prediksi, sehingga dapat membantu mengurangi resiko kerugian. Metode penelitian pada penelitian ini meliputi metode pengumpulan data, kemudian dilanjutkan ke metode pelatihan, learning, testing menggunakan Neural Network, setelah dievaluasi hasil penelitian ini menunjukkan bahwa algoritma neural Network mampu untuk memprediksi forex dengan tingkat akurasi 0. 096, sehingga dengan prediksi ini dapat membantu meminimalkan.",ai
"SIMETRIS (Jurnal Teknik Mesin, Elektro dan Ilmu Komputer) UMK (IndoT5 Parafrase)",2015,"(1) Tahap perencanaan (desain) alat dehydrator bioethanol yang bekerja dengan metode absorbsi menggunakan metode pemisahan lanjut, yaitu dengan metode distilasi azeotrop, pervorasi membran, dan adsorpsi. Hasil penelitian menunjukkan bahwa mesin yang dikembangkan ini mampu menghasilkan bahan bakar bioetanol dengan konsentrasi lebih dari 99%, yang dikenal sebagai Fuel Grade Ethanol, dengan diameter lebih dari 2 mm. Kondensor memiliki diameter 100 mm dan tinggi 600 mm, dan kondensor dengan diameter 600 mm. (2 mm) ( 1 ) , dan (3) ) untuk (d) s , (D) : (A ) - (B) a ( ). ), dan pengujian (T) /.",ai
"SIMETRIS (Jurnal Teknik Mesin, Elektro dan Ilmu Komputer) UMK (IndoT5 Parafrase)",2015,"Untuk menentukan kelayakan kenaikan jabatan karyawan, metode atau aturan C4. 5 (pohon keputusan) yang digunakan dalam menentukan atau membantu mengambil keputusan serta menentukan kenaikan gaji karyawan, data dianalisis menggunakan perangkat lunak Rapidminer, salah satu perangkat lunak berbasis Open Source, sehingga dapat diketahui tingkat presisi dan presisinya dengan baik dan tepat. Dengan demikian, hasil penelitian dapat memberikan kontribusi bagi Instansi terkait untuk dapat melakukan pemilihan mitra kerja yang tepat dan tepat sasaran, khususnya masalah pengalaman kerja, kualitas kerja, dan lain-lain, dan sebagainya.",ai
"SIMETRIS (Jurnal Teknik Mesin, Elektro dan Ilmu Komputer) UMK (IndoT5 Parafrase)",2015,"(K-SVNN) digunakan dalam penelitian ini sebagai pemrosesan awal data masukan untuk mengurangi data latih yang dieksekusi di setiap iterasi, tetapi tetap mempertahankan kualitas hasil pelatihan, pengurangan jumlah data ajar yang dieksekusi diukur dengan waktu yang digunakan selama proses pelatihan, sedangkan perbedaan akurasi prediksi ada penurunan, penurunan 0% hingga 4. 76% pada masing-masing iterasi latihan. , dan waktu eksekusi pelatihan juga akan lebih lama dari yang diharapkan. 000, sementara itu akan diproses tepat satu kali. 2 ) , yang lain. latihan yang lain latih latih A N NN latihannya. akan latih - latih, dan latihnya latih. pemrograman awal latih pada setiap kali , dll. : ); , masing- , yaitu:.",ai
"SIMETRIS (Jurnal Teknik Mesin, Elektro dan Ilmu Komputer) UMK (IndoT5 Parafrase)",2015,"Ini menggunakan motor bensin 4 langkah 1 silinder yang dilengkapi dengan konverter kits, variabel bebas dalam penelitian adalah variasi ignition timing berbahan bakar LPG dengan sudut pengapian, sedangkan variabel terikat adalah seberapa tinggi torsi dan daya motor bensin yang dihasilkan pada kecepatan 32°. Dari hasil pengujian, dapat disimpulkan bahwa motor bensin memiliki torsi dan tenaga tertinggi yang dihasilkan dari motor bensin. (Teks dengan relevansi EEA), yang merupakan variabel bebas.",ai
"SIMETRIS (Jurnal Teknik Mesin, Elektro dan Ilmu Komputer) UMK (IndoT5 Parafrase)",2015,"Semakin meningkatnya dunia otomotif, banyak pemikiran untuk memodifikasi agar unjuk kerja motor lebih baik, salah satunya dengan pemanasan bahan bakar pada motor diesel, hal ini dilakukan untuk mengurangi viskositas bahan bakar, sehingga bahan bakar lebih mudah di injeksikan dan torsi meningkat sebesar 3,84% dari kondisi standart, dan konsumsi bahan bakar menurun sebesar 3,5% pada suhu 55°C dan pada suhu 65°, serta penurunan Konsumsi Bahan Bakar sebesar 29,4% pada Suhu 55° dan pada Suhu 65°. Daya yang dihasilkan lebih besar dan konsumsi Bahan Bakar lebih rendah, dan efisiensi bahan bakar berkurang. , dan penggunaan bahan bakar , konsumsi bahan pembakaran lebih mudah dicampur dengan udara lebih efisien.",ai
"SIMETRIS (Jurnal Teknik Mesin, Elektro dan Ilmu Komputer) UMK (IndoT5 Parafrase)",2015,"(2) Penelitian ini menggunakan bahan baja AISI 1065 dan logam pengisi ER70S-6, dengan variasi arus listrik 80 A, 100 A dan 120 A, kecepatan lasan 5 mm/s, kecepatan logam pengisi 4mm/s dan tegangan DC 22 V, kekerasan dan struktur mikro sangat dipengaruhi oleh komposisi dan sifat logam induk maupun logam pengisi, proses pengelasan, pemanasan, dan adanya tegangan sisa, aplikasi sambungan las masih menjadi pilihan utama pada bidang konstruksi, karena konstruksi menjadi ringan, murah dan cepat dalam proses pengerjaannya. , yang lebih halus (C).",ai
"SIMETRIS (Jurnal Teknik Mesin, Elektro dan Ilmu Komputer) UMK (IndoT5 Parafrase)",2015,"Di mana bencana yang dimaksud seperti kebakaran, bencana alam, perang, dll dapat menyebabkan kerusakan pada infrastruktur teknologi informasi dalam hal ini media penyimpanan data (data storage), maka perusahaan dapat melanjutkan pemrosesan data dengan menggunakan data yang disimpan dalam penyimpanan data yang berbasiskan cloud, adapun penyimpanan awan tetap menjamin keamanan dan kerahasiaan data perusahaan. kata kunci: mitigasi, Strategi, Pemulihan, Bencana, Penyimpanan Awan, Keamanan. Data Perusahaan harus memiliki strategi penyimpanan data perusahaan harus memiliki data perusahaan akan menjadi bagian dari pihak berwenang data perusahaan tersebut.",ai
"SIMETRIS (Jurnal Teknik Mesin, Elektro dan Ilmu Komputer) UMK (IndoT5 Parafrase)",2015,"linux, web server, LAMP, remastering, live usb, keluaran penelitian ini menjelaskan desain dan implementasi dari distribusi Linux Lubuntu yang berfokus pada desktop yang ringan dan ditujukan untuk lingkungan web server yang nyaman untuk digunakan dalam proses belajar mengajar pada matakuliah Sistem Operasi, Pemrograman Basis Web I, dan pemrograman Basis Web II di Fakultas Sains dan Teknologi Universitas Katolik Mui Charitas palembang, dengan modifikasi dari hasil penelitian ini. dan dapat digunakan oleh pihak lain, dan dapat dipelajari. - Penelitian ini bertujuan untuk mengembangkan. (L) (l) , dan ( ) s ,. , , dll , sebagai berikut :.",ai
"SIMETRIS (Jurnal Teknik Mesin, Elektro dan Ilmu Komputer) UMK (IndoT5 Parafrase)",2015,"mengintegrasikan metode fuzzy-TOPSIS dan MCGP (Multi-Choice Goal Programming), dengan urutan prioritas supplier C, D, A dan B, dan alokasi pesanan yang dihasilkan dari pengolahan data menggunakan metode MCGP, hasil urutan prioritas pemasok untuk menentukan alokasi pesanan kepada pemasok untuk mendapatkan bahan baku yang berkualitas dan tidak mengalami keterlambatan dalam pengiriman bahan baku, masalah pengambilan keputusan yang optimal adalah dalam menentukan prioritas pemasok dan alokasi order untuk memastikan bahwa bahan baku berkualitas, dan tidak terjadi penundaan dalam pengiriman. , dan bahwa salah satunya dapat putus produksi, dan sebagai akibatnya, dan seterusnya. (MCGP) (M), dan (MP) s , dan D , dll) , , di mana , oleh perusahaan.",ai
"SIMETRIS (Jurnal Teknik Mesin, Elektro dan Ilmu Komputer) UMK (IndoT5 Parafrase)",2015,"(2) Penelitian ini bertujuan untuk menghasilkan sistem informasi penggajian karyawan yang terkomputerisasi, dimana sistem informasi gaji karyawan yang sudah terkomputerisasikan ini dapat memberikan kemudahan dalam pelayanan dan penyajian informasi, meningkatkan kinerja dan pengolahan data menjadi lebih baik, tepat, cepat dan tepat, serta mempercepat dalam pembuatan laporan gaji karyawan. peningkatan kinerja kerja tidak terlepas dari sarana dan sarana, salah satunya adalah dukungan teknologi dan sistem informasi yang sesuai dengan kebutuhan, yang dapat diproses dan diproses sehingga menghasilkan informasi yang diperlukan untuk mendukung keputusan yang baik. Keputusan tersebut harus dibuat secara cepat, tepat waktu dan fleksibel untuk memastikan kelancaran kegiatan sehari-hal tersebut, dan untuk meningkatkan kinerja kerja yang tepat waktu yang tepat Waktu yang efisien dan untuk mendukung kinerja yang baik, dan sebagai sumber daya tahan lama, yang baik untuk meningkatkan efisiensi perusahaan, dan seterusnya, pada masa sekarang, dan tepat waktu, dan akurat, dan cepat, dan lebih cepat dan cepat dan lebih baik.",ai
"SIMETRIS (Jurnal Teknik Mesin, Elektro dan Ilmu Komputer) UMK (IndoT5 Parafrase)",2015,"(Teks dengan relevansi EEA) adalah untuk membuat biobriket dari bottom ash limbah batu bara PLTU PT Pura Barutama dengan biomassa cangkang kopi, pengujian yang akan dilakukan meliputi; kadar karbon, kandungan sulfur oksida, kadar abu dan air. Variasi perbandingan antara bottom Ash dan biomassa adalah 50:50, 60:40 dan 70:30. Kata kunci: Cangkang Kopi, Karbonisasi, Batubara, Sulfur Oksida, Kadar Abu dan Air naik rata-rata 11. 09%, sedangkan pengujian kadar abu menunjukkan kenaikan rata-.",ai
"SIMETRIS (Jurnal Teknik Mesin, Elektro dan Ilmu Komputer) UMK (IndoT5 Parafrase)",2015,"Untuk mendukung kemajuan dan perkembangan kepegawaian tersebut, peningkatan kinerja kerja tidak terlepas dari sarana dan sarana, salah satunya adalah dukungan teknologi dan sistem informasi yang sesuai dengan kebutuhan, dengan menggunakan metodologi berorientasi objek dengan alat bantu UML (Unified Modelling Learning), pengamatan langsung dan wawancara dengan pihak yang berkepentingan, untuk membuat aplikasi Sistem Informasi Kepegawaian pada Kantor CV. , yang akan menghasilkan sesuatu yang berbeda atau lebih baik. kinerja kerja, serta pengolahan data yang lebih baik, tepat waktu dan akurat. pendekatan yang relevansi yang lebih efisien dan kemajuan dan kemajuan. Peningkatan kinerja kerja yang lebih efektif, dan peningkatan kinerja karyawan, dan efisiensi dan peningkatan kerja yang diperlukan. daya sa yang sesuai kebutuhan, dan fasilitas yang sesuai. Pendekatan berorientasi objek yang tepat.",ai
"SIMETRIS (Jurnal Teknik Mesin, Elektro dan Ilmu Komputer) UMK (IndoT5 Parafrase)",2015,"Diperlukan suatu sistem yang dapat memproses masukan berupa kondisi fisik, aksesoris, minat pasar, dan harga beli baru dari sepeda motor menjadi keluaran berupa harga jual sepeda motor bekas yang lebih akurat sesuai dengan kondisi sepeda motor yang akan dijual, dengan menggunakan sistem penentuan harga jual tersebut diharapkan dapat memudahkan pihak dealer sepeda motor dalam menentukan harga jualnya dengan lebih tepat sesuai dengan keadaan sepeda motor tersebut, dan juga harga jual dipasaran. (fis) Mamdani, Harga Jual, Motor Bekas (Fis), dll. ), ( ) (f) , untuk , , dan sebagai berikut , yang relevansi , harga jual, dll , motor bekas (harga) ) - harga jual bekas , dll) yang lebih baik , yaitu , dimana , sehingga , bahwa , pada saat ini, yang lebih tepat, yang bersangkutan).",ai
"SIMETRIS (Jurnal Teknik Mesin, Elektro dan Ilmu Komputer) UMK (IndoT5 Parafrase)",2015,"(Teks dengan relevansi EEA), ketela pohon, enzym alfa amylase, enzym gluco amyllase, NPK, urea, dan ragi (yeast), lama fermentasi berpengaruh terhadap kadar etanol, produksi etanol dari hasil destilasi dengan menggunakan metode pengujian langsung dan pengumpulan data kadar etanol hasil distilasi cairan fermentasi 3, 5 dan 7 hari yang menghasilkan kadar etanol tertinggi, yaitu: 92% etanol. Dengan komposisi fermentasi: Ketela Pohon, Lama Fermentasi, Waktu Fermentasi - Durasi (t) Kata Kunci : , waktu , dan Metode yang relevansi , , untuk (d) s , pada tanaman, a, ragi 15 gram, 15 gram ragi, 15g (b) , sebagai berikut (e).",ai
"SIMETRIS (Jurnal Teknik Mesin, Elektro dan Ilmu Komputer) UMK (IndoT5 Parafrase)",2015,"Ini adalah aplikasi yang berjalan pada platform Android dan dibangun pada program Unity, di mana aplikasi ini adalah video streaming yang diambil dari kamera smartphone Android sebagai pendeteksi sumber masukan, kemudian aplikasi ini akan mendeteksi dan melacak marker dari setiap produk yang telah dikonfigurasi dan diintegrasikan pada link resmi Vuforia dengan menggunakan sistem tracking, sehingga model 3D produk djarum seolah-olah akan muncul pada maeker tersebut. - Model 3D Produk PT. Djarum, seperti yang terlihat pada gambar di bawah ini: 1.",ai
"SIMETRIS (Jurnal Teknik Mesin, Elektro dan Ilmu Komputer) UMK (IndoT5 Parafrase)",2015,"augmented reality untuk mobile guide Museum Sangiran menggunakan metode waterfall, yaitu tahap analisis, desain, desain dan script, dan pengujian dilakukan melalui survey kuisioner. Analisis pengujian aplikasi terhadap daya tarik pengunjung dilakukan berdasarkan kuesioner dengan skala butir pertanyaan menggunakan skala Likert dengan skala 6. Hasil analisis menunjukkan bahwa semua butir pertanyaan dinyatakan valid dan reliabel. Tanggapan responden terhadap aplikasi tersebut adalah setuju-sangat setuju, yang diwujudkan dalam 5 aspek, yaitu ketertarikan terhadap aplikasi 93%, kemudahan mendapatkan informasi 97%, interaktifitas aplikasi 94%, dan inovasi aplikasi 97% (97%) (5).",ai
"SIMETRIS (Jurnal Teknik Mesin, Elektro dan Ilmu Komputer) UMK (IndoT5 Parafrase)",2015,"( 1 ) Penelitian ini dilatar belakangi oleh proses peramalan produksi air minum kemasan yang masih manual, tujuan dari penelitian ini adalah untuk merancang sistem pendukung keputusan untuk meramalkan penjualan Air minum kemasan, metode Trend Moment ini digunakan untuk mengatasi masalah yaitu peramalan Produksi Air Minum Kemasan, sistem ini dapat mempermudah pihak manajer dalam pengambilan keputusan tentang perkiraan produksi, sehingga proses produksi Air minum Kemasan dapat dilaksanakan dengan efisien dan lebih efektif. - Sistem Pendukung Keputusan: Web, Trend moment, PHP, Mysql. sakan oleh karena itu sebagai berikut , yang relevansi.",ai
"SIMETRIS (Jurnal Teknik Mesin, Elektro dan Ilmu Komputer) UMK (IndoT5 Parafrase)",2015,"Ini adalah sekolah menengah kejuruan yang terletak di Kabupaten Kudus, guru pada Mambaul Falah masih menggunakan metode pembelajaran tradisional atau konvensional dalam melaksanakan proses belajar mengajar, karena tingkat fleksibilitas, skalabilitas, dan fungsionalitasnya yang memudahkan kegiatan belajar mengajar dapat dilakukan di mana saja dan kapan saja. Oleh karena itu, sistem pembelajaran berbasis online (e-learning) telah dirancang untuk digunakan oleh dua aktor, yaitu siswa dan guru. ( 1 ) , dan sebagai akibatnya, perlu ada peningkatan metode komunikasi dan interaksi. ` ( e-) ( 2 ( ), dan guru, (). ` _ ` pendekatan pembelajaran.",ai
"SIMETRIS (Jurnal Teknik Mesin, Elektro dan Ilmu Komputer) UMK (IndoT5 Parafrase)",2015,"(DCT), deteksi tepi, euclidean distances, grayscale, hylocereus costaricensis (buah naga merah), seringkali ketika membeli buah tersebut daging buah naga terasa sangat lunak dan hambar, padahal pada buah naga tersebut mengandung rasa manis, asam dan segar. Hasil dari penelitian ini adalah citra buah naga merah mampu diidentifikasi dengan metode DCT dan Euclideans Distance (DCT). ), yang dipengaruhi oleh banyaknya jumlah data pelatihan yang digunakan. (dct) (c) ) - (C) s , dan (p) , ( ) ` scale, dan putih) / (P) nya).",ai
"SIMETRIS (Jurnal Teknik Mesin, Elektro dan Ilmu Komputer) UMK (IndoT5 Parafrase)",2015,"(SLR) adalah sebuah teknik untuk mentransformasi struktur internal perangkat lunak tanpa mengubah fungsionalitas perangkat lunak itu sendiri, refactoring termasuk dalam bentuk evolusi perangkat lunak, di mana teknik yang memiliki tingkat komputasi yang tinggi seperti clustering, searching, dan analisis regresi dapat digunakan untuk mendeteksi masalah refactoring pada tingkat non-source code, dengan menggunakan teknik lain seperti NLP dan teknik similaritas. Kata kunci: Refractoring, Non-Source Code Retrieval dan Analisis Regresi. (T) ( ) s - dari nya.",ai
"SIMETRIS (Jurnal Teknik Mesin, Elektro dan Ilmu Komputer) UMK (IndoT5 Parafrase)",2015,"Di Toko Karya Indah, kegiatan yang berkaitan dengan inventori barang masih dilakukan secara manual sehingga pihak toko kesulitan untuk mengetahui data barang yang masih tersedia, habis, atau hampir habis, selain itu proses yang dilakukan membutuhkan waktu yang relatif lama. Kata kunci: Sistem Inventori Barang, PHP dan database MySQL dilengkapi dengan teknologi AJAX (Asynchronous JavaScript and XML). , khususnya aJax validasi dan validasi.",ai
"SIMETRIS (Jurnal Teknik Mesin, Elektro dan Ilmu Komputer) UMK (IndoT5 Parafrase)",2015,"Di daerah tropis, kacang hijau adalah sejenis tanaman budidaya dan palawija yang dikenal luas, sebagai bahan makanan, proses pengupasan kulit ari yang dilakukan secara manual memerlukan rancangan mesin pengupas kulit ari kacang hijau, dengan diameter roller 110 mm dan poros 25 mm, daya motor 0,25 HP, dengan putaran 175, 262 dan 131 RPM, sehingga dapat menghasilkan mesin pengering kulit ari dengan kapasitas 50 kg/jam. ( 1 ) OJ L 127, 7. 2006, serta sabuk, dan 13 1 ( ) ( 2).",ai
"SIMETRIS (Jurnal Teknik Mesin, Elektro dan Ilmu Komputer) UMK (IndoT5 Parafrase)",2015,"Di bidang aplikasi, analisis pola aliran stratified menggunakan metode analisis statistik dengan fluktuasi tekanan sangat penting untuk diterapkan pada industri karena tidak ada persyaratan untuk bahan pipa, khususnya di mana sensor tekanan akan dipasang, visualisasi sub-sub pola aliran yang diamati masih cukup sulit jika hanya dengan kehadiran fluktuasi beda tekanan saja. - Hasil penelitian menunjukkan bahwa visualisasi Sub-sub Pola Aliran Stratified yang diamati belum sepenuhnya terdeteksi dengan menggunakan metode konduktansi. (Teks dengan relevansi EEA), dan tidak ada batasan untuk pengukuran tekanan diferensial, tetapi juga akan menghapus segala keterbatasan dalam studi ini (D), (d) ( D ) strated strati (S). strata) , dan karakteristik khusus (F) s - pola aliran, dan (C).",ai
"SIMETRIS (Jurnal Teknik Mesin, Elektro dan Ilmu Komputer) UMK (IndoT5 Parafrase)",2015,"(DTW) adalah algoritma pencocokan pola (template match) untuk mengukur kemiripan dua data sekuensial (time series) temporal yang berbeda waktu dan kecepatan secara luas digunakan dalam penelitian ini, dengan rincian untuk masing-masing kelas adalah 3 data sebagai template dan 15 data sebagai testing. Hasil pengujian menunjukkan bahwa tingkat pengenalan atau ketepatan waktu adalah 89,73%. Waktu rata-rata yang dibutuhkan adalah 654. 59 milidetik untuk proses pengenalan satu data testing dengan menggunakan template sebanyak 3 data per kelas atau total 150 data.",ai
"SIMETRIS (Jurnal Teknik Mesin, Elektro dan Ilmu Komputer) UMK (IndoT5 Parafrase)",2015,"Di bidang HKI (Hak Kekayaan Intelektual), khususnya merek dan desain industri, pendekatan yang digunakan untuk mengembangkan sistem dalam penelitian ini adalah model prototype, metode pengembangan sistem yang digunakan adalah OOD (Object Oriented Development) dengan tool UML (Unified Modelling Linguistik), hasil penelitian berupa aplikasi Sistem Informasi Geografis berbasis Web (WWW), yang merupakan langkah awal untuk memberikan bimbingan kepada usaha kecil dan menengah (UKM), untuk memastikan bahwa hal-hal tersebut juga dilindungi hukum. (HKI) ( HKI), dan Desain Industri, sebagai langkah-desain industri, yang berkaitan dengan tujuan untuk kepentingan industri.",ai
"SIMETRIS (Jurnal Teknik Mesin, Elektro dan Ilmu Komputer) UMK (IndoT5 Parafrase)",2015,"query-tree sangat membantu untuk mengoptimalkan penggunaan sintaks bahasa SQL yang berbeda dalam masalah yang sama, jika aturan penggunaan seleksi kemudian proyeksi didahulukan daripada penggabungan menggunakan Join atau Cartesian product terlebih dahulu, hal ini bertujuan untuk mengurangi pemuatan baris dan kolom data yang berlebihan. Ditinjau dari kecepatan komputasi untuk operasi himpunan yang melibatkan lebih dari satu tabel, penggunaan sintaks yang optimal dapat dianalisa menggunakan teknik Query Tree untuk mendapatkan hal utama dalam pemrosesan basis data, yaitu kecepatan komputasi dan ketepatan yang lebih besar dari penjumlahan data yang berlebih. tree digunakan dalam kasus yang lebih baik yang lebih lanjut produk yang lebih banyak data yang sama - kasus yang sama.",ai
"SIMETRIS (Jurnal Teknik Mesin, Elektro dan Ilmu Komputer) UMK (IndoT5 Parafrase)",2015,"(SMS Gateway) adalah teknologi yang telah banyak digunakan untuk memfasilitasi transmisi dan penyebaran informasi dengan cepat dan mudah, serta untuk media penyampaian kritik, keluhan, sehingga pemerintah desa menerima dan menindaklanjuti informasi yang bersifat tiba-tiba dan harus sampai atau segera diketahui oleh masyarakat desa. pengembangan sistem menggunakan metode prototyping. Skema Layanan Informasi Desa (SiLISA) yang dihasilkan dapat digunakan oleh seluruh perangkat desa, organisasi desa, serta komunitas yang ada di desa, dan juga dapat digunakan untuk melakukan proses polling terkait kegiatan tertentu, menggunakan SMS. , dll (MS) (M) ) s () ` `, `. , dan - ( ) / layanan informasi komunikasi dari masyarakat desa) , dan segera.",ai
"SIMETRIS (Jurnal Teknik Mesin, Elektro dan Ilmu Komputer) UMK (IndoT5 Parafrase)",2016,"(PT HIJ) adalah perusahaan yang bergerak di bidang percetakan yang terutama menyediakan layanan percetakan, sangat erat dengan masalah Sumber Daya Manusia yang terus beroperasi sesuai dengan kriteria, sub-kriteria dan alternatif yang dipih oleh responden, sehingga dapat menghasilkan model yang dapat mendukung pengambilan keputusan dalam hal menentukan mana KMS yang tepat di perusahaan yang obyektif untuk memenuhi tantangan dunia bisnis saat ini, yang akan memerlukan pemodelan pengambilan keputusan untuk memberikan pengetahuan kepada staf baru di perusahaan untuk membantu mereka bekerja dengan cepat dan tepat. , dan untuk memastikan bahwa mereka dapat bekerja dengan akurat. Keputusan Strategis ini akan memungkinkan untuk membuat keputusan yang relevansimetricr untuk melakukan pekerjaan yang tepat untuk tujuan untuk mengubah posisi yang penting untuk membuat posisi yang relevan. pendekatan yang diperlukan untuk tujuan dari sudut pandang yang relevan untuk tujuan yang relevan yang dipilih oleh para responden , untuk membentuk posisi yang tepat posisi yang sesuai dengan cara yang tepat. Posisi yang tepat, yang tepat waktu yang tepat - posisi yang lebih relevansi yang relevan pada posisi.",ai
"SIMETRIS (Jurnal Teknik Mesin, Elektro dan Ilmu Komputer) UMK (IndoT5 Parafrase)",2016,"Ditinjau dari indentitas responden pada penelitian, responden yang memiliki jumlah lebih banyak adalah siswa kelas X1I (63. 6%), jenis kelamin perempuan (77. 3%), yang merupakan gabungan dari siswa kelas XI dan XII. Penilaian disini menggunakan model TAM, Dropbox, Moderasi, Gender/Sex, Level/Class, Cloud Computing (cloud storage), dengan tingkat penerimaan yang signifikan, dan tingkat penerimaan teknologi yang signifikan. (Teknologi Informasi ) ( TAMOS 18) s , - X1 X X X Xl xl ( ), masing-kelas X1) , dan XII , , X , dll , dengan 1 2 x) `` `.",ai
"SIMETRIS (Jurnal Teknik Mesin, Elektro dan Ilmu Komputer) UMK (IndoT5 Parafrase)",2016,"(2) Pengelolaan dana masjid, keuangan, yayasan, informasi, laporan, sistem, masih manual, sehingga organisasi yang ada di Masjid dapat menggunakan sistem yang terkomputerisasi, karena mereka memiliki fitur yang dapat mengelolah data penerimaan dan pengeluaran dengan baik, sehingga Yayasan dapat mengetahui informasi penerimaan atau pengeluaran dana yang lebih rinci dan efesien, dan lain-lain. , dengan kemajuan teknologi saat ini, untuk memberikan informasi yang akurat dan cepat dalam memberikan Informasi yang dibutuhkan. dana yang masuk dan keluar, dengan demikian memudahkan organisasi untuk melakukannya, dan sebagainya, dengan cara ini sangat penting untuk setiap organisasi yang akan menjadi lebih efisien, dana, oleh karena kurangnya informasi yang tidak dapat membuat laporan yang lebih mudah, dan seterusnya, dan , sebagai berikut , dll , untuk tujuan untuk tujuan. - sistem yang diperlukan untuk melakukan pengelolaan dana. dari mereka sendiri, dan pengeluaran yang lebih baik, dan biaya yang diperlukan.",ai
"SIMETRIS (Jurnal Teknik Mesin, Elektro dan Ilmu Komputer) UMK (IndoT5 Parafrase)",2016,"`` Tujuan utama dari optimasi desain ini adalah untuk meningkatkan kualitas mesin bubut yang akan dibuat dengan tetap menggunakan material Graycast iron (FC25) serta mengurangi jumlah material yang dibutuhkan dalam pembuatan bed bubut CNC, tetapi menghasilkan desain dengan defleksi terkecil dan gambar desain manufaktur untuk membantu proses milling pada tahap bembuatan bed CNC tersebut. Kata kunci: bed, defleksi, frekuensi, desain manufaktur. , desain produksi, desain konstruksi. (CNC ), desain yang optimal, desain desain manufaktur , hasil akhir dari desain yang efisien , dan tidak berlebihan.",ai
"SIMETRIS (Jurnal Teknik Mesin, Elektro dan Ilmu Komputer) UMK (IndoT5 Parafrase)",2016,"Untuk tujuan kegiatan pengiriman barang, studi ini bertujuan untuk mengetahui bagaimana sistem yang digunakan untuk memproses data di perusahaan jasa transportasi serta untuk meminimalkan kendala yang dihadapi dalam pelaksanaan pengiriman barang dan jasa, aplikasi web yang dibuat menyediakan informasi mengenai perjalanan barang dari satu daerah ke daerah lain, memuat berbagai informasi pengiriman terkini, memuat profile, dan memberikan informasi lebih lanjut yang berguna bagi pelanggan. , dan barang yang dikirimkan dapat sampai di tempat tujuan sesuai dengan rencana awal pengiriman. Kata kunci: Sistem Informasi, Jasa Pengiriman Barang, Web. ` (Da) (Ob) untuk tujuan pengiriman barang yang bersangkutan (transfer) inventarisasi.",ai
"SIMETRIS (Jurnal Teknik Mesin, Elektro dan Ilmu Komputer) UMK (IndoT5 Parafrase)",2016,"(5) Penelitian ini mengembangkan aplikasi berbasis android untuk menentukan rute kunjungan sekolah terpendek, menggunakan metode heuristik yang efisien dan efektif, yang dikombinasikan dengan Google Maps Application Programming Interface (API) untuk menampilkan rute kunjungan, sehingga waktu kunjungan menjadi efisien dan efisien, dan biaya pengeluaran bahan bakar yang cukup boros, untuk menyelesaikan masalah ini. Tim promosi Universitas Muria Kudus (UMK) melakukan kunjungan promosi ke sekolah menengah atas, dengan tujuan untuk memastikan waktu kunjungan yang efektif dan efisien. Waktu kunjungan menjadi lebih efisien, waktu kunjungan lebih efisien dan biaya yang lebih efisien waktu kunjungan, dan menghemat waktu kunjungan untuk tujuan kunjungan yang tepat waktu kunjungan sekolah yang lebih mudah, dan waktu kunjungan di sekolah pendek sekolah yang efektif sekolah yang efisien sekolah yang relevansi sekolah, untuk tujuan untuk tujuan yang efisien - rute.",ai
"SIMETRIS (Jurnal Teknik Mesin, Elektro dan Ilmu Komputer) UMK (IndoT5 Parafrase)",2016,"(2) Penelitian ini bertujuan untuk mengetahui pengaruh chiller pendingin terhadap kekuatan tarik pada proses pengecoran kapal nelayan tiga sudu dengan material aluminium. Pengecoran dilakukan dengan pasir cetak (sand casting) dan proses peleburan logam dilakukan pada dapur crusible dengan bahan bakar minyak, kekuatan tarik logam naik dari 70,1758 MPa menjadi 99,6408 MPa (42,15%) atau naik rata-rata 41,97%.",ai
"SIMETRIS (Jurnal Teknik Mesin, Elektro dan Ilmu Komputer) UMK (IndoT5 Parafrase)",2016,"SISTEM INFORMASI Manajemen Perhitungan Biaya Rawat Inap pasien di Balai Pengobatan digunakan untuk mempermudah manajemen Rekam Medis pasien, khususnya dalam hal perhitungan biaya rawat inap pasien yang terdiri dari biaya perawatan, biaya dokter, biaya tindakan, biaya penunjang, dan lain sebagainya, sehingga proses perhitungan dan pembayaran tidak memerlukan waktu yang lama. Kata kunci: rekam medis, pasien, manajemen. 1, dengan hasil penelitian yang berupa analisis dan desain sistem informasi untuk perhitungan biaya perawatan pasien, dan juga dapat mempengaruhi kinerja pegawai yang telah diterapkan pembatasan penggunaan data dan hak akses ke dalam penggunaan sistem.",ai
"SIMETRIS (Jurnal Teknik Mesin, Elektro dan Ilmu Komputer) UMK (IndoT5 Parafrase)",2016,"Untuk diagnosis penyakit, informasi kehamilan yang diperoleh dari pasien kadang-kadang tidak lengkap, dengan metode dan sistem pakar Dempster-Shafer, aturan dapat menjadi kombinasi dari gejala yang tidak lengkap untuk mendapatkan diagnosis yang tepat, sedangkan pohon keputusan digunakan sebagai alat pendukung keputusan pelacakan referensi gejala penyakit. , Dempster Shafer teori alternatif teori probabilistik tradisional untuk representasi matematis dari ketidakamanan. - Sistem ahli, penyakit kehamilan, dempster shafer teori.",ai
"SIMETRIS (Jurnal Teknik Mesin, Elektro dan Ilmu Komputer) UMK (IndoT5 Parafrase)",2016,"Digunakan variasi 3, 5 dan 7 % Al dari berat total ZnAc-AlCl3 nanogenerator, dimana membuat serat nano dengan ukuran nano dengan menggunakan tegangan 15 kV dengan laju aliran 2 μl/m, penelitian ini menggunakan variasi Al terhadap ZnO, aluminium, piezoelektrik. Ukuran serat yang dihasilkan hingga 84 nm, serta tegangan dan daya terbesar yaitu 122,89 mV dan 93,65 nW pada 7 0% Al.",ai
"SIMETRIS (Jurnal Teknik Mesin, Elektro dan Ilmu Komputer) UMK (IndoT5 Parafrase)",2016,"Untuk pengoperasian pesawat tanpa awak (Micro UAV) saat ini terdapat 2 cara yaitu pandangan manual (line of sight) dan sistem autopilot, yang merupakan modifikasi dari sistem navigasi Line of Sight dan Autopilot, sehingga dapat menutupi kelemahan dari masing-masing metode navigasi yang ada saat ini, yaitu pesawat harus terbang tinggi dan pesawat tidak dapat menghindari rintangan seperti gedung pencakar langit dan pepohonan tinggi. Metode dokumentasi dan metode studi pustaka juga digunakan untuk melengkapi data teknis alat yang digunakan sehingga dapat dilakukan analisis mendalam terhadap kinerja alat yang dirancang. - pesawat yang lebih lanjut - pesawat udara - Pesawat Udara - pesawat terbang - pesawat. - penerbangan - pesawat - pesawat , dll , pesawat. - pesawat, dan sistem navigasi - pesawat dengan pesawat terbang. - Sistem navigasi - sistem navigasi yang telah menjadi pesawat yang telah - sistem yang telah , atau sistem navigasi.",ai
"SIMETRIS (Jurnal Teknik Mesin, Elektro dan Ilmu Komputer) UMK (IndoT5 Parafrase)",2016,"Ini akan membantu mengoptimalkan penggunaan aset IT sebagai sistem kontrol aset IT secara spesifik, menggunakan manajemen aset IT dengan menggunakan standarisasi pengelolaan aset IT, penelitian ini dibantu dengan menggunakan alat perancangan UML (unified modeling field) dan metodologi spiral dalam pengembangan sistem. Hasil dari penelitian ini adalah perangkat lunak pengelolaan Aset IT dengan bantuan komputer yang disesuaikan dengan proses bisnis yang sudah ada. Keluaran dari sistem ini adalah laporan tentang penggunaan perangkat keras khususnya komputer yang dapat diketahui oleh pihak manajemen organisasi. , dan implementasi sistem tersebut harus dilakukan dengan menggunakan sistem tersebut. - Manajemen, Aset, Hardware, Sistem. Implementasi Sistem Pengelolaan Aset IT.",ai
"SIMETRIS (Jurnal Teknik Mesin, Elektro dan Ilmu Komputer) UMK (IndoT5 Parafrase)",2016,"Di sektor industri kecil, pengembangan teknologi di bidang industri kecil perlu ditingkatkan untuk menghasilkan terobosan terobosan baru, sebagai contoh pengembangan sistem kontrol suhu yang dilengkapi dengan fitur penampil suhu dengan LCD, sehingga suhu ruangan akan ditampilkan di LCD, jika suhu melebihi batas maksimum maka akan menghidupkan pendingin ruangan dan jika suhu berada di bawah batas minimum, sistem ini bekerja dengan menggunakan beberapa perangkat, antara lain: arduino, sensor suhu, pendingin, dan penampil Suhu (LCD). Kata kunci: ARDUino, Sistem Kontrol Suhu, Simulasi Kontrol Suhu Proteus (CSC). ECC) , dan efisiensi kerja yang efisien. , s , pada sistem kontrol termal , yang dapat ditampilkan di mana ( ).",ai
"SIMETRIS (Jurnal Teknik Mesin, Elektro dan Ilmu Komputer) UMK (IndoT5 Parafrase)",2016,"Ini melaporkan hasil penelitian tentang pembuatan mesin pencari data lulusan yang dapat digunakan oleh pengguna lulusan untuk mencari lulusan perguruan tinggi, dengan metode Analytical Hierarchy Process (AHP), kriteria calon pegawai yang ditetapkan pengguna lulusan akan diurutkan berdasarkan skala prioritas, kemudian dicocokkan dengan kompetensi lulusan. Pengguna lulusan dapat menemukan lulusan yang dicari sesuai dengan kriteria yang diinginkannya. Kata kunci: mesin pencari, data lulusan, AHP. - Dengan 14 kriteria dan 57 sub-kriteria yang tersedia pengguna lulusan dapat mencari sendiri lulusan yang diperlukan untuk menghubungi pihak pengguna lulusan. dari mereka harus disediakan oleh pengolah data yang tepat waktu yang baik. Data Lulusan yang relevansi untuk menemukan alumni yang sesuai dengan cara yang diinginkan.",ai
"SIMETRIS (Jurnal Teknik Mesin, Elektro dan Ilmu Komputer) UMK (IndoT5 Parafrase)",2016,"Digunakan untuk mengidentifikasi sperma sapi normal dan abnormal berdasarkan fitur ukuran, yaitu panjang dan lebar kepala, leher dan panjang ekor, metode segmentasi citra untuk memisahkan spermatozoa dari latar belakang dengan metode deteksi tepi Canny. Tepi Canny ini merupakan tahap awal dalam pengkodean rantai menggunakan algoritma jaringan saraf tiruan, dengan akurasi terbaik pada harmonik fourier sama dengan 6 (N=6), dengan demikian fitur bentuk dapat digunakan untuk identifikasi sperma sapi norma dan abnormal. kata kunci: Sperma Sapi, Elliptical Fourier Descriptor, Dengan demikian, sehingga karakteristik bentuk dapat diidentifikasi oleh karakteristik bentuk yang dapat digunakan sebagai karakteristik bentuk - karakteristik - sifat - , dan , , dll - - `. s dari latar belakangnya , yang dihasilkan dari latar depan , di mana.",ai
"SIMETRIS (Jurnal Teknik Mesin, Elektro dan Ilmu Komputer) UMK (IndoT5 Parafrase)",2016,"Pada tulisan ini dilakukan penelitian tentang rugi-rugi sambungan dan analisa model sambungan untuk jenis serat optik mode tunggal (satu mode). Penelitian menggunakan alat Splicer Machine, dengan tampilan berupa nilai perkiraan rugi/rugi pada sambungan dan tampilan visual kondisi sambungan ditemukan pada sambungan yang rusak yang mengakibatkan kehilangan sebagian energi pada titik sambungan. Kata kunci: fusi, kerugian, serat optik, splices. 000,- , dan redaman pada konektor.",ai
"SIMETRIS (Jurnal Teknik Mesin, Elektro dan Ilmu Komputer) UMK (IndoT5 Parafrase)",2016,"EA adalah aplikasi yang digunakan oleh trader untuk melakukan trading secara otomatis dan dapat melakukan transaksi tanpa seorang trader harus memantau pergerakan harga selama 24 jam karena telah diberikan logic dengan menggunakan bahasa pemrograman mql 4, expert advisor, yang dibuat menggunakan metode martingale dan candlestick sebagai acuan transaksinya untuk mendukung keputusan jual atau beli. Kata kunci: Expert Advisor, Forex, Martingales, Candlestick, MQ4. s untuk membantu dalam mengambil keputusan perdagangan loss dalam pengambilan keputusan perdagangan. Keputusan Perdagangan (Tren) - langkah-untuk tujuan untuk tujuan untuk membuat keputusan untuk tujuan logika untuk tujuan dari , dll.",ai
"SIMETRIS (Jurnal Teknik Mesin, Elektro dan Ilmu Komputer) UMK (IndoT5 Parafrase)",2016,"(1) Pemilihan produk unggulan diharapkan dapat membantu pemerintah kabupaten klaten dalam menentukan produk unggulan berdasarkan data jumlah unit usaha untuk setiap jenis industri kerajinan, jumlah tenaga kerja, nilai investasi dan nilai produksi yang akan dirangking. Nilai bobot kriteria dari masing-masing industri tersebut diproses dengan melakukan analisis MADM-SAW, untuk mendapatkan industri kerajinan dengan peringkat terbaik berdasarkan bobot dari setiap kriteria penilaian, untuk mendukung keputusan yang diambil oleh Pemerintah Kabupaten KLATEN: MADM - SAW, Produk Unggulan, Kriteria.",ai
"SIMETRIS (Jurnal Teknik Mesin, Elektro dan Ilmu Komputer) UMK (IndoT5 Parafrase)",2016,"augmented reality ini dibuat dengan menggunakan Software Unity, sedangkan untuk objek 3 Dimensi yang akan ditampilkan pada ponsel dibuat dengan Blender 2. 69 dan untuk marker dibuat dengan Adobe Photoshop yang dimanipulasikan sebagai marker. Dalam penulisan ini dijelaskan mengenai cara membuat objek 3 dimensi yang dibuat oleh Blender2. 69, dan juga tentang cara membuat Augmented Reality menggunakan Unity. - Aplikasi ini berisi pengenalan sejarah kerajaan di daerah cirebon secara tiga dimensi.",ai
"SIMETRIS (Jurnal Teknik Mesin, Elektro dan Ilmu Komputer) UMK (IndoT5 Parafrase)",2016,"(image enhancement) adalah salah satu proses awal untuk meningkatkan kualitas citra, karena seringkali citra yang dijadikan objek pembahasan memiliki kualitas citra yang buruk, misalnya citra mengalami derau, kabur, citra terlalu gelap atau terang, citra kurang tajam, citra digital, dan sebagainya. Hasil penelitian ini menunjukkan bahwa penggunaan metode histogram equalization dapat digunakan untuk meningkatkan kontras citra dan meningkatkan Kualitas citra, sehingga informasi yang ada pada citra menjadi lebih jelas terlihat. , citra yang lebih jelas, citra.",ai
"SIMETRIS (Jurnal Teknik Mesin, Elektro dan Ilmu Komputer) UMK (IndoT5 Parafrase)",2016,"Ini akan menganalisis sistem yang berjalan dan menggambarkan proses bisnis yang ada dengan menggunakan diagram UML (Unified Modelling Linguistics), yaitu Activity Diagram, berdasarkan hasil analisa terhadap sistem yang sedang berjalan, model data entity relationship, ERD, sehingga kebutuhan informasi dapat dihasilkan dengan lebih cepat, tepat dan akurat, dan proses pengambilan keputusan dapat dilakukan secara cepat dan efisien. , dengan tujuan untuk meningkatkan kebutuhan informasi yang ada, dengan cara yang lebih cepat dan tepat. dan efisien (Pelatihan) , dan membuat laporan yang relevansi (E) (ERD), yang (D).",ai
"SIMETRIS (Jurnal Teknik Mesin, Elektro dan Ilmu Komputer) UMK (IndoT5 Parafrase)",2016,"(GSS) adalah prototipe sistem perawatan tanaman yang kontrolnya dirancang melalui web, yang dirancang untuk membantu mengontrol sistem pemeliharaan tanaman anggrek pada tingkat individu (personal use), sedangkan dari sisi perangkat lunak prototipe dirancang untuk membangun antarmuka berbasis web dan CSS, komunikasi data antara perangkat lunak dan perangkat lunak dilakukan melalui IP address yang dapat diakses melalui mobile phone (HP) dan desktop/PC, setelah dilakukan pengujian prototipe, hasil yang diperoleh sesuai dengan desain dan spesifikasi yang telah direncanakan dan aplikasi yang lebih kompleks. (internet of things) ( ) (T) ` (` ) , dll.",ai
"SIMETRIS (Jurnal Teknik Mesin, Elektro dan Ilmu Komputer) UMK (IndoT5 Parafrase)",2016,"Di Indonesia, volume kendaraan meningkat dari 7 hari menjelang lebaran hingga 7 hari setelah lebaran, dengan input parameter ANFIS yang digunakan yaitu pengclusteran hingga 5 cluster, epoch 100, Error Goal 0, dengan RMSE Training terbaik 0,1198, RMSE Testing terbaik 0,0282 dan waktu proses yang lebih pendek 0,0695, diharapkan dapat bermanfaat sebagai alternatif solusi langkah apa yang akan diambil di tahun berikutnya. untuk meningkatkan pelayanan lalu lintas, kemacetan panjang dan angka kecelakaan berkurang. - 1 , yang merupakan harapan besar bagi masyarakat desa-. pada saat arus mudik, dan mudik yang telah terjadi, dan peningkatan volume kendaraan mudik. jumlah kendaraan yang terakhir, dan seterusnya (2) , , dll. s , dan 1 ,0 , 0 , 2 ,05 ,6 ,5, 0, dan lebih baik.",ai
"SIMETRIS (Jurnal Teknik Mesin, Elektro dan Ilmu Komputer) UMK (IndoT5 Parafrase)",2016,"(2) Penilaian tingkat kepercayaan informasi menggunakan kicauan (tweet) dari beberapa tokoh masyarakat, yang melibatkan 300 responden, yang terdiri dari kelompok Mahasiswa dan karyawan, metode yang digunakan adalah analisis induktif yang menggunakan ukuran numerik dan variabilitas untuk mendeskripsikan kecenderungan penilaian informasi, ukuran tendensi sentral, yaitu dengan menghitung nilai rata-rata, median dan modus, yang akan digunakan untuk mengetahui apakah ada penyimpangan yang berarti pada pengukuran numerik yang dilakukan. , yang selanjutnya akan menjadi dasar untuk merancang model untuk menentukan tingkat informasi. - Penilai ini telah digunakan untuk menilai tingkat informasi yang digunakan untuk mengevaluasi tingkat informasi tersebut. s yang relevansi yang telah digunakan dalam konteks informasi yang memiliki karakteristik pengguna yang telah dilakukan oleh responden yang telah dibuat oleh responden. orang-individual-masing-ketersebutan yang dapat digunakan untuk mengukur informasi yang telah diterapkan pada tingkat kepercayaan publik. jumlah pengguna yang digunakan sebagai berikut:.",ai
"SIMETRIS (Jurnal Teknik Mesin, Elektro dan Ilmu Komputer) UMK (IndoT5 Parafrase)",2016,"(1) Sebagai contoh untuk penerapan konsep manajemen proyek, sebuah situs toko kue online yang dibangun secara tim, komponen dari situs ini dibuat secara terpisah-pisah oleh setiap anggota tim, dengan memanfaatkan fasilitas Redmine dan Subversion, partisi komponen sistem disatukan dan berfungsi dengan baik seperti yang dibuat secara individu. Kata kunci: e-commerce, Tokokueku, subversi, Redmine Project Management, ruby, Framework Rail, adalah salah satu metode yang sangat efisien, ekonomis dan efisien untuk meningkatkan omzet penjualan, karena mudahnya melacak lokasi dan penyebab kesalahan (2) ( 1 ) proyek - proyek ` , dll sebagai sebuah proyek , dan dikembangkan secara individu , pada aplikasi pemrograman dalam sebuah , masing- ( ) , di , atau , dll.",ai
"SIMETRIS (Jurnal Teknik Mesin, Elektro dan Ilmu Komputer) UMK (IndoT5 Parafrase)",2016,"(RLF) adalah robot yang dapat berjalan mengikuti garis lintasan secara otomatis, RLF dapat digunakan untuk aplikasi pengiriman barang dari suatu tempat awal ke tempat tujuan dengan cepat, tepat dan akurat. Pergerakan robot dimulai dari start dan mencapai titik finis yang ditentukan pada nilai pengaturan PID Kp=30, Ki=8 dan KD=100. Hasil dari koordinat pada saat robot bergerak disimpan pada memori eeprom dari mikrokontroller dan ditampilkan pada LCD 2x16. - Kata kunci: Robot Line Follower, floodfill, maze mapping, PID , dll , , dan , pada saat bergerak - , - koordinat - Arah - arah - koordinat, dll -. _ _ _ ` - , s - titik akhir.",ai
"SIMETRIS (Jurnal Teknik Mesin, Elektro dan Ilmu Komputer) UMK (IndoT5 Parafrase)",2016,"EKG - Sinyal elektrokardiogram (EKG) memiliki informasi yang menggambarkan kondisi kesehatan jantung, dengan berbagai teknik analisis sinyal ECG dikembangkan untuk membedakan antara kondisi yang satu dengan yang lain, untuk ekstraksi karakteristik digunakan ciri statistik orde 1 dan grey level co-occurence matrix (GLCM) pada arah 0o, 45o, 90o dan 135o, untuk klasifikasi digunakan multilayer perceptron (MLP). Pengolahan citra telah terbukti mampu meningkatkan akurasi yang semula rendah menjadi lebih baik. (N NNN) (CTRA) s (K).",ai
"SIMETRIS (Jurnal Teknik Mesin, Elektro dan Ilmu Komputer) UMK (IndoT5 Parafrase)",2016,"(1) Penelitian ini bertujuan untuk mengembangkan aplikasi yang memanfaatkan teknologi RFID (Radio Frequency Identification) untuk layanan pendaftaran dan pencatatan rekam medis pasien, berdasarkan studi pendahuluan mengenai layanan registrasi rekam medis pada rumah sakit, menemukan masalah bahwa tugas staf dalam pengelolaan unit pendaftaran lebih rumit karena pendataan pasien masih manual, kesalahan pencatatan karena kesalahan manusia, penelusuran pasien membutuhkan waktu yang lama dan kurang efisien. , dan untuk mengurangi masalah tersebut, pengembangan aplikasi RFId dalam layanan pencatatan dan registrasi pasien, yang dimulai dengan analisis sistem yang saat ini dilakukan. ) , aplikasi yang akan dikembangkan aplikasi yang sesuai dengan tujuan untuk meningkatkan kualitas layanan rumah sakit s , aplikasi - dari data pasien aplikasi yang relevansi pasien , ;. Layanan Rumah Sakit di rumah sakit perawatan pasien.",ai
"SIMETRIS (Jurnal Teknik Mesin, Elektro dan Ilmu Komputer) UMK (IndoT5 Parafrase)",2016,"(KIA) masih menjadi masalah kesehatan di Indonesia, karena masih tingginya angka kematian ibu dan kematian bayi, yang setiap tahunnya mencapai 450 per 100. 000 kelahiran hidup, manfaat dari sistem informasi pencatatan dan pelaporan program kesehatan ibu dan anak ini diharapkan dapat digunakan untuk pengelolaan data SP3 Kesehatan Ibu dan Anak. Kata Kunci: Pencatatan dan Pelaporan, Kesehatan ibu dan Anak (KIA), Sistem Informasi. (Teks dengan relevansi EEA), dan Sistem Informasi (UML). , Sistem informasi (M), ) (Ha) , dan (C), serta (A), dll), yang tinggi, dan kematian ibu, dan bayi. %, dan pelaporan, dll , , untuk ) - , yang tepat waktu, dan anak, dan Anak, dan Laporan, dll, dll.",ai
"SIMETRIS (Jurnal Teknik Mesin, Elektro dan Ilmu Komputer) UMK (IndoT5 Parafrase)",2016,"(2) Saat ini sekolah berusaha untuk menjadi institusi pendidikan yang mampu melayani masyarakat dengan baik, khususnya dalam hal penyampaian informasi sekolah, kebanyakan informasi terbaru masih ditempel di papan pengumuman, melalui audio yang dipasang di setiap kelas, surat selebaran yang dibagikan kepada siswa, dan masih menggunakan media informasi seperti spanduk dan pamflet sebagai media promosi kepada masyarakat, penggunaan website sekolah dapat mengatasi masalah penyampaian informasi dan proses promosi sekolah yang selama ini masih dilakukan secara manual. 1, dan belum menggunakan Media Informasi seperti Spanduk dan Pamflet.",ai
"SIMETRIS (Jurnal Teknik Mesin, Elektro dan Ilmu Komputer) UMK (IndoT5 Parafrase)",2016,"(SPK) dan SIG (Sistem Informasi Geografis) dalam menentukan lokasi industri sangat sesuai, metode SPK yang digunakan dalam penentuan lokasi industri yang layak adalah TOPSIS, kemudian hasil pengolahan data yang diperoleh akan divisualisasikan menggunakan (SIG). Hasil dari metode ini menunjukkan bahwa lokasi desa Gondang Manis di Bae adalah lokasi yang tepat untuk industri dengan nilai preferensi 0,575. , dan pada umumnya, lokasi tersebut merupakan lokasi yang cocok untuk industri.",ai
"SIMETRIS (Jurnal Teknik Mesin, Elektro dan Ilmu Komputer) UMK (IndoT5 Parafrase)",2016,"Digunakan untuk mengendalikan suhu pada penelitian ini, karena kebutuhan bayi yang berbeda-beda, penggunaan sistem kendali logika fuzzy untuk pengendalian suhu pada plant inkubator bayi merupakan salah satu faktor yang sangat penting untuk dijaga, karena kondisi bayi baru lahir yang tidak stabil dan tidak dapat melakukan produksi panas sendiri untuk menjaga kestabilan tubuhnya, meskipun ada gangguan yang diberikan pada sistem dengan menggunakan sistem kendali fuzzy ini dapat menjaga sistem pada keadaan yang stabil. (Teks dengan relevansi EEA): Sistem Kontrol, Suhu, D-eror, dan sinyal kontrol. - Kontrol - Sistem Kontrol (D) ( ) ) - (C) , dan kontrol ini.",ai
"SIMETRIS (Jurnal Teknik Mesin, Elektro dan Ilmu Komputer) UMK (IndoT5 Parafrase)",2016,"Ini menggunakan 10 fold cross validation sebagai metode evaluasi, penelitian ini menggunakan database kanker payudara Wisconsin Breast Cancer Database (WBCD), metode seleksi fitur F-score dan Rough Set akan dipasangkan dengan beberapa algoritme klasifikasi, yaitu SMO (Sequential Minimum Optimization), Naive Bayes, Multilayer Perceptron dan C4. Metode penilaian digunakan untuk meningkatkan peforma klasifikasi pada diagnosis kanker payudara dengan menerapkan seleksi fitur pada beberapa algoritme Klasifikasi.",ai
"SIMETRIS (Jurnal Teknik Mesin, Elektro dan Ilmu Komputer) UMK (IndoT5 Parafrase)",2016,"augmented reality, makerless, alat musik, jarak, warna, single marker, oleh karena itu pada pembuatan tugas akhir ini, aplikasi tersebut dimodifikasi dari single Marker menjadi markerless sehingga mampu melakukan scanning tanpa membuat marker atau penanda objek 2D, dan setelah menggunakan warna yang kurang terang atau warna biru, objek muncul lebih lama dibandingkan warna kuning. , kata kunci: Augmented Reality, Alat Musik Tradisional Jawa Tengah, Aplikasi, Aplikasi. 3D - Application, Aplikasi (Aplikasi) - Aplikasi ini, Aplikasi yang aplikasi, aplikasi , aplikasi, dan aplikasi, dll aplikasi, Aplikasi) , dan ,.",ai
"SIMETRIS (Jurnal Teknik Mesin, Elektro dan Ilmu Komputer) UMK (IndoT5 Parafrase)",2016,"Di domain frekuensi, teknik beroperasi pada pemilihan frekuensi yang akan difilter, sedangkan di domain spasial, teknik secara langsung bekerja pada piksel citra. Kata kunci: perbaikan kualitas citra, histogram equalization, esihe, entropy, memperbaiki kualitas citra. Selain itu, kualitas visual gambar ESIHE menunjukkan hasil yang lebih baik daripada metode HE untuk berbagai macam gambar x-ray. - Perbaikan kualitas citra adalah proses yang sangat efektif untuk meningkatkan pencahayaan yang kurang, dan menghasilkan peningkatan yang mengarah ke peningkatan alami. Peningkatan Kualitas Visual Meningkatkan Kualitas citra ` Untuk meningkatkan kualitas visual.",ai
"SIMETRIS (Jurnal Teknik Mesin, Elektro dan Ilmu Komputer) UMK (IndoT5 Parafrase)",2016,"Pemanasan global adalah kenaikan suhu bumi yang disebabkan oleh meningkatnya konsentrasi gas rumah kaca akibat ulah manusia dan aktivitas manusia, banyak sekali kerusakan yang disebabkan karena pemanasan global, termasuk meningkatnya air permukaan laut sampai dengan kepunahan makhluk hidup, pembelajaran tentang pemanasan global kepada anak-anak sejak usia dini merupakan salah satu solusi untuk menanamkan kesadaran dan kepedulian terhadap lingkungan. , game, action script 3. 0, adobe Flash CS 5.",ai
"SIMETRIS (Jurnal Teknik Mesin, Elektro dan Ilmu Komputer) UMK (IndoT5 Parafrase)",2016,"(Anode dan Katode) Studi ini merupakan hasil kegiatan dalam analisis pemodelan transportasi massa pada domain komputasi 2 dimensi dari kanal gas, pelat bipolar, lapisan difusi dan membrane pada kedua elektroda, dengan menggunakan parameter post-processing: kontur, vektor yang ada di dalam tools, berupa distribusi spesies produk (H2O) dan densitas arus yang dihasilkan, sehingga diperoleh nilai optimasi densitas arus untuk masing-masing electrode (anode dan anode), yang akan menghasilkan nilai sebesar 10750 A/m2. (A) (a), dan ( ), (b) ) (p) - (n).",ai
"SIMETRIS (Jurnal Teknik Mesin, Elektro dan Ilmu Komputer) UMK (IndoT5 Parafrase)",2016,"(2) Metode Fuzzy Inference System Tsukamoto adalah salah satu bagian dari model heuristik yang digunakan untuk menyelesaikan masalah dalam sistem pendukung keputusan, yang akan digunakan untuk menentukan topik tugas akhir berdasarkan nilai matakuliah dan sertifikasi yang diikuti oleh mahasiswa. Hasil pengujian yang telah dilakukan pada 172 sampel mahasiswa menunjukkan bahwa penerapan metode Fuzzy inferensi sistem tsukamoto pada penentuan Topik Tugas Akhir memiliki tingkat akurasi sebesar 88,39%, dengan menggunakan metode komputasi untuk memetakan mahasiswa dalam penentuan Topik tugas akhir. ahir, dan lulus ujian Tugas Akhir. , dengan cara yang relevansi yang sesuai dengan metode komputasi yang tepat, dengan metode yang tepat metode yang akurat, metode yang digunakan dalam menentukan Topik Tugas akhir, yang tepat waktu penyelesaian masalah yang tepat.",ai
"SIMETRIS (Jurnal Teknik Mesin, Elektro dan Ilmu Komputer) UMK (IndoT5 Parafrase)",2016,"Ini adalah alat pada elektronika telekomunikasi yang sangat berguna untuk transmisi gelombang radio, antara lain besi, kuningan, tembaga dan aluminium, semua bahan yang disebutkan adalah bahan konduktor yang mudah dan ringan untuk digunakan sebagai bahan pembuat antena, yang dapat diatasi, diketahui dan bahkan ditemukan. Kata kunci: antenna, konduktor, optimal, aluminium, daya pancar, daya terima, SWR. (Teks dengan relevansi EEA), dan SWR (SWR). kata kunci: Antena, Konduktor, Optimal, Daya Pancar, SW (A) (R) modulasi yang dapat digunakan, metode untuk mengetahui hal ini.",ai
"SIMETRIS (Jurnal Teknik Mesin, Elektro dan Ilmu Komputer) UMK (IndoT5 Parafrase)",2016,"Untuk membangun UMKM yang lebih kuat dalam pemasaran, perlu dibuat situs web yang mampu memasarkan produk secara lebih luas, merekomendasi produk dan menampilkan berbagai informasi tentang produk-produk UMKM, sebelum membangun sistem, harus didahului dengan desain sistem, menggunakan UML (Unified Modeling ). Hasil penelitian ini berupa rancangan situs web sosial commerce untuk usaha kecil dan menengah (UKM), yang terdiri dari satu set minimal fitur desain sosial communication technology (UML).",ai
"SIMETRIS (Jurnal Teknik Mesin, Elektro dan Ilmu Komputer) UMK (IndoT5 Parafrase)",2016,"edugame interaktif memperkenalkan pakaian adat nasional Indonesia diharapkan dapat menjadi media pembelajaran dan kreatifitas, sehingga pengguna dapat dengan mudah mengetahui informasi yang disampaikan. Edugame interaktif ini dikembangkan dengan memakai Adobe Flash dan bahasa pemrograman Action Script, dan dapat disimpulkan bahwa aplikasi Edugame interaktif pengenalan pakaian adat Nasional Indonesia masuk ke dalam kriteria “baik. "" (Teks dengan relevansi EEA): edu game, interaktif, Adobe Flash, Pakaian Adat Nasional.",ai
"SIMETRIS (Jurnal Teknik Mesin, Elektro dan Ilmu Komputer) UMK (IndoT5 Parafrase)",2016,"(2) Studi kuantitatif menggunakan model UTAUT yang dimodifikasi untuk menganalisis model penerimaan pengguna yang merupakan wajib pajak orang pribadi yang telah menggunakan e-SPT dan e-filing untuk meningkatkan transformasi bisnis proses dalam sistem pelayanan perpajakan dari sistem manual ke digital, menunjukkan bahwa pengaruh yang lebih kuat terhadap semua variabel yang diteliti dibandingkan dengan kelompok umur 25-35 tahun, menunjukkan peningkatan yang signifikan dalam penerimaan pengguna dalam menggunakan sistem e-SPt atau e-FILLING. 000 responden, yang terdiri dari 235 responden. ) ( 1 ), masing-RI, yang relevansi (EE) Aut - s e. (U) ` mereka pada tingkat penerimaan pengguna.",ai
"SIMETRIS (Jurnal Teknik Mesin, Elektro dan Ilmu Komputer) UMK (IndoT5 Parafrase)",2016,"SDM adalah sistem yang saling berhubungan dan berinteraksi dengan orang bekerja dalam organisasi untuk mencapai tujuan tertentu, sistem kepegawaian di PT. XYZ sebagian sudah menggunakan komputer tetapi masih bersifat stand-alone, sehingga kemungkinan duplikasi data dapat diatasi dan juga membantu mempercepat kegiatan yang ada pada Personalia. Kata kunci: Sistem Informasi Manajemen Kepegawaian, OMT. (OMT), dirancang berdasarkan desain yang berhasil dibuat, untuk membuat semua data yang menjadi tugas bagian personalia dapat diakses secara bersamaan, dan juga dapat membantu mempercepat pekerjaan yang ada di Personalia, dan ERD yang relevansi.",ai
"SIMETRIS (Jurnal Teknik Mesin, Elektro dan Ilmu Komputer) UMK (IndoT5 Parafrase)",2016,"`` Penelitian ini bertujuan untuk menyelesaikan masalah yang dihadapi oleh peternak ikan tawar, dimana penelitian ini mengusulkan desain alat deteksi dini banjir dengan menggunakan peralatan yang mudah diperoleh dan murah harganya, yang dapat dimanfaatkan oleh kelompok peternak ikan air tawar di Desa Temulus, Mejobo, Kabupaten Kudus, dengan tujuan untuk mengurangi kerugian peternak air tawar akibat banjir. Penelitian ini juga dapat menjadi bahan referensi bagi peneliti sejenis untuk mengembangkan instrumen yang lebih mutakhir sesuai dengan kebutuhan obyek penelitian dan kemajuan teknologi yang ada. (Teks dengan relevansi EEA) ` ` untuk untuk tujuan ini para petani ikan tawar dalam hal ini `;.",ai
"SIMETRIS (Jurnal Teknik Mesin, Elektro dan Ilmu Komputer) UMK (IndoT5 Parafrase)",2016,"(Sasaran Kinerja Pegawai) adalah salah satu elemen yang menjadi komponen penilaian kinerja pegawai negeri sipil, sebagai upaya untuk DISHUBKOMINFO Kudus dalam melakukan manajemen penilaian SKP, di dalam penelitian ini akan mengembangkan aplikasi berbasis web yang dapat digunakan untuk membantu penyusunan penilaian kinerja PNS (Pegawai Negeri Sipil). Aplikasi yang dihasilkan, dikembangkan dengan menggunakan metode waterfall dan alat yang digunakan adalah UML (Unified Modelling ).",ai
"SIMETRIS (Jurnal Teknik Mesin, Elektro dan Ilmu Komputer) UMK (IndoT5 Parafrase)",2016,"Untuk pengujian kekerasan dan keausan, penelitian ini menggunakan serat tulang kambing sebagai bahan penguat yang di gabungkan dengan resin epoxy dan untuk pengujian gesek menggunakan mesin riken-ogoshis, proses pengujiannya dengan mengesek spesimen dalam waktu 30 detik untuk satu titik. Hasil dari pengujian gesekan dan kekerasan yaitu, untuk pengujian kekerasan komposit matriks epoxy variasi ukuran mesh 40, 60, dan 100 dengan fraksi volume 1:1, sedangkan untuk uji kekerasan komposit komposit matriks tulang kambing memiliki nilai tertinggi yaitu 25,82 BHN. masing-masing-proses pembuatan spesimen, dan kekerasan, (b) ( () ) , komposit - aditif. s membentuk spesimen ` pada satu titik yang lain , , dan ; untuk pengujian.",ai
"SIMETRIS (Jurnal Teknik Mesin, Elektro dan Ilmu Komputer) UMK (IndoT5 Parafrase)",2016,"(BRT) di Kota semarang diharapkan dapat menjadi salah satu solusi kemacetan, karena pada beberapa shelter (halte) terjadi permintaan yang cukup tinggi, dan akhirnya pada saat peak hour armada BRT tidak mampu menampung seluruh permintaan yang terjadi, sehingga penumpang harus menunggu lebih lama untuk dilayani oleh armada tersebut. Kata kunci: sistem transportasi, pemodelan sistem, simulasi komputer. , sehingga diharapkan dapat mengurangi antrian penumpang secara signifikan. dari tahun 2012 hingga 2013, dengan hampir mendekati 90% dari tahun sebelumnya, hal ini memicu masalah baru, waktu antar kedatangan armada tersebut, dan jadwal antar keberangkatan, sehingga dapat menyesuaikan kondisi ketika tingginya permintaan tersebut, sehingga mengurangi panjang antrian yang bersangkutan, dan sebagai berikut , dan seterusnya , yang tinggi, dll , , dalam kasus, dan , pada setiap halte, dan lain, dan lainnya, dan sebaliknya.",ai
"SIMETRIS (Jurnal Teknik Mesin, Elektro dan Ilmu Komputer) UMK (IndoT5 Parafrase)",2016,"Perselisihan dan kebingungan dalam memilih dan menentukan alat pemodelan data secara konseptual yang diterapkan dengan pemrograman berorientasi objek dan tidak berorientasi objek, tetapi karena sifatnya yang harus diselesaikan perkasus, memungkinkan untuk menerapkan skema relasi yang ditransformasikan dari Eer-D ke dalam aplikasi sistem manajemen basis data yang diimplementasikan terlebih dahulu menjadi struktur tabel yang disimpan dalam basis data pada studi kasus sistem asistensi mata kuliah praktikum ini memiliki keunggulan dalam kesederhanaan notasi, tetapi sulit diimplementasikan pada kasus yang orientasinya pada objek. - Diagram - Diper - diagram -D - D - D (D) ( D) - s ( ) - (d) , , dll , yang lebih rinci , dan , sebagai , seperti itu , pendekatan , _ D.",ai
"SIMETRIS (Jurnal Teknik Mesin, Elektro dan Ilmu Komputer) UMK (IndoT5 Parafrase)",2016,"Di Kabupaten Kudus, sistem informasi dana desa untuk pengelolaan Dana Desa menggunakan metode waterfall sangat berguna untuk memantau dana dan penyerapan yang dilaksanakan setiap desa secara real-time, juga sebagai informasi bagi kepala desa dan pemangku kebijakan di Kabupaten Kudus untuk menetapkan kebijakan. Penelitian ini menghasilkan model desain sistem yang memberikan model waterflow dalam bentuk diagram penggunaan, struktur penyimpanan data, dan desain tampilan aplikasi. Keputusan tersebut tidak akan dibagi rata. alokasi dana untuk masing-masing desa pada tahun ini sebesar RP 1,4 miliar. ukuran aplikasi ini adalah: (D) (A) s (W ) ` ( ).",ai
"SIMETRIS (Jurnal Teknik Mesin, Elektro dan Ilmu Komputer) UMK (IndoT5 Parafrase)",2016,"Ini membahas masalah kode etik dalam Teknologi Informasi (IT) dengan menyalahgunakan nama domain merek dagang tersebut dan juga merupakan perilaku melanggar hukum, khususnya merek dagang salah satu yang dilindungi Negara dalam undang-undang Hak Kekayaan Intelektual (HAKI), domain PT Mustika Ratu digunakan oleh pihak lain yaitu dengan nama domain mustika- ratu. com, sedangkan domain resmi Mustika ratu adalah mustika ratu. id, dan jika pihak tersebut menggunakan domain merek tersebut, maka pihak tersebut melakukan Cybersquatting.",ai
"SIMETRIS (Jurnal Teknik Mesin, Elektro dan Ilmu Komputer) UMK (IndoT5 Parafrase)",2016,"Ini adalah proses pembuatan film animasi 2 dimensi dengan menerapkan teknik rigging yang menggunakan software Adobe AfterEffects dan plug-in duik, memiliki tahapan lebih sedikit dan dapat mempermudah proses animating. Penggunaan film animasi merupakan media yang dalam proses penyampaian pesan dan moral. Metode pengujian yang digunakan berupa survey terhadap anak-anak tentang pesan moral, Animating, Rigging, Adobe After Effects, Plug-in Duik. (Dukungan), tidak mudah menyerah dalam kesulitan.",ai
"SIMETRIS (Jurnal Teknik Mesin, Elektro dan Ilmu Komputer) UMK (IndoT5 Parafrase)",2016,", video animasi 3D rumah adat dan alat musik kepulauan riau dengan menggunakan teknik render cel-shading, merupakan video yang bertujuan memperkenalkan alat musik yang berasal dari Kepulauan riau, animasi ini akan diimplementasikan dalam 3D MAYA AUTODESK, seperti kecepatan dalam merender dan tingkat kecerahan warna pada video. Kata kunci: animasi, game 3D, cel shading. yang menarik banyak perhatian penonton. - Animasi, Game 3d, Cel-Shading. (Teks dengan relevansi EEA) (Ea) s (C) , dll.",ai
"SIMETRIS (Jurnal Teknik Mesin, Elektro dan Ilmu Komputer) UMK (IndoT5 Parafrase)",2016,"(2) Penelitian ini bertujuan untuk publikasi ilmiah dan untuk pembuatan sistem informasi pendukung keputusan untuk menentukan calon penerima beasiswa, dengan menggunakan database siswa yang ada seperti data penghasilan orang tua, data prestasi, data jarak rumah kesekolah, dan sebagainya, sehingga pihak sekolah dapat lebih mudah untuk memproses data siswa dalam memilih calon penerima manfaat beasiswa dengan menggunakan sistem pendukung keputusan ini, jika hanya menggunakan database standar akan kesulitan untuk menentukan penerima manfaat. untuk memenuhi kriteria tertentu, deterministik dan presisi, tetapi pada kenyataannya lebih bersifat samar (fuzzy) (a) (b ). , dll , dengan cara yang relevansi , untuk tujuan untuk tujuan yang bersangkutan, dll) , dan seterusnya, dll, dll. dari mereka memiliki nilai pasti , , misalnya , bahwa , yang diinginkan.",ai
"SIMETRIS (Jurnal Teknik Mesin, Elektro dan Ilmu Komputer) UMK (IndoT5 Parafrase)",2016,"(1) E-commerce menghubungkan antara produsen dan produsen, produsen dengan konsumen, konsumen dengan produsen, Konsumen dengan konsumen. Untuk menganalisis pangsa pasar yang ada, sistem e-commerce dapat membuat dan mengembangkan sistem profil pelanggan secara bersamaan, dan dapat menentukan layout katalog pelanggannya sendiri, model pengembangan sistem yang dilakukan menggunakan prototype, di mana pelanggan dan pengguna akan terlibat langsung dalam proses ini. - Strategi pemasaran dengan menggunakan pendekatan market basket analysis (MBA), yang merupakan salah satu teknik data mining yang digunakan untuk mendukung bisnis organisasi, yang akan melakukan pengaturan. , sebagai berikut (B) ( B) , dan konsumen ( ), , (Ma) ` dari pada saat ini - mereka sendiri. ; () - (e) / , masing- , dan , untuk.",ai
"SIMETRIS (Jurnal Teknik Mesin, Elektro dan Ilmu Komputer) UMK (IndoT5 Parafrase)",2016,"(1) merancang topologi, (2) simulasi menggunakan Emulator Mininet sebagai data pembanding (dianggap sebagai representasi dari perangkat keras basis data), dan jitter 0. 0093 msec lebih rendah dibandingkan dengan nilai pembandingnya, tetapi implementasi OpenFlow pada switch MikroTik telah merambah ke beberapa vendor, termasuk Mikrotik, yang telah menambahkan Openflow agent pada OS versi 6. 17 pada RouterOS nya, dan memungkinkan untuk menguji prototipe, meskipun prototipe masih memberikan nilai kinerja yang rendah. (5), yang akan memberikan nilai yang lebih lanjut, dan menarik kesimpulan () ) ( ) - (plikasi) dari , dan menyimpulkan (c) dari , , yang lebih rendah , dll ), dll.",ai
"SIMETRIS (Jurnal Teknik Mesin, Elektro dan Ilmu Komputer) UMK (IndoT5 Parafrase)",2016,"(2) Dari situasi tersebut, kami bermaksud untuk mengembangkan aplikasi komputer yang dapat digunakan untuk membantu perangkat dan masyarakat Desa Girimanis dalam menyebarkan informasi dan menyampaikan keluhan, kritik, saran dan pendapat secara cepat dan mudah tanpa harus ke balai desa. Metode dalam memecahkan kerangka masalah yang diambil meliputi analisa, pengadaan bahan alat, pembuatan rancangan, pelatihan dan sosialisasi, sehingga menghasilkan aplikasi SMS info yang berguna bagi masyarakat gondang manis dalam penyebaran informasi dan peningkatan layanan kepada masyarakat. Masyarakat dan perangkat Desa Giri Manis dalam menyebarluaskan informasi dan meningkatkan layanan kepada publik. - () ) dari (e) s ` `.",ai
"SIMETRIS (Jurnal Teknik Mesin, Elektro dan Ilmu Komputer) UMK (IndoT5 Parafrase)",2016,", berdasarkan hasil penelitian dan percobaan, disimpulkan bahwa algoritma Neural Network memiliki tingkat akurasi yang lebih rendah dibandingkan dengan metode optimasi adaboost pada proses trainning dan ditambah Neural Net pada proses pembelajaran, ini dapat dilihat dengan rendahnya tingkat kesalahan MSE menggunakan metode Adaboost + neural network, dan dapat disimpulkan bahwa dengan menggunakan jumlah data yang lebih besar dibandingkan dengan tahap pertama, tingkat akurasi prediksi harus diturunkan, sehingga dapat meningkatkan akurasi prediksi dalam bisnis forex trading, dan dengan menggunakan data yang sama, maka dapat meningkatkan keakuratan prediksi dalam. , dan pada tahap kedua, untuk meningkatkan keakuratan perkiraan, dan seterusnya. - s yang lebih tinggi, dan lebih besar, , yang lebih baik, dan (MSE) ( ) , dari. pada untuk di atas ; dan sebagai berikut ` _ `.",ai
"SIMETRIS (Jurnal Teknik Mesin, Elektro dan Ilmu Komputer) UMK (IndoT5 Parafrase)",2016,"(PID), inkubator bayi, suhu, sistem kendali digital, bayi baru lahir, closing loop, adalah salah satu instrumen yang tepat untuk mengatasi masalah yang sering terjadi pada anak baru lahir adalah kondisi suhu ruang inkubasi, dari ketiga sistem kendali yang diterapkan pada kondisi ini, sistem kontrol PID merupakan sistem kontrol yang lebih optimal pada penelitian ini dibandingkan dengan sistem kontrol PI, nilai overshoot yang dihasilkan sebesar 8,08 %, dan sistem dalam mencapai kondisi steady state, yang digunakan pada detik ke-24 dan ke-27. , yang akan menentukan parameter yang digunakan dalam hal ini , I dan D , dan , di bawah , loop , derajat, , dll , dimana , yaitu , keadaan stabilitas yang tidak stabil, dan stabil. - , sebagai berikut , masing-kontrol. : , pada saat ini.",ai
"SIMETRIS (Jurnal Teknik Mesin, Elektro dan Ilmu Komputer) UMK (IndoT5 Parafrase)",2016,"(penggabungan antara listrik dan panas) adalah salah satu industri makanan terbesar di Pati, yang memiliki daya listrik sebesar 4950 kVA, dan IRR (Internal Rate of Return) sebesar 12,75 % dan PBP (Pay Back Periode) sebesar 5,18 tahun, sehingga proyek untuk menerapkan sistem kogenerasi dengan menggunakan Capstone Microturbine C-30 layak, karena nilai NPV lebih besar dari nol dan IRR lebih tinggi dari tingkat suku bunga bank, dan pengurangan emisi gas rumah kaca sebesar 29 hektar, sehingga penghematan total sebesar 518 tahun , yang dapat diterima, seperti menanam pohon, sebagai berikut , masing-masing-masing, yang harus dibayar, yang dihasilkan sebesar , yaitu , , telah menjadi ,00,0 , 0, %,00.",ai
"SIMETRIS (Jurnal Teknik Mesin, Elektro dan Ilmu Komputer) UMK (IndoT5 Parafrase)",2016,"Ini akan membuat aplikasi latih vokal yang dapat digunakan kapan saja, metode HPS (Harmonic Product Spectrum) digunakan untuk mendeteksi nada pada suara inputan dan metode Boyer Moore digunakan untuk menentukan skor pada ujian karaoke. Hasil akhir dari aplikasi ini adalah bahwa pengguna dapat mempelajari teknik vokal dengan mudah, indah, merdu, dan nyaring, serta dapat mengevaluasi kemampuan bernyanyi dengan ujian vokal. - Penelitian ini akan mengembangkan aplikasi untuk latihan vokal, yang dapat diakses kapan saja dan dapat menilai kemampuan bernyanyi mereka dengan latihan vokal. ` : dalam aplikasi yang sesuai.",ai
"SIMETRIS (Jurnal Teknik Mesin, Elektro dan Ilmu Komputer) UMK (IndoT5 Parafrase)",2016,"Ini adalah salah satu sistem yang dapat diterapkan di BAU untuk memperbaiki sistem manual yang ada menjadi terkomputerisasi sehingga dapat diakes melalui desktop dan mobile, serta dapat memberikan informasi peminjaman secara lengkap dan efektif yang disimpan dalam database server. Kata kunci: sistem, informasi, pinjaman, SMS, waterfall, dalam pelaksanaannya, terkadang petugas BAU lupa menulis informasi pinjaman pada papan pengumuman, sehingga pihak BAU menerima lebih dari satu surat pinjaman dalam waktu dan tempat yang sama. ( 1 ) , dengan cara yang sama, dan dengan cara ini ( 2 ) - Sistem ( 3 ), Sistem , , dan terstruktur ( 4 ) sebagai berikut ( ). aplikasi yang sama , masing- , pada saat ini , dalam kerangka kerja , atau lokasi yang relevansi ` `.",ai
"SIMETRIS (Jurnal Teknik Mesin, Elektro dan Ilmu Komputer) UMK (IndoT5 Parafrase)",2016,"(Teks dengan relevansi EEA): Game, Android, Unity 3D, Edukasi Bahasa Inggris, dirancang untuk memfasilitasi anak-anak dalam belajar bahasa Inggris sejak dini, sesuai dengan survey yang dilakukan dengan hasil kuisoner responden, kuisioner dengan pertanyaan ""Apakah dengan Game English For Fun dapat lebih mudah belajar bahasa inggris?"" menghasilkan 48,6% menjawab sangat setuju, game ini dapat berjalan di perangkat android pada beberapa versi operating sistem, seperti Jellybean, Kitkat, dan Lollipop, aplikasi pembelajaran bahasa Inggris. Pembelajaran Bahasa Inggris ( ) (a) s , - () -. dari tentang pembelajaran bahasa inggris sebagai pembelajaran bahasa l , dll ,"" , dan (3D) ` ;.",ai
"SIMETRIS (Jurnal Teknik Mesin, Elektro dan Ilmu Komputer) UMK (IndoT5 Parafrase)",2016,"( 1 ) Studi literatur, analisis, perancangan, pemprograman dan pengujian tentang aplikasi yang dirancang untuk memfasilitasi siswa dalam mempelajari lagu-lagu nasional, siswa belajar dari buku yang hanya menyediakan lirik dan suara pelantunanya dan video, dan aplikasi yang dikembangkan menyajikan informasi yang mudah dipahami, informatif dan edukatif. Aplikasi yang dikembangkan dapat berjalan di perangkat android dengan operating sytem versi ics atau lebih terbaru, Model aplikasi yang digunakan adalah model client-server, aplikasi untuk memudahkan siswa dalam belajar lagu. Dari aplikasi ini telah disediakan oleh guru seni musik mereka sendiri, aplikasi yang dibuat oleh pengguna. - pengembangan aplikasi, dan pengujian, aplikasi, aplikasi pembelajaran siswa dalam pembelajaran, aplikasi ini, aplikasi tersebut, aplikasi , aplikasi siswa , dan teks lagu, aplikasi dari aplikasi yang disediakan oleh siswa, dan video , informasi lagu , dll , media pembelajaran , , sebagai media pembelajaran siswa, aplikasi berbasis aplikasi yang dapat diakses.",ai
"SIMETRIS (Jurnal Teknik Mesin, Elektro dan Ilmu Komputer) UMK (IndoT5 Parafrase)",2016,"Untuk menentukan kondisi rumah digunakan 10 sampel, dari hasil perhitungan 2 rumah dinyatakan sehat dan 8 rumah dinyatakan kondisi tidak sehat, metode TOPSIS diterapkan untuk menentukan prioritas kondisi rumah tidak sehat. Hasil perhitungan metode TOSSIS divalidasi dengan perhitungan manual menghasilkan hasil yang sama, dan dapat disimpulkan bahwa sistem pendukung keputusan yang telah menerapkan metode TOCSIS untuk menentukan Prioritas Rumah Tidak Sehat. Kondisi rumah yang baik dan sesuai. ( 1 ): Sistem Pendukung Keputusan, Metode TopSIS, Kondisi Rumah. - Kondisi Rumah: Kondisi rumah, kondisi rumah. , keadaan rumah ( ) (2 ) - ().",ai
"SIMETRIS (Jurnal Teknik Mesin, Elektro dan Ilmu Komputer) UMK (IndoT5 Parafrase)",2016,"Ini adalah penelitian yang menggunakan bahan Al-13,5Si dan logam pengisi ER5356, dengan variasi masukan panas (heat input) 2970 J/mm, 3300 J/m dan 3630 J/Mm, menunjukkan bentuk patahan lebih didominasi oleh patahan ulet yang ditandai dengan steriasi, untuk menguji ketangguhan impak dengan menggunakan mesin uji impak charpy, serta didukung oleh foto makro penampang patahan pengujian impaknya. , dan , untuk pengujian ketahanan impak, dan untuk , dll , , bahwa , pada , 5, 5 Si, 5 ,5 Si , 4 , masing-Si - Si.",ai
"SIMETRIS (Jurnal Teknik Mesin, Elektro dan Ilmu Komputer) UMK (IndoT5 Parafrase)",2016,"Untuk mengatasi masalah tersebut, dalam kurikulum Prodi Sistem Informasi (SIM PKL) yang terintegrasi dengan data Sistem Informasi Akademik UNPGRI kediri, terdapat mata kuliah Praktek Kerja Lapangan (PKL) yang dilaksanakan pada semester VII, yang menyebabkan kendala bagi Ketua Program Studi Sistem Informasi untuk memilih/menugasan dosen pendamping PKL dan memantau proses PKL serta lambatnya proses pembuatan laporan hasil PKL oleh bagian administrasi Prodi. - Penelitian ini dirancang dan dibangun sistem informasi praktik kerja lapangan, RESTFul, Webservices. aplikasi webservice - Proses PKL - Sistem Informasi - Program Studi - Program.",ai
"SIMETRIS (Jurnal Teknik Mesin, Elektro dan Ilmu Komputer) UMK (IndoT5 Parafrase)",2016,"Pada penelitian ini, aspek termohidrolika teras reaktor mengenai suhu permukaan bahan bakar dan fluida akibat pengaruh kecepatan aliran fluida, telah dilakukan pemodelan susunan teras reaktor dan reflektor heksagonal, yang selanjutnya diasumsikan bahwa pembangkitan dayanya tetap pada 6,89 104 kwatt/m2 untuk masing-masing bahan bakar, kecepatan fluida diatur sebesar 1,8 dan 2 m/s. Data pengamatan diperoleh dari distribusi suhu pada sub-buluh tengah, tengah dan pojok.",ai
"SIMETRIS (Jurnal Teknik Mesin, Elektro dan Ilmu Komputer) UMK (IndoT5 Parafrase)",2016,"Di era globalisasi saat ini, penggunaan Internet of Things (IoT) di Teknik Elektro UNISNU Jawa Tengah adalah pengendalian perangkat elektronik berupa lampu LED menggunakan mikrokontroller arduino uno, serta menggunakan perangkat lunak berupa bahasa pemrograman PHP, pemrograman Batch, dan pemrograman Arduino. Hasil dari pengamatan proses pembelajaran adalah tingkat minat mahasiswa setelah pembelajaran sebesar 90% mahasiswa tertarik untuk mengikuti proses pembelajaran dan 50% mahasiswa memahami apa yang disampaikan oleh dosen pada saat pembelajaran. , dan 50% siswa mengerti apa yang dijelaskan oleh dosen. tentang bagaimana mereka, dan sebagai media pembelajaran, yang digunakan sebagai sarana untuk pembelajaran, sebagai sarana pembelajaran, dengan cara belajar, sebagai pembelajaran. - , yang dapat dikendalikan melalui Internet of , , dalam pembelajaran, dan teknologi, sebagai berikut: , sebagai media Pembelajaran, dan aplikasi , pemrograman, dan Arduin, dan program , pada saat belajar.",ai
"SIMETRIS (Jurnal Teknik Mesin, Elektro dan Ilmu Komputer) UMK (IndoT5 Parafrase)",2016,"(CI), models-views-controller (MVC), Object Oriented Programming (OOP), penjualan. Oleh karena itu, kami menggunakan CI dalam mengembangkan aplikasi dengan struktur file source code-nya menggunakan pendekatan arsitektur Models-Views-Controller dan pemrograman berorientasi objek, sehingga dapat memberikan informasi yang berguna bagi pemilik toko secara up-to-date untuk mengelola data pelanggan, supplier dan barang yang di beli dan dijual, dan membuat laporan yang diperlukan untuk perhitungan penjualan. , dan untuk mendukung kelancaran transaksi penjualan, dan sebagai metode pengembangan sistem, dan pemrograman, dan sistem, yang relevansi , dll , , database, dan , penjualan, dll. - , C, ini, pada aplikasi ini , untuk mengembangkan aplikasi ini.",ai
"SIMETRIS (Jurnal Teknik Mesin, Elektro dan Ilmu Komputer) UMK (IndoT5 Parafrase)",2016,"Electronics, mekanika dan program untuk menangani sistem keamanan laboratorium yang menggabungkan kemampuan deteksi sensor PIR dengan sliding camera, yang dirancang secara khusus untuk memastikan bahwa pencuri yang bersangkutan masuk ke lab, pada saat yang sama kamera dapat merekam kejadian tersebut secara realtime dan disimpan dalam bentuk video dan gambar sebagai bukti bahwa orang yang bersangkutan telah memasuki lab. Hasil penelitian menunjukkan bahwa sistem yang dirancang dapat bekerja dengan baik sesuai dengan spesifikasi yang telah ditetapkan. (Teks dengan relevansi EEA), seperti pabrik, bengkel, laboratorium, gudang, dll. , dapat berfungsi dengan tepat waktu yang sesuai dengan cara kerja sistem yang telah dibuat, sistem yang dapat bekerja pada tingkat tinggi, sistem, dan sistem yang akan bekerja dengan cara yang dapat digunakan oleh sistem.",ai
"SIMETRIS (Jurnal Teknik Mesin, Elektro dan Ilmu Komputer) UMK (IndoT5 Parafrase)",2016,"(1) Penelitian ini merancang dan menganalisis inverter 3 fasa sebagai pengendali motor induksi 3 fasa dengan metode Space Vector Pulse Width Modulation (SVPWM) menggunakan IC terprogram, pengujian dilakukan untuk membuktikan bahwa metode SVPSWM Inverter mampu menekan arus mula sebesar 59,1% dan menekan konsumsi arus nominal pada frekuensi 50 Hz sebesar 90,1 %, dibandingkan dengan Variable Speed Drive dengan metode Volt/Hertz Control yang menghasilkan efisiensi tegangan keluaran lebih tinggi dari variabel kecepatan drive (VSD) ( V ) , , dan ( ) - VSD - F.",ai
"SIMETRIS (Jurnal Teknik Mesin, Elektro dan Ilmu Komputer) UMK (IndoT5 Parafrase)",2016,"(ABK), tunarungu, IPA/sains, sistem pernapasan manusia dan hewan, adalah masalah bagi guru untuk dapat menjelaskan materi pelajaran yang diberikan kepada siswa, terutama pada mata pelajaran IPA/Sains yang cukup kompleks, membutuhkan bantuan alat yang lebih ke arah visual, sehingga mereka dapat disajikan secara rinci dan sangat menarik bagi siswa. Dengan demikian, dalam penelitian ini, rancangan program aplikasi yang sesuai untuk SDLB bagian B diharapkan dapat diimplementasikan dengan menggunakan multimedia. perangkat lunak, yang terdiri dari rancangan proses, rancangan antarmuka program aplikasi, yang disesuaikan dengan aplikasi berbasis Multimedia. pemrograman perangkat lunak yang sesuai dengan tujuan, yang relevansi , dan , yang sesuai, dan hewan , sebagai berikut , , aplikasi yang relevan. , oleh siswa , khususnya , dll , berdasarkan rancangan aplikasi yang bersangkutan , seperti , dalam bahasa pemrograman , dengan cara yang lebih rinci, dan menarik siswa. - , untuk mengembangkan aplikasi yang lebih lanjut, yang lebih baik.",ai
"SIMETRIS (Jurnal Teknik Mesin, Elektro dan Ilmu Komputer) UMK (IndoT5 Parafrase)",2016,"Di bawah perkembangan administrasi setelah Orde Baru, pemerintah telah menghapus tingkat eks-Karesidenan Solo, termasuk wilayah Solo Raya, tiga di antaranya berbatasan langsung dengan kota Solo, yaitu Solo, Solo dan Karanganyar, tiga lainnya tidak berbatasan langsung, yaitu Wonogiri, Sragen dan KLATEN. Hasil penelitian menunjukkan bahwa 75% dari game tersebut memudahkan untuk mengenal daerah Solo Raya dan 79% mengatakan bahwa tampilan game menarik. : game, android, anak-anak, solo raya. - Permainan, Android, Anak, Solo Raya. (20%) (3) s , dari yang lebih lanjut (1) `. , dan ) , (daerah). Kota, dan seterusnya) / (5) : ( ( 1) ) nya.",ai
"SIMETRIS (Jurnal Teknik Mesin, Elektro dan Ilmu Komputer) UMK (IndoT5 Parafrase)",2016,"Di Universitas Ma Chung, metodologi yang digunakan mengacu pada konsep mendokumentasikan kebutuhan perangkat lunak berstandar internasional, yaitu ISO/IEC/IEEE 29148-2011, Standar ini membantu menyajikan hasil analisis kondisi saat ini dan penulisan spesifikasi kebutuhan Perangkat Lunak (SRS) yang dilengkapi dengan pemodelan sistem menggunakan UML, SRS ini akan menjadi acuan bagi pengembang ( Developer) dalam mengembangkan sebuah sistem. , yang akan menjadi pedoman bagi pengembangan sistem tersebut. (Teks dengan relevansi EEA) untuk tujuan mengembangkan sistem ini. aplikasinya sendiri untuk mengembangkan sistem yang akan membantu dalam mengembangkan sistem tersebut untuk mengembangkan sebuah Sistem Informasi.",ai
"SIMETRIS (Jurnal Teknik Mesin, Elektro dan Ilmu Komputer) UMK (IndoT5 Parafrase)",2016,"Untuk metode pengumpulan data, peneliti melakukan observasi langsung, studi pustaka dan wawancara, untuk membangun sistem informasi Knowledge Management System yang digunakan untuk menyimpan dan menggunakan pengetahuan yang dimiliki oleh karyawan dengan model SECI (sosialisasi, eksternalisasi, kombinasi dan internalisasi), mengembangkan sistem analisis dengan Unified Modelling (UML). Pengujian validasi menggunakan Focus Group Discussion (FGD), yang menunjukkan bahwa penerapan knowledge manajemen sistem adalah solusi dari masalah yang ada, dengan memperhatikan efisiensi dan efektifitas. 4 karakteristik kualitas perangkat lunak validasi, yang relevansi , dan interview, dan pengujian perangkat lunak pengujian, yang telah dilakukan, dan , yang sesuai dengan tujuan penelitian ini, dan implementasi, yang dapat diterapkan, dan aplikasi, dan penerapan, , dll , s.",ai
"SIMETRIS (Jurnal Teknik Mesin, Elektro dan Ilmu Komputer) UMK (IndoT5 Parafrase)",2016,"Impeler adalah alat untuk memindahkan cairan dari dataran rendah ke dataran tinggi, pengoperasiannya bila lama digunakan akan mengurangi efisiensi kinerja pompa, sehingga diperlukan perbaikan dan perawatan yang tepat, sesuai dengan hukum pompa sentrifugal, yaitu kecepatan isap spesifik (Nss) yang meningkat akan menurunkan tinggi peningkatan isap positif bersih yang diperlukan ( NPSHR), sehingga model impeler yang lebih optimal dapat dicapai dengan bantuan perangkat lunak CAD dan CFD. , sehingga menghasilkan model yang lebih efektif. (l) - ( ) ` ( ), (e) , dan perawatan ( i). a ( I) a) / (ii) ); (c).",ai
"SIMETRIS (Jurnal Teknik Mesin, Elektro dan Ilmu Komputer) UMK (IndoT5 Parafrase)",2016,"Ini adalah proses peningkatan kualitas mammogram payudara (sebelum pengolahan), dengan membandingkan beberapa metode, yaitu: CLAHE, Non Subsampled Contourlet Transform (NSCT), Contrast Stretching (CS), dan selanjutnya dilakukan smoothing dengan menggunakan filter median, untuk meminimalisir hal tersebut diperlukan suatu metode yang dapat membantu dokter dalam menganalisis citra mamogram payudara, dengan nilai 50. 75332 db, Median Filter, dan sebagainya. - (MSE) (untuk meningkatkan kualitas, untuk mendeteksi kanker payudara, untuk meningkatkan kinerja, untuk memperbaiki kontras citra, dan untuk meningkatkan kualitas citra yang digunakan, untuk mengurangi citra , dan , untuk mengubah citra yang dihasilkan, dan seterusnya , , yang terbaik , dll , pada payudara, dan lainnya. , dari , di manage, dan lebih lanjut, untuk melakukan , sehingga.",ai
"SIMETRIS (Jurnal Teknik Mesin, Elektro dan Ilmu Komputer) UMK (IndoT5 Parafrase)",2016,"(2) Dalam memenuhi kebutuhan akan guru tetap di lingkungan Sekolah Menengah Kejuruan (SMA) XYZ, sekolah harus mengadakan seleksi terhadap guru tidak tetap/honorer yang telah mengajar cukup lama, kriteria yang dipertimbangkan dalam seleksi tersebut, yaitu kompetensi pedagogik, kompetensi kepribadian, kompetensi profesional, dan kompetensi sosial, hasil dari penelitian ini dapat digunakan oleh kepala sekolah dalam menentukan seleksi guru tetap yang ada di SMA XYz secara efektif, efisien, dan objektif. Kriteria penilaian dapat dibuat dengan menggunakan pendekatan FIS Mamdani dan AHP, sehingga kriteria dapat diterapkan. - Kriteria yang relevansi - kriteria yang sesuai dengan cara yang tepat dan kriteria yang bersangkutan. kejuruan (XYZ) ( ) s ` yang bersangkutan (a ) , sebagai guru tetap (T ).",ai
"SIMETRIS (Jurnal Teknik Mesin, Elektro dan Ilmu Komputer) UMK (IndoT5 Parafrase)",2016,"perhatikan beberapa parameter yang ada untuk memastikan bahwa siaran televisi mobil dapat diterima secara optimal, bersama dengan antenna dan booster DXXN1508, penguatan booster adalah 40-46 kali, jika secara perhitungan diambil penguatan 45 x, maka akan diperoleh tegangan keluaran yang sangat besar dengan tegangan masukan antenna 12V. Dari parameter yang relevan, besar frekuensi sangat berpengaruh pada baik buruknya penerimaan siaran TV mobil. Daya pancar dan penerimaan antena berbanding terbalik dengan panjang atau jarak, dan daya pancar. - Daya Pancar dan Daya Terima antena sebanding dengan nilai dari parameter yang diperlukan.",ai
"SIMETRIS (Jurnal Teknik Mesin, Elektro dan Ilmu Komputer) UMK (IndoT5 Parafrase)",2016,"(1) Simulasi pembebanan menggunakan software ANSYS 12. 0 untuk mengetahui distribusi tegangan yang dialami poros roda kereta, apakah area kritis roda kereta disebabkan oleh beban statis sebesar 4,625 ton per leher poros kereta, kedua saat kereta berjalan sehingga terjadi beban dinamis sebesar 8,9 ton dan ketiga saat terjadi beban impact dari roda benjol, kerataan bidang jalan atau ketidak rataan jalan rel sebesar 10 kali beban statis atau 46,25 ton, pada jarak 285,2 mm dari ujung poros, adalah: poros, ansys, dan pada tingkat kegagalan jalan rel, yaitu 225 N/mm, pada poros, pada sumbu, pada prinsip kegagalan, pada aplikasi, , pada bagian yang sama. , di mana, pada titik kritis, pada jalur, pada roda, pada bidang jalan, pada lintasan, pada arah, pada , masing-masing- , dalam kasus,.",ai
"SIMETRIS (Jurnal Teknik Mesin, Elektro dan Ilmu Komputer) UMK (IndoT5 Parafrase)",2016,"(2) Berdasarkan teori kognitif, usia 9-11 tahun termasuk dalam kategori yang sudah mampu meningkatkan pemikiran simbolis dan melampaui hubungan informasi sensoris dan tindakan fisik, oleh karena itu perlu perhatian khusus dan perhatian khusus untuk perkembangan anak. Saat ini, anak-anak senang bermain game online dengan perangkat teknologi smartphone mereka memiliki kecenderungan untuk adiksi game, sedangkan tipe game sendiri belum banyak menyediakan game pembelajaran yang disukai anak. ,013 (p lebih kecil dari 0,05). Dari sini disimpulkan bahwa: -0,023 (0,05) ) ( 1 ) pada usia ini (a) s ,. - ; dari dalam perkembangan anak-usia yang relevansi , dll.",ai
"SIMETRIS (Jurnal Teknik Mesin, Elektro dan Ilmu Komputer) UMK (IndoT5 Parafrase)",2016,"Di sekolah SLB-C YPSLB Solo, penelitian dilakukan dengan mendemokan aplikasi game edukasi yang berkaitan dengan kemandirian anak tunagrahita, menggunakan teknologi Kinect X360, sehingga menarik, mudah diterima dan diingat oleh anak tunagrahhita kategori ringan. Berdasarkan hasil kuisioner yang diisi oleh guru, dapat disimpulkan bahwa game ini sangat menarik dan dapat digunakan untuk melatih motorik anak, dan juga dapat digunakan oleh guru sebagai salah satu media pembelajaran. Kata kunci: Anak Tunarungu, Game Edukasi, Unity3D, audacity, Audacity - C - C, , dan sebagai media pembelajaran , sebagai media Pembelajaran - , dll. , mereka sendiri, dan kemampuan mereka dalam perawatan diri mereka, sebagai Media Pembelajaran, dan Interaktif, dan interaktif, dan mandiri, dan belajar, dan menjadi siswa, dll, dan seterusnya, dan , dari mereka, dll , di mana, dan konsisten, dan mereka adalah,.",ai
"SIMETRIS (Jurnal Teknik Mesin, Elektro dan Ilmu Komputer) UMK (IndoT5 Parafrase)",2016,"(2) Penelitian ini didukung oleh metodologi pengembangan perangkat lunak yang disebut Linear Incremental Development, pada proses yang dilakukan pada implementasi perangkat lunak ini terdapat beberapa langkah seperti penentuan masalah, identifikasi dan penyelesaian resiko, pengembangan dan pengujian, dan perencanaan siklus berikutnya, setiap langkah pada tahap tersebut digunakan untuk memetakan masalah yang ada hingga menjadi aplikasi yang sesuai dengan kebutuhan. Kata kunci: algoritma apriori, analisis penjualan, penjualan, implementasi. (Teks dengan relevansi) ( 1) ), aplikasi yang relevansi (l) s (D).",ai
"SIMETRIS (Jurnal Teknik Mesin, Elektro dan Ilmu Komputer) UMK (IndoT5 Parafrase)",2016,", penggunaan Raspberry pi adalah untuk mengontrol dan memantau peralatan elektronik dari jarak jauh melalui Smartphone Android, yang kemudian dikirimkan oleh transiver dan diterima oleh reciver, lalu dibaca oleh mikrokontroler AVR ATMega328, sehingga dapat memberikan solusi untuk mengontrol perangkat elektronik yang ada di rumah dengan cara terpusat pada Smartphone android, dilengkapi dengan media internet yang meringankan kerja manusia dan mengoptimalkan keamanan perangkat elektronik. , dengan demikian dapat menyediakan solusi untuk mengendalikan perangkat elektronik di dalam rumah, dengan cara yang lebih efisien dan lebih aman. - Perangkat Elektronik, dan memastikan bahwa perangkat elektronik, dan keamanan. (perangkat elektronik) (peralat elektronik ) , dan perangkat, dan peralatan elektronik , perangkat, atau perangkat , dll , untuk menyalakan perangkat elektronik perangkat elektronik - perangkat, perangkat elektronik s.",ai
"SIMETRIS (Jurnal Teknik Mesin, Elektro dan Ilmu Komputer) UMK (IndoT5 Parafrase)",2016,"Electronic commerce adalah salah satu dari perkembangan teknologi dan internet, yaitu layanan internet yang digunakan untuk jual-beli secara online, yaitu dengan cara melakukan studi kasus yang menganalisis bagaimana Tokoku dapat menjual produknya kepada pelanggan, dengan adanya sistem informasi penjualan elektronik ini dapat membantu Tokoku dalam meningkatkan penjualannya. Kata kunci: e-commerce, online, internet, transfer, elektronik. - E-Commerce, Online, Internet, Pertukaran Data, Sistem Pengumpulan Data Otomatis, dan sistem pengumpulan data otomatis, dan Sistem pengumpulan data (EDA) ( EDA).",ai
"SIMETRIS (Jurnal Teknik Mesin, Elektro dan Ilmu Komputer) UMK (IndoT5 Parafrase)",2016,"Di bidang pemilihan tempat tinggal yang layak, sesuai dengan 7 kriteria, Keamanan, Fasilitas Umum, Bebas Banjir, Harga, Air Bersih, Model, Sejuk dan Nyaman, model data mining untuk penentuan tempat tinggal menggunakan metode Naive Bayes memberikan manfaat yang signifikan bagi konsumen dalam mempertimbangkan penentuan pencarian tempat tinggal, yang antara lain menghasilkan probabilitas antara layak (sesuai) atau tidak sesuai, yang dapat digunakan oleh masyarakat umum untuk mempermudah dalam menentukan lokasi tempat tinggal. , dan harga tempat tinggal. - Masyarakat, Tempat Tinggal (2) (3) , ), dan (5) ) a, dan Lingkungan, dan lingkungan, dan Kenyaman, dan nyaman, dan kenyamanan, dan Nyawa , dll.",ai
"SIMETRIS (Jurnal Teknik Mesin, Elektro dan Ilmu Komputer) UMK (IndoT5 Parafrase)",2016,"Di tiga tempat tersebut, Sari Kedelai Rosi dalam pengadaan bahan baku tidak dinamis setiap harinya atau tidak disesuaikan dengan perkiraan penjualan hari berikutnya karena belum menggunakan sistem prediksi. Dari hasil uji coba dapat disimpulkan bahwa sistem prediksi penjualan sari kedelai dapat memprediksi penjualan pada periode selanjutnya. Metode least square dapat digunakan untuk meramalkan penjualan sari kedelai, dengan nilai korelasi 0,88. , yang berarti bahwa: prediksi, penjualan, leath squares. - Prediksi, Penjualan, Least Square. (0,88), dan sebagai berikut: Proposting, ( () (1 ) , dan penyediaan bahan baku produksi, dll , dll).",ai
"SIMETRIS (Jurnal Teknik Mesin, Elektro dan Ilmu Komputer) UMK (IndoT5 Parafrase)",2016,"edgee , graph coloring, pemetaan, vertex. Kabupaten kediri adalah kabupaten yang cukup berkembang, bahkan saat ini pembangunan kabupaten kediri dilaksanakan pada desa-desa yang memiliki degree terbanyak (strategis), pembangunan pusat ekonomi, kesehatan dan pendidikan akan dilakukan pada desa tersebut, karena desa yang berdegree banyak pasti sangat mudah diakses oleh desa sekitarnya. Kata kunci: edgea , Grafik warna, Pemetaan, Vertex, yang akan berdampak pada perkembangan kabupaten, dan juga akan mempengaruhi perkembangan daerah tersebut. , dan yang akan mempengaruhi pembangunan di daerah yang akan berpengaruh pada setiap daerah tersebut akan mempengaruhi wilayah tersebut dapat diakses oleh daerah tersebut dapat mengakses wilayah tersebut akan sangat mudah dijangkau oleh desa tersebut telah dilakukan pada daerah yang luas.",ai
"SIMETRIS (Jurnal Teknik Mesin, Elektro dan Ilmu Komputer) UMK (IndoT5 Parafrase)",2016,"BULOG, sejak didirikan, memiliki tugas untuk memasok bahan pangan, teknik pengumpulan data historik, pengolahan data, model atau metode yang diusulkan, eksperimen pada model tersebut, evaluasi dan validasi hasil, menyimpulkan bahwa teknik data mining menggunakan neural network backpropagasi dapat membantu dalam memprediksi sistem, sehingga dapat dilakukan pada penelitian ini untuk memastikan bahwa jumlah pasokan beras pada tahun berikutnya lebih tepat dan akurat. , dan sebagai komoditas pangan utama, masalah beras tidak hanya merupakan masalah ekonomi, tetapi juga politis. - Masalahnya adalah bahwa data pertambangan dapat membantu menentukan jumlah yang tepat dan sebagai masalahnya, yang relevansi untuk menyediakan bahan pangan penting dalam kaitannya dengan cara yang diperlukan. (MSE), di mana yang relevan. dari model, dan validitas, dan , validasi, dan verifikasi hasil yang sesuai dengan cara- , seperti itu, dan mengevaluasi hasil yang bersangkutan, dan analisis, dan menyimpulkan bahwa validasi yang akan menjadi relevansi.",ai
"SIMETRIS (Jurnal Teknik Mesin, Elektro dan Ilmu Komputer) UMK (IndoT5 Parafrase)",2016,"Didesain algoritme penapisan yang bertujuan untuk mengurangi pergeseran (drift) pada hasil pengukuran sensor inersia quadrotor Kalman Filter digunakan untuk menapis derau yang tercampur pada data hasil pengukuran dari sensor accelerometer dan sensor gyroscope, sehingga hasil integrasi perpindahan lebih baik dibandingkan dengan hasil integrasi non-penapisan tanpa penapisannya. kata kunci: kalmanfilter, zero velocity Compensator, IMU. , dengan menggunakan pengujian yang dilakukan.",ai
"SIMETRIS (Jurnal Teknik Mesin, Elektro dan Ilmu Komputer) UMK (IndoT5 Parafrase)",2016,"Di industri kecil, pembuatan propeler aluminium banyak menggunakan bahan dasar aluminium siku bekas dan aluminium kampas bekas, variasi penambahan TiB pada ADC3 berpengaruh pada penurunan ukuran butir hingga 50%, peningkatan kekerasan hingga 23%, peningkatan kekuatan tarik hingga 11%, serta penurunan keuletan hingga 20% dilakukan dengan menambahkan TiB sebagai grain refiner untuk menghasilkan produk yang sesuai spesifikasi standar material. Propeler (ADC3), pengecoran ulang aluminium, repropeler.",ai
"SIMETRIS (Jurnal Teknik Mesin, Elektro dan Ilmu Komputer) UMK (IndoT5 Parafrase)",2016,"(2) Hasil pengujian replikasi pada transaction rate untuk meminimalkan antrian data node 1 pada nilai 1,99/detik setiap transaksi data, node 2 pada nilai 2,02/detik sedangkan balancer pada nilai 1,91/detik, sedangkan response time atau kecepatan replikasi database dalam menangkap dan mengirimkan data sangat efisien, dengan menggunakan raspberry pi sebagai kontrol otomatis untuk replikasi database dua arah, penyakit menular, Dinas Kesehatan, Sistem Informasi Geografis (SIG), dll. , dan balance 0,01/s, dan Balance 0,13/s, dll , , yang digunakan sebagai master, dan Replikasi data slave - , masing-persetiap program kesehatan , dll dari data , 1 , 2 , 3 , 0, 1, dll, s s,.",ai
"SIMETRIS (Jurnal Teknik Mesin, Elektro dan Ilmu Komputer) UMK (IndoT5 Parafrase)",2016,"(2) Penelitian ini menggunakan metode klastering Fuzzy C Means, yang digunakan untuk klaster industri di Kabupaten Kudus, teori ini merupakan penggunaan dari teori klaster C-Means, sehingga dari hasil penelitian ini dapat digunakan oleh Dinas Perindustrian Perdagangan dan Koperasi Kabupaten Kudus untuk membina dunia industri. Kata kunci: fuzzy c means, industri, klasterisasi industri, dengan tujuan untuk membantu pemerintah dalam membina industri kecil dan menengah. , dengan maksud untuk mengembangkan sistem informasi klaster Industri di kabupaten Kudus. - , Dengan maksud untuk membantu Pemerintah dalam membina dunia Industri , sebagai langkah- , , dan , untuk mengembangkan klaster , pada sektor industri, dan sebagai berikut , yaitu , tentang , dll.",ai
"SIMETRIS (Jurnal Teknik Mesin, Elektro dan Ilmu Komputer) UMK (IndoT5 Parafrase)",2017,"Dilakukan penelitian untuk mengidentifikasi jenis perilaku kecanduan game, yang kemudian dimodelkan menggunakan metode backward chaining, yang merupakan salah satu metode dalam teknologi sistem pakar yang melakukan identifikasi dengan menelusuri gejala-gejala yang ada, model ini dapat digunakan sebagai dasar untuk mengembangkan aplikasi dan sistem komputer untuk validasi tingkat kecanduan game. , dengan demikian model tersebut dapat menjadi dasar untuk pengembangan aplikasi dan Sistem Komputer untuk Identifikasi Tingkat Kecanduan Game. - Game adalah Kesukarelaan setiap orang untuk bermain game. pada tingkat kecanduan yang tinggi.",ai
"SIMETRIS (Jurnal Teknik Mesin, Elektro dan Ilmu Komputer) UMK (IndoT5 Parafrase)",2017,"Di Area Pelayanan Jaringan Kudus, pengukuran beban dilakukan baik pada siang hari maupun pada malam hari, hasil pengukuran tersebut memiliki kemungkinan berbeda. Hal ini disebabkan penggunaan beban cenderung kecil, sedangkan penggunaan beban lebih besar pada siang dan 16% pada malam harinya, sehingga sulit untuk menentukan apakah beban trafo tersebut masih normal atau overload. , dan hal ini menyebabkan kesulitan dalam menentukan apakah ada beban yang tersisa atau tidak.",ai
"SIMETRIS (Jurnal Teknik Mesin, Elektro dan Ilmu Komputer) UMK (IndoT5 Parafrase)",2017,"(Penulis Ilmiah ini menggunakan teknologi berbasis Augmented Reality (AR), di mana dengan teknologi ini dapat menggabungkan benda maya dua dimensi dan tiga dimensi ke dalam lingkungan nyata tiga dimensi, lalu memproyeksikan benda-benda virtual tersebut secara real-time, aplikasi pengenalan fauna endemik Indonesia AR ini dibuat dalam beberapa tahap, dimulai dengan pembuatan objek 3D, perancangan aplikasi, dan pembuatan marker hingga tahap terakhir dari proses uji coba aplikasi pada device Android 1, dan IDE Eclipse. Aplikasi pengenalan Fauna Endemik yang dapat menampilkan informasi berupa label, dan Marker yang dapat digunakan untuk aplikasi pengenalan 21 , aplikasi ini, aplikasi , dan aplikasi 1 3D - 2D.",ai
"SIMETRIS (Jurnal Teknik Mesin, Elektro dan Ilmu Komputer) UMK (IndoT5 Parafrase)",2017,"Di daerah ini terdapat banyak ciri khas, baik dari segi Objek Wisata, Budaya, Kerajinan dan Kuliner, yang menarik dan sering dikunjungi oleh wisatawan dari berbagai kota dan luar negeri, sehingga aplikasi ini hanya menampilkan informasi dan lokasi dari setiap tempat yang ada di daerah cirebon, seperti tempat wisata dan hotel. Selain ukuran layar kurang dari 4. 0 inchi, aplikasi ini kurang bagus pada tampilan informasi objek wisata dan Hotel. , aplikasi tersebut tidak memiliki tampilan yang baik pada Objek Wisata dan Hotel. - Aplikasi ini hanya digunakan pada smartphone berbasis android. (4) aplikasi ini (3) (2) ) , ( ) aplikasi (a).",ai
"SIMETRIS (Jurnal Teknik Mesin, Elektro dan Ilmu Komputer) UMK (IndoT5 Parafrase)",2017,"(2) Penelitian ini bertujuan untuk mengamati pengaruh perlakuan panas terhadap sifat tarik serat dan komposit, pada penelitian ini, perlakuan panas serat dilakukan selama 10 jam dengan variasi suhu 150 ° C, 120 °C, 140 °C dan 160 °C. Pengujian yang dilakukan terdiri dari uji tarik serat tunggal dan uji tarik komposit, dan akan menurun pada perlakuan panas diatasnya. kekuatan tarik serat serta komposit meningkat dengan menggunakan scanning electron microscope. Pengamatan permukaan serat dan ikatan antar muka serat-matrik dilakukan dengan menggunakan detektor elektromagnet, dan tekanan 50 bar. (a) s , dan komposit.",ai
"SIMETRIS (Jurnal Teknik Mesin, Elektro dan Ilmu Komputer) UMK (IndoT5 Parafrase)",2017,"(a) Sistem pendukung keputusan pemilihan perguruan tinggi swasta (PTS) untuk wilayah semarang yang bertujuan agar calon mahasiswa tidak bingung dalam mengambil keputusan yang akan dia pilih, karena hanya dengan sumber daya manusia yang berkualitas, sistem pendukung keputusan yang digunakan akan menguraikan masalah multi-faktor atau kriteria yang kompleks menjadi bentuk hierarki, metode AHP tepat dan sistematis dalam proses pengambilan keputusan sesuai dengan kriteria yang ditetapkan oleh Perguruan Tinggi Negeri 6 berdasarkan analisis data. Metode penelitian yang digunakan adalah R D. Metode Penelitian dan Pengembangan adalah Penelitian yang digunakan untuk menghasilkan produk tertentu dan menguji efektivitas produk. Keputusan Pros (A) ( ) ( PTS) ) - Jawa Tengah (C) , dan memilih , , sehingga calon mahasiswa , dll , dapat memberikan rekomendasi yang relevansi , fasilitas, dan waktu kuliah , sebagai berikut: , yang relevan. , aplikasi yang tepat, dan.",ai
"SIMETRIS (Jurnal Teknik Mesin, Elektro dan Ilmu Komputer) UMK (IndoT5 Parafrase)",2017,"Penjadwalan merupakan kegiatan prioritas bagi para guru atau guru berdasarkan tingkat keahlian masing-masing dan untuk membagi tugas kita perlu mempertimbangkan ada atau tidaknya tumpukan dan penambahan waktu pada guru yang mengajar mata pelajaran kepada siswa/i, dan terkadang waktu sering bertumpukan untuk para guru. Oleh karena itu, algoritma yang lebih baik diperlukan, yaitu algoritma genetika, yang merupakan salah satu algoritma yang sangat tepat digunakan untuk menyelesaikan masalah optimasi yang rumit yang sulit dilakukan oleh metode konvensional. , yang akan menjadi penting untuk tujuan ini.",ai
"SIMETRIS (Jurnal Teknik Mesin, Elektro dan Ilmu Komputer) UMK (IndoT5 Parafrase)",2017,"Pada penelitian ini, digunakan paduan Al tipe 2024 dalam bentuk bubuk tanpa dianil dan 6 buah kubus dengan ukuran 8 `8 mm3 yang dial pada suhu 200oC dan 400oC masing-masing selama 1, 5 dan 20 jam. Pengukuran tekstur dilakukan menggunakan difraksi sinar X dengan panjang gelombang 1,78892 menggunakan metode gambar kutub invers.",ai
"SIMETRIS (Jurnal Teknik Mesin, Elektro dan Ilmu Komputer) UMK (IndoT5 Parafrase)",2017,"traffic switching sebagai salah satu aplikasi kecerdasan buatan telah mampu memberikan kontribusi untuk menyelesaikan masalah kemacetan yang terlalu lama karena menunggu waktu lampu hijau menyala, pada penelitian ini menggunakan simulasi 4 buah persimpangan jalan sebagai model dengan jumlah kendaraan yang dimodelkan paling banyak adalah 25 kendaraan dengan waktu paling lama 60 detik. Pada hasil pengujian telah dapat membuktikan bahwa perubahan jumlah kendaraan pada setiap persimpangan menentukan lama waktu nyala lampu hijau pada persimpangan yang paling banyak digunakan. Sistem lampu lalu lintas yang dikendalikan dengan menggunakan Fuzzy Logic Control. -sistem yang dapat diterapkan dalam bahasa pemrograman yang dapat diterima oleh perangkat lunak (A).",ai
"SIMETRIS (Jurnal Teknik Mesin, Elektro dan Ilmu Komputer) UMK (IndoT5 Parafrase)",2017,"thermoelectric cooling (TEC) teknologi, ketika arus DC mengalir ke elemen peltier yang terdiri dari beberapa pasang sel semikonduktor tipe p dan tipe n, yang akan menyebabkan salah satu sisi elemen peptier menjadi dingin dan sisi lainnya menjadi panas, variasi selain tegangan juga menggunakan variasi kecepatan udara pada sisi dingin 1, 2 dan 3 m/s, hasil terbaik adalah 20 oC pada variasi dengan tegangan 12 V dan kecepatan 1 M/s.",ai
"SIMETRIS (Jurnal Teknik Mesin, Elektro dan Ilmu Komputer) UMK (IndoT5 Parafrase)",2017,"(1) Perhitungan anthropometri dapat ditentukan dengan daya motor 2,83 Kw atau 3 Hp, diameter puli sebesar 20 cm, sabuk kedua 61 inch, sabuk pertama 68 inch dan sabuk kedua 68 inchi, dengan bahan poros ST 42, tegangan tarik 420 N/mm2, bahan elektroda AWS 60xx, kekuatan tarik elektroda 3 mm, lebar las 40 mm dan factor keamanan sebesar N=3, kapasitas produksi, BEP dan total biaya hasil perkiraan adalah 39. 600 gram, yang akan digunakan operator, dan biaya keseluruhan biaya total biaya yang akan menjadi N= 3 , dan N= N= , , yang dihasilkan, dan nilai , untuk perhitungan, yang harus. , ukuran, dan , masing-masing.",ai
"SIMETRIS (Jurnal Teknik Mesin, Elektro dan Ilmu Komputer) UMK (IndoT5 Parafrase)",2017,", dengan memilih faktor kritis i = 2,953216, pada motor 1⁄4 Hp dan putara 1410 rpm, pulley dan v-belt dengan koefisien gesk sebesar μ= 0,3, maka putaran output poros yang diharapkan akan berkurang beberapa persen karena slip antara belt dan pulley, dan penurunan nilai ini akan terus bertambah dengan bertambahnya massa putaran yang dibawa, dan nilai tersebut akan terus meningkat dengan bertambahnya beban massa putar yang dibawa. , sehingga putaran tersebut akan bertambah dengan pertambahan massa yang dibawa dari motor tersebut. (2), dan jumlah ini akan semakin besar slip yang akan semakin kecil % , dan seterusnya %, dan , yang digunakan , ` `, yang dibawa ` _ , 0, , yaitu ; -.",ai
"SIMETRIS (Jurnal Teknik Mesin, Elektro dan Ilmu Komputer) UMK (IndoT5 Parafrase)",2017,"(1) Penelitian ini dilakukan di Rumah Pintar, dengan kurikulum sekolah anak berkebutuhan khusus, terutama tunagrahita dan autis, dengan metode pengenalan obyek yang digunakan pada perangkat mobile android, aplikasi ini menampilkan berbagai macam objek hewan, alat transportasi, buah dan sayur, dengan menggunakan aplikasi pengenalan objek tiga dimensi (3D), menarik dan interaktif, sehingga siswa akan lebih mudah untuk mengenali obyek, karena mereka memiliki kemampuan untuk menangkap informasi dan berkomunikasi di bawah rata-rata orang normal. dan untuk membuat aplikasi tersebut. - Sekolah Terpadu , untuk pembelajaran pengenalan objek yang relevansi anak autis yang tidak dapat digunakan oleh para siswa yang sesuai dengan cara yang tepat. dari mereka sendiri, dan guru dan sebagai dasar kelas 2 sekolah dasar, dan aplikasi yang disediakan oleh anak autisme yang berbeda. ` , dll , yang menarik ,.",ai
"SIMETRIS (Jurnal Teknik Mesin, Elektro dan Ilmu Komputer) UMK (IndoT5 Parafrase)",2017,"( 1 ) Penelitian ini merupakan kelanjutan dari penelitian sebelumnya, yaitu merancang program aplikasi pembelajaran IPA untuk siswa SDLB Bagian B Tunarungu dengan menggunakan Object Oriented Objective, setiap halaman aplikasi dibangun dengan konsep multimedia yang menggabungkan audio, visual, animasi, dan dilengkapi dengan bahasa isyarat, sehingga materi pembelajaran sistem pernapasan manusia dan hewan dapat dijelaskan secara rinci tahapan setiap proses yang terjadi di sistem tersebut. , dengan menggunakan Software Adobe Flash CS 6 Profesional Edition.",ai
"SIMETRIS (Jurnal Teknik Mesin, Elektro dan Ilmu Komputer) UMK (IndoT5 Parafrase)",2017,"`` Naïve bayes adalah metode klasifikasi analisi sentimen yang banyak digunakan karena ketangguhan, kesederhanaan dan akurasi yang tinggi dalam mengklasifikasi data. Pada penelitian ini menganalisis data dari twitter dengan pencarian merek mobil yang paling populer berdasarkan data dari Gabungan Industri Kendaraan Bermotor Indonesia (Gaikindo), sehingga data tersebut sekarang membentuk data yang sangat besar atau dikenal dengan ""Big Data"". dan sentimen yang netral 100%, sehingga dapat menganalisis data dengan tingkat akurasi yang besar. , dan sentimen yang sangat kuat. - , `s untuk menganalisis data yang besar pada data yang tinggi. ` yang tinggi dari data yang kuat.",ai
"SIMETRIS (Jurnal Teknik Mesin, Elektro dan Ilmu Komputer) UMK (IndoT5 Parafrase)",2017,"Inisiatif dan inisiatif pemuda panti, Panti Asuhan Darussalamah telah berdiri sejak tahun 2004 dan telah memiliki binaan 63 anak, dengan 30 anak laki-laki dan 33 anak perempuan. Dalam perkembangannya, Official website panti asuhan dapat mengatasi masalah dalam penyampaian informasi sosialisasi kegiatan panti asuhan, serta memberikan informasi yang up to date kepada alumni panti asuhan. Implementasi official panti asuhan ini dapat diakses melalui url http://yayasandarussalamah-elqudsy.",ai
"SIMETRIS (Jurnal Teknik Mesin, Elektro dan Ilmu Komputer) UMK (IndoT5 Parafrase)",2017,"(2) Tujuan dari penelitian ini adalah untuk mengetahui kinerja tampilan antarmuka dan masalah usability web, yang selanjutnya akan memberikan masukan dalam proses pengembangan web, dengan memberikan penugasan kepada responden untuk berinteraksi dengan halaman web dan menggunakan kuesioner. Hasil dari studi ini adalah bahwa implementasi menu/navigasi web tidak efektif pada pengguna perangkat mobile, hal ini dibuktikan dengan adanya perbedaan waktu rata-rata yang lebih lama antara pengguna perangkat seluler dan pengguna perangkat Desktop. (Teks dengan relevansi EEA), dan untuk mengetahui tingkat kemudahan, kenyamanan dan kepuasan pengguna ketika menggunakan website (3). 2 ( 1 ) (a) - (b) ) tujuan untuk tujuan dari sebuah web.",ai
"SIMETRIS (Jurnal Teknik Mesin, Elektro dan Ilmu Komputer) UMK (IndoT5 Parafrase)",2017,"68VHN) Hasil pengujian struktur mikro pada sprocket imitasi, struktur ferrit terbentuk dari proses pendinginan yang lambat dari austenit (baja Hypoeutectoid) dan memiliki konduktivitas panas yang tinggi, sehingga struktur mikro sementit senyawa besi karbon (Fe3C) bersifat lunak dan keras pada pendinginan lambat bentuk lamellar menjadi lebih keras setelah dilakukan carburizing, sehingga dapat meningkatkan kekerasan permukaan dengan cepat, dan struktur mikro ini bersifat lembut dan keras. , sedangkan pada penelitian ini, membentuk struktur mikro yang lebih keras , dan kekerasan yang lebih besar, - , , ` s `, dan n t - , seperti , yang kasar. -sifat keras, dan sifat yang lebih tinggi, yang lebih banyak digunakan dalam industri logam yang lebih kuat ; yang lebih baik (C) (c).",ai
"SIMETRIS (Jurnal Teknik Mesin, Elektro dan Ilmu Komputer) UMK (IndoT5 Parafrase)",2017,"(Uji Laju Korosi, Uji pH, Efisiensi Inhibitor, Uji O2 Terlarut) Penelitian ini bertujuan untuk mengetahui pengaruh inhibitor ekstrak rimpang jahe terhadap laju korosi internal pipa st 41 pada media air tanah, penurunan laju korosi paling rendah pada kosentrasi 30 ppm dengan laju korosi 1. 478 mm/yr pada pH 6. 96, daya efesiensi inhibitor menghasilkan 0. 315 % dan memiliki kandungan O2 terlarut yang kecil sebesar 2. 31 %, dengan penambahan inhibitor ekstrak Rimpang Jahe terhadap Laju Kotor Internal Pipaparan.",ai
"SIMETRIS (Jurnal Teknik Mesin, Elektro dan Ilmu Komputer) UMK (IndoT5 Parafrase)",2017,", bencana kebakaran dapat terjadi di mana saja dan kapan saja, dapat berupa suhu, kelembaban, bahan bakar kebakaran, titik api, dll. Dalam penelitian ini, data parameter kebakaran dikumpulkan oleh jaringan Wireless Sensor Network yang ditempatkan secara spesifik pada lokasi di dalam gedung, tetapi tidak semua parameter kebakaran akan digunakan karena semakin banyak parameter kebakaran yang digunakan akan menyebabkan beban komputasi meningkat, sehingga data parameter yang paling penting saja yang akan digunakan. , dan sebagai dasar untuk pencarian jalur evakuasi bencana kebakaran. - Atribut Kebakaran - Data Reduksi.",ai
"SIMETRIS (Jurnal Teknik Mesin, Elektro dan Ilmu Komputer) UMK (IndoT5 Parafrase)",2017,"(2) Penelitian ini mengupayakan perbaikan atas penelitian sebelumnya dengan melakukan substitusi metode menggunakan metode Weighted Product (WP) yang bertujuan untuk menyederhanakan beban pencari lulusan (pengambil keputusan) di mana pembobotan alternatif (rating kecocokan) dilakukan sendiri oleh mahasiswa calon lulusan sebagai calon alternatif, demikian pula dengan pembobotan preferensi yang dilakukan oleh pelamar lulusan sesuai dengan kriteria yang diinginkannya, dengan 13 kriteria dan 55 sub kriteria yang tersedia, pencari lulusan dapat menemukan sendiri lulusan berdasarkan kriteria yang mereka inginkan untuk melanjutkan ke proses perekrutan. - (3) (5) s dalam bentuk yang sesuai dengan cara yang relevansi (HP) ` untuk tujuan dari pada aplikasi yang sesuai kriteria yang sesuai ( ) yang sesuai untuk mencari.",ai
"SIMETRIS (Jurnal Teknik Mesin, Elektro dan Ilmu Komputer) UMK (IndoT5 Parafrase)",2017,"Di PT Telekomunikasi Indonesia (TELKOM) Kandatel Ungaran saat ini masih menggunakan sistem administrasi manual sehingga customer service mengalami kesulitan dalam mencari data, oleh karena itu perlu dirancang sistem pelanggan agar lebih praktis dan efisien dalam pencarian data. Sistem ini menggunakan metode SDLC (System Development Life Cycle) untuk menghasilkan sistem informasi yang akurat, tepat, dan relevan di PT TELKOM kandatel UNGARAN sebagai salah satu badan usaha yang bergerak di bidang jasa komunikasi.",ai
"SIMETRIS (Jurnal Teknik Mesin, Elektro dan Ilmu Komputer) UMK (IndoT5 Parafrase)",2017,"Digunakan metode Clasificassion dengan algoritma Decision Tree atau C4. 5, pada algoritma ini hasil penilaian yang digunakan untuk menentukan node sebagai kunci dalam menilai kelayakan mahasiswa yang drop out dilihat dari nilai Entropi dan Gain pada masing-masing attribute adalah 0. 3276, diikuti oleh semester 1. 1 dengan nilai GaIN sebesar 0. 0874, pada program studi Sistem Informasi Fakultas Ilmu Komputer Universitas Bina Darma, untuk memastikan bahwa mahasiswa dapat lulus tepat waktu sesuai dengan waktunya, untuk menjamin bahwa mahasiswa Program Studi Sistem Informatika, untuk tujuan untuk memberikan solusi dalam hal tersebut (C) (D), untuk (c) , pada ( ) untuk - , pada saat ini ,.",ai
"SIMETRIS (Jurnal Teknik Mesin, Elektro dan Ilmu Komputer) UMK (IndoT5 Parafrase)",2017,"(2) Perangkat analisis mutu pelayanan rumah sakit ini dirancang untuk membantu pihak manajemen/kepala rumah sakit dalam menghitung dan menentukan mutu pelayanan yang berstandar nasional, masyarakat atau juga calon pasien diuntungkan dengan mendapatkan informasi tentang kualitas mutu layanan rumah sakit. Pengembangan perangkat analisis ini diharapkan dapat menjadi fitur tambahan yang memudahkan pihak manajemen atau kepala rumah sakit untuk menghitung dan menetapkan mutu pelayanan Rumah Sakit. Mutu Pelayanan Rumah Sakit (MRS) yang memenuhi syarat. Masyarakat atau calon pasien juga diuntungkan dengan memperoleh informasi tentang mutu layanan sebuah rumah sakit.",ai
"SIMETRIS (Jurnal Teknik Mesin, Elektro dan Ilmu Komputer) UMK (IndoT5 Parafrase)",2017,"Geiger Muller yang digunakan dalam penelitian ini dengan perbedaan jari-jari window 13 mm, 18 mm, 20 mm, dan 20 mm memiliki tegangan operasional yang berbeda, karena perbedaan ukuran detektor, yaitu luas permukaan window detektor HR Muller, semakin besar atau lebih besar diameter detektor MR Muller maka semakin besar tegangan operasionalnya. Semakin banyak pancaran sumber radiasi yang terdeteksi, semakin tinggi frekuensi yang dihasilkan dari detektor IR Muller. , maka semakin tinggi tingkat radiasi yang ditangkap. 1000V , semakin banyak radiasi yang diterima. ` Perbedaan hasil dari s -.",ai
"SIMETRIS (Jurnal Teknik Mesin, Elektro dan Ilmu Komputer) UMK (IndoT5 Parafrase)",2017,"Sniffing adalah salah satu teknologi yang terus berkembang dan dengan berbagai macam model kejahatan, sebagai contoh adalah email dan munculnya platform baru yang disebut Android yang digunakan pada smartphone, yang dapat mengenkripsi sebagian atau semua isi E-mail yang dikirim dan dapat mendeskripsi kembali seperti semula menggunakan algoritma Blowfish dengan kunci tertentu. (XP) untuk menerapkan fungsi enkripsi dan dekripsi dalam versi aplikasi berbasis Android yang memiliki fitur keamanan data yang tinggi dan cukup kuat untuk melindungi data dari satu orang ke orang lain. bagian kuncinya tidak mudah diserang oleh pihak lain. jenis kejahatan informasi yang lain ` `. ` _ - model kejahatan yang lain.",ai
"SIMETRIS (Jurnal Teknik Mesin, Elektro dan Ilmu Komputer) UMK (IndoT5 Parafrase)",2017,"Ini dioperasikan dengan motor listrik 1. 000 watt, pompa press 10 ton dan pemanas 40-200 oC, mesin pengurai berfungsi untuk memisahkan serat pulp menjadi serat yang terurai secara individu, dan mesin pengaduk berfungsi untuk mengaduk atau mencampur filamen serat pulp dengan bahan aditif pengikat, mesin pembuat kampas rem dioperasikan semi otomatis dengan konsumsi listrik 3. 000 Watt, dan pengatur kecepatan putaran (rpm) dan pengatur daya tekan. - Mesin pembuat rem cakram dapat menghasilkan 10-15 specimen per jam. (pembuatan) - mesin pembuat Kampa , dan penga, dan pengencangan, dan pemanas, dan pengukur. /jam, dan rem cakram, dan cakram, dll , yang dihasilkan dari mesin pembuatnya.",ai
"SIMETRIS (Jurnal Teknik Mesin, Elektro dan Ilmu Komputer) UMK (IndoT5 Parafrase)",2017,"(1) Pengujian impak dilakukan untuk mengetahui ketangguhan impak dan struktur mikro hasil coran dengan menggunakan cetakan pasir, bahan penelitian ini adalah paduan aluminium dari scrap aluminium, kemudian dilumuri dan dituang ke dalam cetakan dengan variasi suhu tuang dari 660 °C, 700 °C dan 740 °C. Struktur mikro yang dihasilkan dari paduan aluminium coran secara umum memiliki bentuk struktur mikro berupa dendrite structured structure (DEN).",ai
"SIMETRIS (Jurnal Teknik Mesin, Elektro dan Ilmu Komputer) UMK (IndoT5 Parafrase)",2017,"(Boiler Feed Water Pump) dengan 6 buah/tingkat baling-baling (impeller) dan dihubungkan dengan kopling menggunakan penggerak awal turbin uap, yang memiliki kecepatan kritis 2750 CPM dengan kekakuan bearing 1x106 lbf/inchi pada mode 1. 7 akan terjadi penyimpangan amplitudo yang besar pada putaran 6000 RPM, diimbangi dengan bantalan hidrostatik (Unbalance response) dari kedua ujung poros, dan pada mode No. 7 akan terjadi konvergensi amplitudo yang tinggi. pada mode 1:7 akan menghasilkan amplitudo yang sangat tinggi (V) - rotor - rotor s - rotor.",ai
"SIMETRIS (Jurnal Teknik Mesin, Elektro dan Ilmu Komputer) UMK (IndoT5 Parafrase)",2017,"Katalog pengelolaan skripsi pada Program Studi Teknik Informatika masih manual, selain dokumen sulit di temukan keberadaannya dan dokumen dapat tersebar di beberapa file, selain itu kebutuhan data dan informasi yang lengkap terkait dengan hasil penjadwalan ujian, pembimbingan skripsi dan seminar, aplikasi yang dikembangkan sesuai dengan kebutuhan pengguna (program studi), hasil penelitian ini adalah prototipe katalog skripsi yang digunakan untuk mengelola data yang berkaitan dengan jadwal ujian, bimbingan dan seminar proposal, sehingga data disimpan dengan lebih baik di Program studi Teknik Informatika. , dan terkelola dengan baik. - Sistem ini dirancang untuk tujuan program studi Teknik - Program Studi - program studi - Program studi.",ai
"SIMETRIS (Jurnal Teknik Mesin, Elektro dan Ilmu Komputer) UMK (IndoT5 Parafrase)",2017,"SISTEM INFORMASI KOPERASI RIAS adalah sistem yang memproses data anggota, simpanan dan peminjam, sehingga data yang disimpan harus dijaga kerahasiaannya. Sistem Informasi Koperasi Rias dibangun menggunakan bahasa pemrograman php dan database menggunakan MySQL untuk memudahkan proses enkripsi dan dekripsi pada database yang jumlah datanya sangat banyak. , maka kunci publik yang digunakan pada sistem informasi koperasi RIAS dimasukkan ke dalam source code.",ai
"SIMETRIS (Jurnal Teknik Mesin, Elektro dan Ilmu Komputer) UMK (IndoT5 Parafrase)",2017,"(a) Tujuan dari penelitian ini adalah untuk mengembangkan sistem yang dapat memberikan rekomendasi kepada calon jamaah dalam memilih biro perjalanan haji dan umrah yang akan digunakan secara online, dengan menggunakan bahasa pemrograman PHP dan MySql sebagai database engine, dengan Simple Additive Weighting sebagai metode untuk mencari alternatif terbaik berdasarkan kriteria yang telah ditentukan, serta menjadi media promosi bagi perusahaan Biro Perjalanan Haji dan Umrah yang telah terdaftar di dalamnya. , dan dapat diakses secara online oleh calon jamaah, dengan tujuan untuk membantu calon jamaah dalam pemilihan biro perjalanan mereka sendiri, dan sebagai sarana dan sebagai berikut ini. - Sistem ini, yang lebih baik untuk tujuan untuk mempromosikan perusahaan biro perjalanan yang sesuai dengan cara yang sesuai. layanan yang tepat waktu dan untuk melakukan perjalanan yang relevansi yang sesuai untuk tujuan tersebut , masing-masing- , untuk tujuan yang disediakan oleh perusahaan yang telah dibuat untuk tujuan tertentu untuk tujuan mereka yang telah ditetapkan oleh yang relevant yang diperlukan untuk tujuan.",ai
"SIMETRIS (Jurnal Teknik Mesin, Elektro dan Ilmu Komputer) UMK (IndoT5 Parafrase)",2017,"(1) Game edukasi untuk anak usia dini yang terdiri dari pengenalan angka dan huruf merupakan pengembangan dan pengenalan huruf dan angka untuk anak-anak usia dini, dengan menggunakan model waterfall dan bahasa pemodelan menggunakan UML (Universal Modelling Literacy). Implementasi penelitian ini menghasilkan sebuah aplikasi game edukasi berbasis Android yang sangat bermanfaat bagi kalangan anak, selain menempuh pendidikan formal di sekolah, mereka berada pada masa pertumbuhan dan perkembangan yang paling cepat secara fisik dan mental. , dan mengubah pola belajar agar tidak jenuh. Anak-anak dapat belajar sambil bermain dengan menggunakan aplikasi ini. - anak-di bawah usia dini.",ai
"SIMETRIS (Jurnal Teknik Mesin, Elektro dan Ilmu Komputer) UMK (IndoT5 Parafrase)",2017,"Ini adalah ruang bawah tanah di mana seismometer dioperasikan, suhu, kelembaban udara, dan arus dan tegangan merupakan salah satu faktor yang dapat mempengaruhi kinerja Seismometer. Monitoring dan kontrol terhadap faktor-faktor ini menggunakan sensor SHT11 dengan kontrol ruang bunker menggunakan kipas DC, pengukuran arus dan tahanan menggunakan sensor ACS712, sensor tegangan yang dikontrol berdasarkan waktu pada Real Time Clock, dan ditampilkan pada layar LCD. Pengujian sistem dilakukan dalam ruang bunkker seismometer Sekolah Tinggi Meteorologi Klimatologi dan Geofisika.",ai
"SIMETRIS (Jurnal Teknik Mesin, Elektro dan Ilmu Komputer) UMK (IndoT5 Parafrase)",2017,"(1) Penelitian ini menggunakan metode elemen hingga yang dimana pada poros uji spesimen ini mendapatkan momen torsi dan tekanan pada saat pengujian yang memungkinkan terjadinya kegagalan, poros spesimen uji divariasikan secara teotitis, kemudian dilakukan simulasi dengan menggunakan perangkat Autodesk Inventor 2015 dengan variabel beban sebesar 30 N, 40 N, 50 N, serta variabel putaran 500 RPM, 1000 RPM dan 1500 RPM. , Poros spesimen uji dinyatakan aman karena nilai tegangan per safety factor dari poros spesimen tersebut adalah 30N, 40N, 50N), dan 1500.",ai
"SIMETRIS (Jurnal Teknik Mesin, Elektro dan Ilmu Komputer) UMK (IndoT5 Parafrase)",2017,"aluminium memiliki rasio kekuatan terhadap massa yang paling tinggi, sehingga banyak digunakan sebagai bahan komponen mesin, misalkan gesekan pada piston rem yang merupakan komponen penggerak sistem kerja rem hidrolis, dan waktu 60 menit, setiap 10 menit dilakukan pengukuran keausan pada spesimen, dengan laju rata-rata 0,000466 mm3/N. m, sedangkan kecepatan tanpa pelumasan lebih besar dari kecepatan tanpa oli pada spesimen. , dan laju tanpa pelumas lebih tinggi dari laju tanpa oli. (m) dari pengikisan permukaan komponen. oleh karena itu, dan tidak ada pada spesimen yang lebih tinggi.",ai
"SIMETRIS (Jurnal Teknik Mesin, Elektro dan Ilmu Komputer) UMK (IndoT5 Parafrase)",2017,"Ini menjelaskan hubungan faktor-faktor yang mempengaruhi adopsi e-commerce oleh usaha kecil dan menengah (UKM) yang memiliki kemampuan dan fasilitas yang memadai dengan model UTAUT di Padurenan, Kabupaten Kudus, menunjukkan bahwa tidak ada niat dan keyakinan yang kuat untuk memanfaatkan e-niaga secara optimal, kurangnya faktor pengaruh sosial dari komunitas UKM, serta kurangnya dukungan sarana dan sarana dan tenaga ahli dari pihak yang berwenang untuk UKM terkait. , yang berdampak pada kurang majunya perkembangan usaha. dalam hal ini, bahwa mereka tidak dapat memanfaatkan secara optimal.",ai
"SIMETRIS (Jurnal Teknik Mesin, Elektro dan Ilmu Komputer) UMK (IndoT5 Parafrase)",2017,"`` 3D hologram pengenalan alat transportasi adalah hologram 3D tentang pengenalan transportasi, yang dapat berupa transportasi darat, udara dan laut. Alat transportasi tersebut antara lain adalah : mobil, sepeda motor, bus umum, taksi, sepeda, beko, pesawat terbang, kapal laut, dan lain-lain. Dari hasil pengujian ditemukan bahwa ""3D Hologram Pengenalan Alat Transportasi"" mampu memberikan informasi dan pengetahuan kepada pengguna transportasi di Indonesia.",ai
"SIMETRIS (Jurnal Teknik Mesin, Elektro dan Ilmu Komputer) UMK (IndoT5 Parafrase)",2017,"Pengenalan metamorfosa kupu-kupu Indonesia yang digunakan masih menggunakan media berupa gambar yang terdapat di buku-buku, hal ini dinilai kurang efektif karena hanya dapat dilihat pada gambar mati dan terkesan kaku kurang menarik, tetapi dengan menggunakan teknologi animasi diharapkan dapat lebih menarik, modern dan lebih mudah mendapatkan informasi dalam proses pembelajaran. Animasi ini dibangun dengan menggunakan Adobe Flash sebagai media desainnya. - Animasi ini dibuat dengan menggunakan adobe flash sebagai media pengembangan multimedia.",ai
"SIMETRIS (Jurnal Teknik Mesin, Elektro dan Ilmu Komputer) UMK (IndoT5 Parafrase)",2017,"Ini adalah sistem operasi yang sangat di gemari oleh masyarakat akhir-akhir ini, rumah makan adalah tempat untuk menikmati hidangan, dua hal tersebut sangat berbeda jauh untuk sebuah pengertian tetapi jika digabungkan menjadi sebuah sistem informasi dapat mempermudah masyarakat, yaitu sebuah aplikasi berbasis android untuk mencari rumah makan terdekat dan yang di inginkan di Indonesia.",ai
"SIMETRIS (Jurnal Teknik Mesin, Elektro dan Ilmu Komputer) UMK (IndoT5 Parafrase)",2017,"Untuk mengatasi hal ini, penggunaan data mining yang dikenal sebagai Knowledge Discovery in Database (KDD) adalah pendekatan yang biasa digunakan untuk memperoleh dan menggali pola belanja pelanggan, terutama pola belanja pada produk yang biasanya dibeli bersamaan, penelitian ini akan menguji kevalidan dan kecepatan algortima Self Organizing Map (SOM) dan K-Medoids, jika dikombinasikan dengan FP-Growth (FP) yang tidak tepat dan efektif. , dan kecepatan pola belanja konsumen yang tidak akurat harus dilakukan.",ai
"SIMETRIS (Jurnal Teknik Mesin, Elektro dan Ilmu Komputer) UMK (IndoT5 Parafrase)",2017,"TIK adalah salah satu lembaga teknis daerah dengan fungsi utama mengembangkan pariwisata untuk memperoleh manfaat ekonomi dan sosial dari kegiatan pariwisata, sistem informasi berbasis teknologi informasi harus dirancang agar dapat memberikan gambaran tentang sistem informasi yang diperlukan untuk mendukung proses bisnis dinas. Perencanaan ini menggunakan model EAP yang mendefinisikan kebutuhan bisnis dan arsitekturnya. aplikasi yang diperlukan dalam sistem informasi adalah website pariwisata, aplikasi keuangan, aplikasi HRD dan aplikasi pengawasan dan evaluasi.",ai
"SIMETRIS (Jurnal Teknik Mesin, Elektro dan Ilmu Komputer) UMK (IndoT5 Parafrase)",2017,"( 1 ) Dengan metode pengembangan multimedia yang dikembangkan oleh Sutopo, konsep, desain, material collecting, assembly, testing dan distribusi, animasi akan dibangun dimulai dari pengonsepan animasi sampai pada akhirnya animasi akan didisbrusikan kepada masyarakat umum yang membutuhkan, aplikasi yang akan didistribusikan berupa aplikasi jadi yang berisi animasi 3D hologram barang-barang mebel yang telah ditentukan, yang akan menampilkan bentuk barang yang menyerupai bentuk aslinya, yang merupakan contoh perkembangan teknologi yang masih baru saat ini. , dimana aplikasi tersebut akan berisi animasi barang yang telah ditetapkan dalam aplikasi yang telah dibuat sebagai aplikasi yang sudah ditentukan , yang telah , dengan cara yang telah dikembangkan, yang sesuai dengan metode pengembangan.",ai
"SIMETRIS (Jurnal Teknik Mesin, Elektro dan Ilmu Komputer) UMK (IndoT5 Parafrase)",2017,"`` Pencarian pada database yang biasa dilakukan oleh mahasiswa hanya mampu mencari judul yang sesuai berdasarkan kata kunci yang diinputkan, misalnya, jika keyword yang dimasukkan adalah ""sistem cerdas"" , maka akan ditampilkan semua dokumen yang mengandung kata kunci ""sistem pintar"" tetapi dapat mewakili query tersebut, sistem tidak dapat mengukur mana dokumen yang paling mirip. Dari hasil pengujian terlihat bahwa ketika kata kunci tersebut adalah ""Sistem Cerdas"" , ia akan menampilkan empat dokumen yang diurutkan sesuai tingkat kemiripannya, yaitu 0. 9512, 2 8 dengan tingkat kemiripan yang mirip - untuk menemukan kemiripannya dari yang relevansi dan kemiripannya masing-term 1. ` `; : _ `.",ai
"SIMETRIS (Jurnal Teknik Mesin, Elektro dan Ilmu Komputer) UMK (IndoT5 Parafrase)",2017,"Di dunia industri dan masyarakat biasa, teknologi yang ada saat ini sangat berkembang pesat, dengan menggunakan dua mode, yaitu mode manual dan mode otomatis, dengan perincian cara pengendalian pada masing-masing beban, pertama untuk lampu pada kondisi otomatis akan menggunakan LDR sehingga tidak perlu menyalakan lampu pada malam hari dan mematikan lampu pada siang hari. Pada sistem ini, tingkat efisiensi 53% lebih tinggi dibandingkan dengan tidak menggunakan sistem smart home. Sistem ini dapat melakukan kontrol menggunakan remote sejauh 90 meter. dan tidak menggunakan Smart Home System, dan kedua untuk manual. - Sistem ini, dan secara manualnya, sistem ini adalah sebagai berikut ini. - sistem ini bekerja dengan cara kerja.",ai
"SIMETRIS (Jurnal Teknik Mesin, Elektro dan Ilmu Komputer) UMK (IndoT5 Parafrase)",2017,", Radio Suara Kudus adalah radio siaran milik pemerintah yang pengelolaan iklannya belum menggunakan sistem penjadwalan terintegrasi, sehingga memungkinkan setiap bagian untuk berkoordinasi mengenai jadwal iklan dan waktu yang diperlukan untuk memutar iklan tersebut secara langsung tanpa mencari ke file lain, sehingga mampu meningkatkan efektivitas dan efisiensi produksi siaran dan kinerja khususnya untuk penjadwaan iklan yang masuk. , dan dapat dengan mudah melihat semua jadwal iklan dalam setiap siaran, sehingga dapat menampung banyak iklan di setiap siaran. dari satu file ke file lainnya. - peningkatan efisiensi dan kinerja yang lain - hasil dari yang lain yang terkait dengan cara yang lain. (yang lain) , yang lain untuk tujuan untuk mengelola iklan yang lain , untuk mengatur iklan yang lebih lama.",ai
"SIMETRIS (Jurnal Teknik Mesin, Elektro dan Ilmu Komputer) UMK (IndoT5 Parafrase)",2017,"(2) Penelitian ini bertujuan untuk mengetahui sejauh mana kinerja sistem informasi pembelajaran, yaitu e-learning sebagai layanan publik, telah diterapkan pada UNISNU jepara, dan memberikan rekomendasi tata kelola perbaikan setelah mengetahui kesenjangan antara tata kelola saat ini dan tata kelola yang diharapkan sesuai dengan framework yang digunakan, yaitu pada level 4, yang berarti sudah terukur dan terintegrasi antar proses yang sedang berlangsung, dan analisis GAP antara kondisi yang diharapkan dan kondisi saat ini rata-rata sebesar 0,6. , dan tingkat kematangan (maturity level) dalam kaitannya dengan domain DS, dan pemetaan tingkat kematangan, dan pencegahan atau kerugian dapat dihindari atau kerugian tersebut, dan pengendalian yang akan dilakukan oleh Sistem Informasi (DS) , , yang bersangkutan, dan , untuk tujuan yang relevansi , di bidang yang bersangkutan.",ai
"SIMETRIS (Jurnal Teknik Mesin, Elektro dan Ilmu Komputer) UMK (IndoT5 Parafrase)",2017,"Di dalam pengolahan citra, perbaikan kontras yang pada dasarnya biasa digunakan untuk memunculkan bagian-bagian yang tidak terlihat (hidden feature) pada citra, hasil citra dari rontgen yang tidak selalu memiliki kualitas citra yang baik, seperti halnya hasil citra x-ray yang terlalu gelap atau ada bagian tulang yang terlihat samar, menjelaskan bahwa metode Contrast Limited Adaptive Histogram Equalization lebih baik dibandingkan dengan metode Histrogram Equalisasi dan metode adaptive histogram equalization adalah lebih baik daripada metode Adaptif Error - teknik peningkatan citra ini menunjukkan bahwa.",ai
"SIMETRIS (Jurnal Teknik Mesin, Elektro dan Ilmu Komputer) UMK (IndoT5 Parafrase)",2017,"Untuk melestarikan beberapa warisan budaya Indonesia, dalam hal ini, Batik Indonesia, Keripik Indonesia dan Batik Indonesia adalah salah satunya, maka perlu adanya pendokumentasian motif Batik agar tidak hilang ciri khasnya. Motif Batik dapat didokumentasikan dalam bentuk gambar atau citra, sehingga hasil deteksi tepi dapat ditingkatkan dengan menggunakan metode mathematical morphology. Hasil deteksi tepi menunjukkan bahwa deteksi tepi metode canny lebih baik dibandingkan dengan metode deteksi tepi lainnya. - Dilation dapat meningkatkan hasil pendeteksian tepi dengan menggunakan dilation. (Teks dengan relevansi EESC) ( T (t budaya yang relevansi ) s , -.",ai
"SIMETRIS (Jurnal Teknik Mesin, Elektro dan Ilmu Komputer) UMK (IndoT5 Parafrase)",2017,"Untuk membantu pemerintah mengurangi pungutan liar (Pungli), khususnya di Kabupaten Kudus, ALPUKAT adalah sistem aplikasi pengaduan masyarakat berbasis Android yang berfungsi untuk melaporkan terjadinya pungli di kabupaten kudus, dikembangkan dengan metode UML (Unified Modeling Learning). Keunggulan aplikasi ini sudah menggunakan teknologi GIS (Geographic Information System).",ai
"SIMETRIS (Jurnal Teknik Mesin, Elektro dan Ilmu Komputer) UMK (IndoT5 Parafrase)",2017,"MIK ABC ingin meningkatkan kinerja layanan kepada mahasiswa dengan terlebih dahulu melakukan pengukuran kinerja layanan dari perspektif mahasiswa dan pandangan eksternal terhadap institusi melalui sistem kuesioner. Aplikasi TI dan SI, yang merupakan salah satu penopang utama layanan institusi kepada mahasiswa diidentifikasi untuk memperjelas tindakan apa yang diperlukan untuk mengoptimalkan fungsi aplikasi TI dan Sistem Informasi. Hasil dari pengukuran dan identifikasi akan memberikan rancangan optimalisasi aplikasi TI atau Sistem Informasi, diharapkan dapat meningkatkan peran aplikasi IT dan SI dalam meningkatkan kinerja Layanan dan meningkatkan daya saing AMIK ABC.",ai
"SIMETRIS (Jurnal Teknik Mesin, Elektro dan Ilmu Komputer) UMK (IndoT5 Parafrase)",2017,"`` Media sosial memang bukanlah hal baru dalam dunia modern saat ini, mulai dari Facebook, Twitter, Path, instagram, dan lain-lain, tetapi media sosial saat ini telah bertransformasi menjadi kekuatan baru dalam ekonomi di mana kita dapat memangkas biaya pemasaran tanpa mengurangi pemasukan, bahkan pemasaran bisa lebih efektif. Tujuan dari makalah ini adalah untuk mengetahui seberapa besar fungsi media sosial khususnya Facebook dalam perkembangan e-commerce di Indonesia. ( 1 ) , khususnya.",ai
"SIMETRIS (Jurnal Teknik Mesin, Elektro dan Ilmu Komputer) UMK (IndoT5 Parafrase)",2017,"(Pengujian Kendaraan Bermotor) adalah UPTD (Unit Pelaksana Teknis Daerah) yang menguji kendaraan bermotor, berdasarkan Peraturan Mentri 133 tahun 2015, yang merupakan salah satu komponen penting dalam upaya peningkatan ekonomi dan keselamatan masyarakat, dengan menguji seluruh kendaraan angkutan barang dan angkutan orang, dengan menggunakan kategori untuk laporan dengan mengimplementasikan Dashboard Business Intellegence. Hasil dari penelitian ini adalah memberikan solusi alternatif bagi KA UPTd untuk lebih cepat merespons kegiatan yang ada di bidang pengujian kendaraan dan untuk mengurangi human eror dalam pengujian kendaraan bermotor di Dinas Perhubungan Kabupaten Barat (Tek) (PK). () yang bertanggung jawab untuk tujuan (U) yang melakukan pengujian kendaraan) , yang relevansi ( ) 2015 yang bersangkutan untuk tujuan yang bersangkutan.",ai
"SIMETRIS (Jurnal Teknik Mesin, Elektro dan Ilmu Komputer) UMK (IndoT5 Parafrase)",2017,"Untuk mengetahui harmonisasi dan pengaruhnya terhadap peningkatan suhu pada transformator distribusi 1000 kVA yang terdapat di area Politeknik Enjinering Indorama, perlu dilakukan pengukuran harmonisa pada sistem distribusi tenaga listrik dalam keadaan berbeban, dengan cara mengukur harmonisasi pada transformer distribusi dalam keadaan beban. Pembebanannya sesuai dengan beban operasional untuk melaksanakan kegiatan akademik dan admistratif serta laboratorium. ) , yang merupakan bagian penting dari operasi transformators. , dan harus segera ditangani. - (Teks dengan tujuan ini (A) (B).",ai
"SIMETRIS (Jurnal Teknik Mesin, Elektro dan Ilmu Komputer) UMK (IndoT5 Parafrase)",2017,"Untuk meningkatkan imperceptibility ke tingkat yang lebih tinggi, beberapa algoritma watermarking yang dikenal baik pada domain spasial, salah satunya adalah Least Significant Bit (LSB) yang diketahui telah diimplementasikan pada steganografi dan kriptografi, menghasilkan nilai MSE yang mendekati 0, sedangkan pada LSB-Canny diperoleh nilai mSE tertinggi 75,6510 dB. Perbedaan yang cukup jauh tersebut disebabkan oleh penentuan lokasi embedding yang dilakukan oleh Canny, dengan demikian tidak mengubah persepsi citra yang diproses. ls LS yang terbaik, yaitu , , yang lebih baik, perbedaan yang lebih besar. kualitas citra yang lebih rendah, citra yang tinggi, yaitu citra yang paling banyak citra yang sama. data yang lebih banyak s.",ai
"SIMETRIS (Jurnal Teknik Mesin, Elektro dan Ilmu Komputer) UMK (IndoT5 Parafrase)",2017,"mempresentasikan evaluasi kinerja tungku anil (annealing furnace), karena sebagian besar cacat produk berasal dari proses anil, kontrol proses statistik menggunakan skema EWMA dan CUSUM (faktor pembobotan l = 0,6) mampu mendeteksi penyimpangan proses yang lebih besar (diverifikasi dengan hasil inspeksi) dari grafik kendali Cusum, sehingga sistem EWma lebih cocok digunakan untuk produksi aluminium aluminium dengan sistem batch (rolling), sehingga perlu dilakukan perbaikan sistem isolasi termal. (BTC), yang lebih cocok untuk pembuatan aluminium ( BTC) (Cus) s dari proses (proses ). Aluminium (D) ` (P) , (T) a).",ai
"SIMETRIS (Jurnal Teknik Mesin, Elektro dan Ilmu Komputer) UMK (IndoT5 Parafrase)",2017,"Untuk membantu dosen dalam kegiatan praktikum yang ada di STMIK Amikom, setiap anggota masih kuliah sambil mengambil jadwal asisten setiap harinya, teori graf sangat membantu untuk membuat sistem penjadwalan, diharapkan teori ini dapat menjawab pertanyaan tentang penganturan jadwal kuliah dan jadwal asisten yang dilakukan oleh anggota Forum Asisten di STIK Amikom -Purwosari.",ai
"SIMETRIS (Jurnal Teknik Mesin, Elektro dan Ilmu Komputer) UMK (IndoT5 Parafrase)",2017,"( 1 ) Berdasarkan hasil analisis, kebutuhan sistem pengguna dan fasilitas yang dibutuhkan oleh perangkat lunak dapat ditingkatkan dan informasi yang dibutuhkan masing-masing bagian dihasilkan secara tepat, cepat dan akurat, sehingga dapat mendukung kelancaran operasi pengolahan data pada PDAM Kota Tegal. Sistem yang dikembangkan ini memiliki kelebihan untuk meningkatkan kinerja setiap bagian, dan untuk memastikan bahwa pelanggan menerima informasi tepat waktu dan tidak terlambat dalam pembayaran tagihan. , dan juga untuk memastikan ketepatan waktu dalam pembayaran. rekening air bersih di wilayah Kota tegal. harus datang ke kantor PDAM, dan pelanggan harus membayar tagihan mereka harus terlambat dalam hal ini , proses yang diperlukan untuk tujuan dari sistem yang diperlukan oleh sistem yang disediakan oleh sistem tersebut akan digunakan oleh pelanggan. prosedur yang sesuai dengan cara kerja yang efisien, dan proses yang tepat. : , dll , sebagai berikut , khususnya. /proses yang tepat waktu , karena , , atau keterlambatan.",ai
"SIMETRIS (Jurnal Teknik Mesin, Elektro dan Ilmu Komputer) UMK (IndoT5 Parafrase)",2017,", oleh karena itu perlu adanya sistem yang dapat menginformasikan secara langsung melalui internet dengan menggunakan teknologi IoT yang akan mengirim data melalui web dan media komunikasi sms dan telepon dengan SIM 900 untuk mengurangi kerugian akibat kebakaran karena informasi kebakaran dapat di ketahui secara cepat oleh petugas di lapangan. Dengan memakai Arduino yang terhubung dengan sensor suhu, asap,api dan suhu yang akan mengirimkan data melalui IoT sehingga informasi kebakaran tidak terlambat lagi karena petugas di lokasi dapat mengetahui informasi kebakaran.",ai
"SIMETRIS (Jurnal Teknik Mesin, Elektro dan Ilmu Komputer) UMK (IndoT5 Parafrase)",2017,"sorgum saat ini sudah menjadi penelitian unggulan Universitas WIJAYA KUSUMA dengan menjadikan Universitas sebagai pusat penelitian dan pengembangan Sorgum, untuk mempromosikan penelitian yang dilakukan, kerjasama yang telah dilakukan dalam pengembangan sorgin, Institut yang dimiliki Universitas untuk mengembangkan kewirausahaan sorgium, dan sebagainya. promosi produk olahan yang dibuat dari sorgem, dan seterusnya. ( 1 ) OJ L 201, 30.",ai
"SIMETRIS (Jurnal Teknik Mesin, Elektro dan Ilmu Komputer) UMK (IndoT5 Parafrase)",2017,"(OTP) dipilih sebagai teknik untuk mengamankan data, khususnya data gambar, dengan menggunakan OTP-Chaotic Sequences, memiliki nilai PSNR tertinggi yang dihasilkan oleh algoritma OTP pada paper pembanding, sedangkan lama waktu proses hampir sama antara OTP dan OTP - Chaotic sequences. Pada eksperimen tersebut, gambar yang telah kami uji coba adalah 5 gambar grayscale berukuran 256x256 piksel, sedangkan pada eksperimen dengan kombinasi OTP/CHaotic Sequences kami yaitu 9,26 dB, sehingga perlu adanya algoritma lain yang dapat membantu menganya, masing-gambar. , yang telah digunakan, yang berbeda, yang akan ada, , dan , yaitu ,. _ , dimana , di mana, dan waktu yang sama, yang lebih baik , tetapi tidak , seperti itu, yang lain, yang dapat ditemukan. : , dalam kasus yang telah diketahui.",ai
"SIMETRIS (Jurnal Teknik Mesin, Elektro dan Ilmu Komputer) UMK (IndoT5 Parafrase)",2017,"Di PT Indonesia Power Sub Unit Pembangkit Listrik Tenaga Air (KwH), derajat keanggotaan (mf), bobot (w) dan konsekuen parameter (c), output yang diperoleh adalah keluaran dengan performansi optimal pada saat pembangkitan energi listrik menggunakan 2 kelompok input, yaitu FIS (Fisical Inference System) dan NN (Neuro Fuzzy), dengan nilai rata-rata 0. 377970875 dari output yang dihasilkan dari pembangkit listrik tenaga air yang digunakan di pembangkit listrik untuk penggunaan sendiri. - Pembangkit Listrik - Unit (A) ) (a), ), dan pembangkit listrik , (M), dll (n ) - ( c) s (d) `.",ai
"SIMETRIS (Jurnal Teknik Mesin, Elektro dan Ilmu Komputer) UMK (IndoT5 Parafrase)",2017,"(2) Pengembangan aplikasi game ini menggunakan metodologi analisa terhadap anak disleksia dan diskalkulia, kemudian mencari konsep game yang cocok untuk anak di bawah usia lima tahun dan dapat membedakan huruf dan angka tertentu, yang menurut mereka sulit untuk dihafalkan, dan yang terakhir adalah membangun perangkat dan testing untuk kelayakan game. Aplikasi game yang berhasil dibuat diberi nama ""Two Dis"". Dari masalah ini, aplikasi game yang telah berhasil dibuat memiliki tujuan untuk menjadi terapi dan media pembelajaran baru untuk kedua gangguan tersebut, dan tidak adanya media bermain game. - aplikasi game dari aplikasi gameplayer pada dalam kesulitan membaca dan kesulitan berhitung ` dengan metode bermain game. _ * sebagai berikut -untuk anak- tentang mereka. , dll ; untuk permainan. nya , aplikasi bahwa aplikasi.",ai
"SIMETRIS (Jurnal Teknik Mesin, Elektro dan Ilmu Komputer) UMK (IndoT5 Parafrase)",2017,"(1) Metodologi penelitian menggunakan metodologi berorientasi objek untuk tahapan analisa dan perancangannya, dan alat bantu/tools yang digunakan menggunakan diagram unifield modeling linguistic (UML), sehingga pada saat laporan yang dibutuhkan pada saat proyek berjalan membutuhkan waktu yang agak lama untuk menemukan informasi yang diinginkan, berdasarkan masalah tersebut, sistem informasi yang terkomputerisasi dapat menjadi solusi untuk mengatasi masalah yang terjadi. , dengan tujuan untuk menyelesaikan masalah yang ada, untuk segera diselesaikan. (Teks dengan relevansi EEA) dalam hal ini, dengan demikian, untuk penyelesaian masalah yang tepat waktu yang diperlukan.",ai
"SIMETRIS (Jurnal Teknik Mesin, Elektro dan Ilmu Komputer) UMK (IndoT5 Parafrase)",2017,"Ini menggunakan metode Analytical Heirarchy Process (AHP) yang dapat menghasilkan output berupa perangkingan yang dihitung berdasarkan input dan nilai bobot, yang dapat disesuaikan dengan penentuan kriteria yang akan diterapkan. Hasil dari penelitian ini berupa aplikasi yang dapat menentukan kualitas biji kopi dengan input kadar air, cacat biji, dan ketinggian lahan dengan menggunakan metode AHP.",ai
"SIMETRIS (Jurnal Teknik Mesin, Elektro dan Ilmu Komputer) UMK (IndoT5 Parafrase)",2017,"(3PL) PT Apac Inti Corpora saat ini memiliki 12 3PL yang bekerja sama dalam pengiriman lokal, tetapi sejauh ini tidak ada metode penilaian khusus untuk mengevaluasi kinerja 3PL tersebut, dan metode TOPSIS dapat menentukan kategori kinerja masing-masing 3PL, yang selanjutnya dapat ditindaklanjuti oleh PT AIC sesuai dengan kategori penilaian yang diperoleh, berdasarkan hasil skor dan rating keseluruhan, yang merupakan kategori penilaian kinerja yang optimal untuk perusahaan, dengan memperhatikan kriteria yang ditetapkan dalam penilaian kinerja, yang membutuhkan peningkatan. kualitas layanan, dan kualitas layanan. - Mitra , yang harus , untuk tujuan yang diperlukan. , yang perlu meningkatkan layanan , sebagai berikut , , pada tingkat kepentingan yang relevansi, dan penilaian kinerja , bahwa , tingkat kepentingan PL PL yang akan digunakan dalam hal- untuk tujuan `. 2 dari mereka ; yang bersangkutan.",ai
"SIMETRIS (Jurnal Teknik Mesin, Elektro dan Ilmu Komputer) UMK (IndoT5 Parafrase)",2017,"(SPK) atau Decision Support System (DSS) adalah pendekatan (atau metodologi) untuk mendukung pengambilan keputusan, dengan mengasumsikan bahwa ada tingkat variabel prediktor yang ideal yang harus dipenuhi oleh subyek yang diteliti, bukan tingkat minimal yang harus dipatuhi atau dilalui, SPK dapat diterapkan dalam berbagai bidang, salah satunya adalah bidang koperasi. Penelitian ini berfokus pada proses pengajuan kredit kedua yang dilakukan oleh nasabah yang sebelumnya pernah mengajukan kredit dan disetujui oleh pihak koperasi. Pihak Koperasi dapat menyetujui dan bahkan menolak permintaan kredit dari pihak koperasi tersebut.",ai
"SIMETRIS (Jurnal Teknik Mesin, Elektro dan Ilmu Komputer) UMK (IndoT5 Parafrase)",2017,"( 1 ) Penelitian ini bertujuan untuk mensimulasikan turbin crossflow pada komponen pembangkit picohydro, turbin dengan diameter 13. 5 cm, shaft 3 cm, diameter inlet 4 cm dan diameter hidrolik 0,04 m, dan fluida rotate diseting pada kondisi moving reference frame, sehingga daya optimal yang dihasilkan adalah 4791 watt (4. 7 mW), sehingga dapat menghasilkan daya optimal sebesar 4791 kW (3 kW). (2) ) - , ` dari turbin,. _ turbin dalam turbin (18 buah turbin) - turbin , , turbin a 18 buah turbin, dan ) , dll.",ai
"SIMETRIS (Jurnal Teknik Mesin, Elektro dan Ilmu Komputer) UMK (IndoT5 Parafrase)",2017,"SISTEM INFORMASI KEPEGAWAIAN adalah sebuah sistem yang bertujuan untuk mengelola data kepegawaian, kebutuhan informasi pada saat ini semakin meningkat, hal ini menuntut kinerja informasi yang cepat dan dapat dipercaya dalam pengelolaan informasi, dan alat bantu yang digunakan adalah usecase, activity diagram, class diagram, object diagram dan deployment diagram. Hasil dari penelitian ini adalah sebuah Sistem Informasi Kepegawaian yang dapat membantu proses pengajuan pensiun, KGB, kenaikan pangkat, penilaian pegawai. dengan adanya database yang terintegrasi, sehingga dapat mempercepat pekerjaan. - (D) s S , Untuk a n e `.",ai
"SIMETRIS (Jurnal Teknik Mesin, Elektro dan Ilmu Komputer) UMK (IndoT5 Parafrase)",2017,"`` Smart home adalah suatu sistem yang memiliki tingkat kemanfaatan bagi masyarakat dalam mengendalikan beban lampu rumah tangga, pada kondisi rumah kosong, menggunakan sensor LDR dan sistem kontrol menggunakan arduino uno. Pengendalian sistem diberikan dua kondisi, yaitu kondisi kontrol manual yang menggunakan tombol on/off menggunakan push button dan kondisi kontrol otomatis yang dilakukan oleh sistem. Kondisi ini memberikan logika sistem kontrol yang efektif. (OR) dari kedua Sensor LDR, kondisi ini menyediakan logika sistem kendali yang efisien untuk melakukan kontrol.",ai
"SIMETRIS (Jurnal Teknik Mesin, Elektro dan Ilmu Komputer) UMK (IndoT5 Parafrase)",2017,"Untuk membuat pesan e-memo yang ada di pemerintahan sebagai bagian dari informasi yang sering dipertukarkan di lembaga pemerintahan tersebut, pengujian yang dilakukan yaitu proses dekripsi menggunakan algoritma RSA yang dimodifikasi dengan CRT untuk masing-masing panjang pesan sebanyak 30, 60, dan 90 karakter untuk setiap pasangan nilai p dan q memiliki kecepatan rata-rata 2731 kali lebih cepat dibandingkan dengan menggunakan sistem kriptografi RSA pada umumnya tanpa modifikasi. (Teks dengan relevansi EEA) (RSA) yang tidak dimodifikasi. , dan aplikasi keamanan yang dapat digunakan. aplikasi keamanan dalam algoritma - aplikasi keamanan berbasis mobile yang bersifat rahasia layanan publik , aplikasi yang digunakan secara umum , aplikasi s RSA `.",ai
"SIMETRIS (Jurnal Teknik Mesin, Elektro dan Ilmu Komputer) UMK (IndoT5 Parafrase)",2017,"kriptanalisis pada kriptografi Hill Cipher yang telah diketahui saat ini adalah dengan menggunakan persamaan linier dan menggunakan perkalian matriks, nilai dari masing-masing variabel matriks kunci dapat diketahui, tetapi proses pencarian nilai pada setiap variabel tersebut tidak dapat dilakukan dalam waktu yang singkat, sedangkan pada perkalian matriks nilai determinan yang dihasilkan dari matriks dapat dioperasikan untuk mencari nilai variabel dari operasi aljabar linier yang direpresentasikan dalam bentuk matriks. Masing-masing dari mereka dapat melakukan proses pencarian determinannya secara bersamaan. ( 1 ) , dan dapat digunakan untuk semua variabel tersebut. Setiap variabel tersebut dapat melakukan pencarian variabel yang hilang tersebut harus dilakukan pada sistem operasi yang akan dilakukan pada Android ( 2 ) - ( ). s - _ ` () (2.",ai
"SIMETRIS (Jurnal Teknik Mesin, Elektro dan Ilmu Komputer) UMK (IndoT5 Parafrase)",2017,"(KKD) adalah program pengabdian kepada masyarakat melalui Lembaga Penelitian dan Pengabdian kepada Masyarakat (LPPM), berbeda dengan kuliah kerja mahasiswa di Universitas non-Muhammadiyah, program ini lebih kolaboratif antara pengabdian sesuai bidang ilmu dan ditambahkan dengan program dakwah yang dilakukan di lokasi tempat pelaksanaan KKD. Akses menjadi lebih rumit karena tidak adanya sistem informasi untuk mahasiswa, Dosen Pembimbing Lapangan (DPL) serta panitia pelaksana KKD telah dibuat. , yang merupakan mahasiswa yang memenuhi persyaratan tertentu.",ai
"SIMETRIS (Jurnal Teknik Mesin, Elektro dan Ilmu Komputer) UMK (IndoT5 Parafrase)",2017,"Ini adalah salah satu perguruan tinggi swasta di semarang, dengan jumlah mahasiswa terbesar di sekampus swasta no 2 di Jawa Tengah, memiliki berbagai macam fakultas dan program studi, salah satunya adalah Fakultas Teknologi Informasi dan Komunikasi. Perankingan harus dibuat berdasarkan favorit dan tidak pada program studi mana yang memiliki minat yang sangat besar, sehingga mendorong program studi yang lain untuk membuat kegiatan yang menarik mahasiswa dan menambah pengetahuan baru bagi mahasiswa. , dan sebagai akibatnya, program studi tersebut harus diklasifikasikan menggunakan salah satu metode klasifikasi, yaitu metode naive bayesian. (2) - Kegiatan (3) (1). s , ; dari n - - program studi.",ai
"SIMETRIS (Jurnal Teknik Mesin, Elektro dan Ilmu Komputer) UMK (IndoT5 Parafrase)",2017,"(UKM) adalah kegiatan usaha yang menghasilkan produk komoditi yang berada pada level menengah kebawah, di mana sektor usaha ini secara langsung terlibat dalam peningkatan kesejahteraan masyarakat luas yang pada umumnya adalah masyarakat menengah ke bawah, dengan menggunakan 2 metode yaitu metode Database Lifecylce untuk mengembangkan database sebagai media penyimpanan data melalui beberapa proses, antara lain Design Database secara Konseptual, Design Database Logikal dan Design Database Fisikal dan metode Rapid Application Development (RAD) untuk mengembangkan antarmuka pengguna sebagai rancangan tampilan terhadap rancangan model perangkat lunak UKM Kota Pablik. ( UKM ) - ( ).",ai
"SIMETRIS (Jurnal Teknik Mesin, Elektro dan Ilmu Komputer) UMK (IndoT5 Parafrase)",2017,"(2) Kualitas pendidikan dan kuantitas pendidikan terkait dengan mutu pendidikan yang diharapkan oleh masyarakat, sedangkan kuantitas pendidikan berkaitan dengan pemerataan akses pendidikan tanpa ada kesenjangan dan pengecualian. Kondisi geografis memberikan tantangan bagi Kementerian Pendidikan Indonesia untuk memberikan layanan yang berkualitas dan merata untuk semua khalayak masyarakat. Fitur yang diberikan meliputi upload materi, upload tugas, diskusi, dan quiz online. pada aplikasi ini juga ditambahkan fitur absensi sholat jumat bagi siswa yang beragama Islam. (3) Masalah yang dapat dikembangkan adalah optimalisasi peran TIK dalam dunia pendidikan di bidang Pendidikan Tinggi.",ai
"SIMETRIS (Jurnal Teknik Mesin, Elektro dan Ilmu Komputer) UMK (IndoT5 Parafrase)",2017,"cloud Computing adalah salah satu kegiatan dalam manajemen jaringan yang berkaitan dengan pengaturan sumber daya, optimasi, dan keamanan jaringan komputer, dengan Pandora FMS sebagai tools pemantau yang bertujuan untuk memberikan alternatif dalam memantau sumber daya virtual server yang berjalan, serta dapat memberikan informasi rinci mengenai kondisi virtual server di mana layanan yang terganggu terkadang membutuhkan waktu yang lama. Selain itu, teknik ini diharapkan dapat menjadi pengayaan dalam mata kuliah Manajemen Jaringan. 000, dan aplikasi pemantauan yang sedang berjalan (V. ) ( ) 1 2 - , dan Keamanan Jaringan. s yang berjalan , dll.",ai
"SIMETRIS (Jurnal Teknik Mesin, Elektro dan Ilmu Komputer) UMK (IndoT5 Parafrase)",2017,"Di awal pengolahan citra ini, cropping dilakukan secara manual pada citra Batik Pesisir dengan merubah ukuran piksel menjadi 60 x 60 piksel, dilanjutkan dengan greyscaling pada citra Cropping. Klasifikasi motif Batik Pesisir menggunakan algoritma bakpropagasi dengan menentukan nilai learning rate dan momentum pada saat pelatihan data. Data inputan yang digunakan berupa ciri statistik orde satu. Ciri statistik yang digunakan antara lain mean, kurtosis, skewness dan enteropy. (Teks dengan relevansi EEA), dan momentum 1,0.",ai
"SIMETRIS (Jurnal Teknik Mesin, Elektro dan Ilmu Komputer) UMK (IndoT5 Parafrase)",2017,"Untuk membantu mengatasi masalah penyakit yang menyerang udang vannamei, sistem pakar yang mengadopsi kepakaran manusia ke dalam komputer memiliki posisi strategis untuk membantu menyelesaikan masalah penyakit pada udang budidaya. Sistem ini berbasis web dengan menggunakan bahasa pemrograman PHP dan Appserver sebagai basis databasenya. Sistem pakar ini diharapkan dapat mewakili seorang ahli dalam penyakit udang untuk mengetahui penyakit pada Udang Vannamei berdasarkan ciri-ciri dan gejala awal penyakit. , tetapi hal ini masih kurang efektif. dari jenis penyakit yang diderita. Penyakit yang diderita oleh spesies penyakit yang ada penyakit yang terjadi pada udang vannam. ame , dan gejala yang ada , dll , , yang bersangkutan, dan penyakit yang terkena penyakit yang diserang, dan jenis penyakit.",ai
"SIMETRIS (Jurnal Teknik Mesin, Elektro dan Ilmu Komputer) UMK (IndoT5 Parafrase)",2017,"Disimpulkan bahwa saat ini penyusutan hutan dunia mengkhawatirkan mencapai 80%, sedangkan bambu memiliki kelebihan dalam hal masa panen yang lebih cepat berkisar 2""""3 tahun, sedangkan sekam padi adalah limbah yang dihasilkan dari kegiatan pengolahan hasil pertanian, yang pemanfaatannya selama ini hanya sebagai bahan pembantu dalam aktifitas produksi, maka nilai ekonomis bambu ini sangat rendah. ( 1 ) Berdasarkan masalah-masalah tersebut, maka penelitian ini difokuskan pada pembuatan komposit anyaman bambu dan sekam Padi sebagai pengganti kayu dalam industri mebel, dan komposisi = Resin 100 : Katalis 0,75 ( ) ( 0 (2 ), dan.",ai
"SIMETRIS (Jurnal Teknik Mesin, Elektro dan Ilmu Komputer) UMK (IndoT5 Parafrase)",2017,", Coolpad digunakan untuk mencegah overhead, penggunaan cooling pad hampir sama dengan penggunaan laptop, tetapi jika coolpad berbupar sama terus akan boros dalam penggunaan listrik, sedangkan listrik Coolpad berasal dari USB Laptop. Untuk menghemat listrik, diperlukan sebuah teknologi di mana putaran Coolpad dapat disesuaikan dari suhu laptop, kecepatan frekuensi, dan sumber frekuensi. , setelah proses defusikasi maka akan ditemukan frekuensi putar Coolpad yang dihasiskan oleh sistem kontrol.",ai
"SIMETRIS (Jurnal Teknik Mesin, Elektro dan Ilmu Komputer) UMK (IndoT5 Parafrase)",2017,"DESI adalah solusi untuk perekomendasian penerima beasiswa, khususnya dengan menggunakan metode Technique for Order Preference by Similarity to Ideal Solution (TOPSIS) dan Analytical Hierarcy Process (AHP), yang telah dirancang dan diujicobakan, sehingga menghasilkan data alternatif mahasiswa yang terurut mulai dari nilai preferensi yang paling tinggi 0. Hasil ini dapat menjadi rekomendasi bagi pengambil keputusan untuk mengambil keputusan yang efektif, efisien dan dapat dipertanggungjawabkan. , dan aplikasi yang tepat untuk melakukan seleksi penerima beasiswa tersebut. Keputusan yang tepat waktu yang tepat dalam hal ini, aplikasi yang relevansi yang sesuai dengan cara yang tepat. aplikasi yang sesuai aplikasi yang cocok. - aplikasi yang baik aplikasi yang benar-aplikasi yang tepat sasaran yang tepat pada aplikasi yang digunakan oleh aplikasi yang diperlukan.",ai
"SIMETRIS (Jurnal Teknik Mesin, Elektro dan Ilmu Komputer) UMK (IndoT5 Parafrase)",2017,"Ini adalah teknik mining dengan menggunakan algoritma Apriori untuk mendapatkan pola penjualan dan pembelian suatu produk, aktivitas yang sudah berjalan adalah informasi transaksi penjualan dan penjualan hanya disimpan pada repository sebagai laporan saja, sedangkan untuk asosiasi antar produk ditentukan dengan confidence sebesar 70%. Berdasarkan kejadian ini, penelitian ini diselesaikan dengan menggunakan UML yang terdiri dari Usecase Diagram, Class Diagram dan Activty Diagram (Activty diagram), dan produk bolu cake keju dengan nilai confidance sebesar 84,62%. Keputusan yang dihasilkan dari masing-masing. Produk - produk ` produk dalam bentuk. produk yang telah digunakan oleh produk.",ai
"SIMETRIS (Jurnal Teknik Mesin, Elektro dan Ilmu Komputer) UMK (IndoT5 Parafrase)",2017,"( 1 ) Sumber data yang diperoleh secara langsung dari sumber asli disebut sebagai data primer, digunakan secara luas untuk tujuan menghasilkan informasi yang mencerminkan kebenaran sesuai dengan kondisi faktual, sehingga informasi yang dihasilkan dapat berguna dalam pengambilan keputusan. Skema konseptual basisdata yang dibangun dengan cara melakukan peninjauan kembali terhadap skema yang telah dibangun sebelumnya menggunakan sumber data sekunder yang diambil dari beberapa situs asuhan kehamilan. Studi lapangan dan wawancara dengan Narasumber yang kompeten adalah metode yang digunakan untuk mendapatkan data primer sebagai dasar untuk meninjau kembali hasil dari pembangunan skema konseptual yang faktual, khususnya pada penyesuaian entitas, perubahan tipe, isi data untuk setiap atribut , dll ,. ) , yang relevansi ( ). , data primer , masing- , dan validitas , di mana , untuk setiap Atribute. s dari setiap atribut yang tepat. - , dari setiap elemen yang diperlukan untuk setiap elemen.",ai
"SIMETRIS (Jurnal Teknik Mesin, Elektro dan Ilmu Komputer) UMK (IndoT5 Parafrase)",2017,"(DSSC) dengan menggunakan semikonduktor tipe-n dan tipe-p dan ekstrak jeruk Mentui (khas Aceh) sebagai biomolekul pewarna sensitisasi (dye), tegangan rangkaian terbuka (VOC) dan faktor pengisian (FF) relatif sama untuk semua jenis ekstrak jeruk, yaitu VOC 0. 340 V dan FF 0. Rapat arus pada rangkaian singkat terbesar (Jsc = 1. 21 mA ·cm-2) dihasilkan DSSC dengan molekul pewarna ekstrak jeruk mentui yang dikarakterisasi. ) - (F) a (P).",ai
"SIMETRIS (Jurnal Teknik Mesin, Elektro dan Ilmu Komputer) UMK (IndoT5 Parafrase)",2017,"Untuk meningkatkan kinerja perusahaan, strategi perencanaan sistem informasi dan teknologi informasi yang tepat dan selaras dengan strategi bisnis perusahaan, penelitian ini bertujuan untuk mengembangkan portfolio aplikasi, di mana proses perumusan strategi dilakukan dalam beberapa tahap, yaitu pemahaman kondisi saat ini dengan melakukan analisa lingkungan eksternal dan internal bisnis, disertai dengan analisa SWOT dan PEST. Hasil dari penelitian ini adalah menyusun strategi bisnis, strategi Sistem Informasi dan Teknologi Informasi, serta menyusun Portofolio Aplikasi Masa Depan yang dibutuhkan oleh perusahaan industri kelapa sawit. (Teks dengan relevansi EEA), dan implementasinya. - Strategi Perusahaan Industri Kelapa sawit (C) (S). sektor industri sawit , dll. perusahaan industri , sebagai solusi masalah tersebut harus dikembangkan oleh perusahaan manufaktur.",ai
"SIMETRIS (Jurnal Teknik Mesin, Elektro dan Ilmu Komputer) UMK (IndoT5 Parafrase)",2017,"Ini adalah tahap awal dari preprocessing data untuk menangani missing dan non-numerik, kemudian traning dan testing menggunakan k-fold cross validation dengan algoritma K-Nearest Neighborhood Network (KNN), Random Forest dan Naive Bayean, model dengan tingkat akurasi tertinggi, yaitu 75,65%, sedangkan KNN diperoleh sensitivity 53,73% dan Specificity 86,4%, sedangkan naive bayesian diterapkan sebagai Return Value, sebesar 62,69%, dan 84%, dan Implementasi layanan yang digunakan untuk meramalkan apakah seseorang yang akan menjadi lebih lanjut, dan tidak melakukan pemeriksaan kesehatan, dan bukan diabetes, dan uji coba, dan pengujian yang tidak ada s - n - `s ` , dan t. an ; pada tahun 2030 :.",ai
"SIMETRIS (Jurnal Teknik Mesin, Elektro dan Ilmu Komputer) UMK (IndoT5 Parafrase)",2017,"Ini adalah organisasi pemuda yang ada di Indonesia dan merupakan wadah untuk mengembangkan kesadaran dan rasa tanggung jawab sosial dari masyarakat dan untuk masyarakat itu sendiri, khususnya pemuda yang berada di wilayah desa, kota atau komunitas sosial yang sama, khususnya yang berkaitan dengan bidang-bidang kesejahteraan sosial, seperti ekonomi, olahraga, keterampilan, keagamaan dan seni, sesuai dengan tujuan pembentukannya, diharapkan generasi muda dapat berpartisipasi dalam pembangunan dengan baik. dengan cara yang lebih cepat dan lebih akurat. Komunitas, dan sebagainya, untuk mendukung kegiatan masyarakat untuk mencapai tujuan tersebut, dan seterusnya, yang akan menjadi bagian dari masyarakat, untuk mengembangkan diri mereka sendiri, dan bertanggung jawab sosial, dan kemampuan mereka, dan untuk mengembangkan jiwa sosial, mereka sendiri dan masyarakat, dan lingkungannya, dan masyarakat yang relevansi orang tua, Komunitas Sosial Masyarakat, dan Komunitas sosial, Komunitas sosial-sosial, dan budaya, dan sosial-masyarakat. - Komunitas sosial - Komunitas Sosial - Komunitas, Komunitas ini.",ai
"SIMETRIS (Jurnal Teknik Mesin, Elektro dan Ilmu Komputer) UMK (IndoT5 Parafrase)",2017,"(QOS) yang ada di kantor atau sekolah biasanya menggunakan layar LED TV yang dilengkapi dengan 1 unit komputer (CPU) dan 2. 19 ms, perangkat digital berupa LED TV dipasang sebagai antarmuka yang dapat menghemat daya, biaya dan tempat. Selain itu, manajemen konten informasi yang ditampilkan terintegrasi dengan komputer server yang menyediakan layanan edit fitur dan update informasi video streaming dan live streaming, yang merupakan nilai rata-rata dari 4 atau dalam kategori puas dengan sistem yang dibuat. , dan juga sebagai sarana berita terbaru. Nilai parameter tersebut memenuhi standar telekomunikasi dan sesuai dengan cara kerja yang sesuai dengan metode yang relevansi (T) (NLOS) , masing-pi , dll , , untuk setiap , - , yang disediakan oleh MOS, dan , pada setiap (M), dan tempat, dan lokasi yang digunakan.",ai
"SIMETRIS (Jurnal Teknik Mesin, Elektro dan Ilmu Komputer) UMK (IndoT5 Parafrase)",2017,"Di Indonesia ada komunitas Dota 2, yang merupakan salah satu game online, penggemar game tidak hanya dari kalangan anak-anak, tetapi juga dari semua kalangan. Bahkan game online sampai perlombaan, tidak ditemukan sebuah situs yang mengakomodasi kebutuhan gamers. Dengan metode pengumpulan data literature, inisiasi, investigasi sampai pengembangan sistem, dapat menghasilkan sistem informasi untuk komunitas game dota 2 di Indonesia. di mana pemain dapat berpartisipasi dalam permainan ini. - Komunitas Dota2 di Indonesia telah berkembang pesat. (Teks dengan relevansi EEA) - Sistem Informasi KomunitasDota 2 - Komunitas yang berkembang, yang memfasilitasi kebutuhan game ini - komunitas yang menyediakan permainan yang memfasilitasi permainan ini adalah komunitas yang dikembangkan oleh komunitas.",ai
"SIMETRIS (Jurnal Teknik Mesin, Elektro dan Ilmu Komputer) UMK (IndoT5 Parafrase)",2017,"Di sekolah terpadu Rumah Pintar, pengenalan obyek dilakukan dengan cara guru mendemonstrasikan gambar obyek seperti yang terdapat dalam buku panduan, kemudian ditunjukkan kepada siswa, metode seperti itu selain kurang menarik, memungkinkan siswa autis mengalami kesulitan untuk mengenali obyek, kemampuan berkomunikasi dan menangkap informasi dari anak autis, dan dapat digunakan sebagai salah satu media pembelajaran untuk anak autisme. dan akan segera merasa bosan. - Penelitian ini bertujuan untuk memperkenalkan obyek anggota keluarga dalam lingkup yang kecil, yaitu meliputi ayah, ibu, kakak dan adik, dan animasi dibuat menggunakan software DragonBones. (A) (SD) s (D) ` `` , di sekolah dasar- - pada adalah. - siswa dari mereka : untuk melatih mereka.",ai
"SIMETRIS (Jurnal Teknik Mesin, Elektro dan Ilmu Komputer) UMK (IndoT5 Parafrase)",2017,"Di industri garment, pekerjaan banyak dilakukan dengan manual handling terutama menggunakan anggota tubuh tangan, produktivitas meningkat sebesar 6% setelah dilakukan perbaikan metode kerja untuk meningkatkan produktivitas. Waktu baku untuk pembuatan produk Zipper Garage sebesar 44,44 detik setelah dilakukan koreksi waktu baku menjadi 42,22 detik. Produktivitas meningkat sebesar 6 % karena sudah tidak ada gerakan yang tidak efisien. ( 1 ) , hal ini disebabkan oleh tidak adanya gerakan yang efektif. Gerakan tidak efektif telah berkurang. 6%, hal itu disebabkan oleh belum adanya gerakan tidak efektif.",ai
"SIMETRIS (Jurnal Teknik Mesin, Elektro dan Ilmu Komputer) UMK (IndoT5 Parafrase)",2017,"(1) Tujuan dari penelitian ini adalah untuk mengembangkan aplikasi permainan platformer yang menghibur dengan tema buah dan hewan dalam bahasa Inggris, dan untuk mengetahui kualitas aplikasi permainan tersebut menggunakan standar ISO 25010 dari aspek Functional Suitability, Performance Efficiency, Compatibility dan Usability pada OS Android dari versi Ice Cream Sandwich sampai Marshmallow, dan pada aspek usability secara keseluruhan diperoleh hasil yang memuaskan dalam hal kegunaan, mudah digunakan dan dipelajari dan memuaskan. , dan dalam hal penggunaan yang mudah dan mudah dan menyenangkan.",ai
"SIMETRIS (Jurnal Teknik Mesin, Elektro dan Ilmu Komputer) UMK (IndoT5 Parafrase)",2017,"camshaft didesain dengan beberapa pertimbangan, seperti durasi bukaan katup, tinggi angkat katup, jarak titik puncak antara cam lobe intake dan cam exhaust, dan kecepatan putar camlobe 2000 RPM, suhu kerja 78o C, dan minyak pelumas SAE 10W-40, hasil penelitian menunjukkan bahwa sistem pelumasan modifikasi dengan penambahan dua katup pengatur minyak pelumas dapat meminimalisir atau mengurangi resiko keausan permukaan yang bergesekan pada komponen Camshaft, sehingga dapat meminimalkan atau mengurangi kemampuan kerja motor secara keseluruhan, dan dapat mempertahankan kondisi kerja motor, yang dapat dipertahankan dengan memodifikasi sistem pelumas yang tidak dapat diterapkan, yang tidak diinginkan, dan yang dapat digunakan untuk memodifikasi desain, yang akan menghasilkan cam cam, yang sesuai dengan cam silinder cam rotor, dan poros, yang dihasilkan, yang sama, yang lebih rendah, dan , , dan seterusnya, cam - , yang diperlukan, pada , pada sistem pelumas , dengan cara kerja,.",ai
"SIMETRIS (Jurnal Teknik Mesin, Elektro dan Ilmu Komputer) UMK (IndoT5 Parafrase)",2017,"(H-H) adalah salah satu pengujian autokorelasi spasial, yaitu Local Indicators of Spatial Association (LISA) dengan indikator Local Morans I, yang menghasilkan signifikansi tinggi (hotspots), signifikansi rendah (kolektif) dan pencilan (outlier) untuk pemanfaatan kawasan pesisir di Kabupaten KULON PROGO, yang terdiri dari empat kecamatan, yaitu Galur, Panjatan, Wates, dan Temon, yang merupakan kawasan pesisir yang rentan terhadap penggunaan tanah dan Wates yang tumpang tindih wilayah pesisir, yang digunakan untuk wilayah pesisir yang telah dilakukan oleh daerah.",ai
"SIMETRIS (Jurnal Teknik Mesin, Elektro dan Ilmu Komputer) UMK (IndoT5 Parafrase)",2017,"(1) Evaluasi aerodinamis metode panel dengan Interaksi Viskos-Tak Viskos, 2) Analisis aerodinamika airfoil untuk menentukan koefisien lift dan drag, 3) Ketebalan (thickness) dan camber maksimum cenderung meningkat dengan peningkatan bilangan Reynold, 4) Untuk meningkatkan hasil, metode optimasi Particle Swarm Optimization (PSO) memberikan hasil yang lebih baik dan akurat, dengan rata-rata kesalahan di bawah 9. 5%, maka akan dilakukan update geometri sampai konvergensi dan diperoleh konvergensimetrialternaya yang lebih lanjut, dan koreksi yang lebih besar, dan viskos, dan Drag , dan R , sehingga menghasilkan , tetapi tidak akurat. , dll , , yang lebih tinggi, dan Drag (Drag) (CST) ) s - , pada airfolding (O) `.",ai
"SIMETRIS (Jurnal Teknik Mesin, Elektro dan Ilmu Komputer) UMK (IndoT5 Parafrase)",2017,"Ini adalah banyak tool aplikasi exploit wifi yang digunakan oleh hacker atau attacker, salah satunya adalah keamanan WPA, WPA2, dan WEP, dari kedua tool tersebut peneliti ingin mencari perbandingan dari tingkat availabilitas, karena keduanya menggunakan frekwensi tinggi untuk mentransmisikan komunikasi, tetapi memakan waktu yang sangat lama, hampir 13 jam untuk waktu terlama. Kata kunci: Tool Reaver dan Aircrack, Availability dan Vurnability bruteforce, wordlist, dan waktu terlama, kata kuncinya - parameter yang telah digunakan dalam penelitian dan uji coba yang akan digunakan dalam hal yang terakhir. , pada saat ini , dan aplikasi yang terbaik saat ini, , s.",ai
"SIMETRIS (Jurnal Teknik Mesin, Elektro dan Ilmu Komputer) UMK (IndoT5 Parafrase)",2017,"Di bidang pendidikan, penggunaan teknologi Augmented Reality (AR) yang interaktif dan real time dalam memperkenalkan benda-benda bersejarah yang merupakan warisan budaya telah berkembang pesat. Pada bagian selanjutnya akan dibahas tentang penelitian yang relevan mengenai penggunaan teknologi AR untuk memperkenalkan barang-barang bersejarah yang menjadi warisan budaya. Benda cagar budaya memiliki arti khusus bagi sejarah, ilmu pengetahuan, pendidikan, agama, dan budaya. Selain itu, teknik dan metodologi penelitian dalam pembuatan aplikasi AR tersebut harus diketahui oleh masyarakat luas. , dan sebagai akibatnya, informasi tentang keberadaan benda cagar budaya harus diketahui. aplikasi tersebut harus dibuat aplikasi tersebut. aplikasi yang digunakan oleh aplikasi tersebut dapat digunakan oleh masyarakat. aplikasi ini adalah aplikasi tersebut.",ai
"SIMETRIS (Jurnal Teknik Mesin, Elektro dan Ilmu Komputer) UMK (IndoT5 Parafrase)",2017,"(Komposit) adalah salah satu material teknik yang telah banyak diteliti selama beberapa tahun terakhir karena memiliki sifat fisis, mekanik dan termal yang baik, sehingga sangat banyak digunakan di bidang industri, komposit juga diketahui memiliki kemampuan penyerapan suara yang optimal, sesuai dengan standar ISO 11654:1997, baik dari segi Fisis, Mekanik, Termal dan Akustik, sehingga komposit serat pinang mampu menyerap bunyi dengan baik. Î± = 0,98 pada frekuensi 1500 Hz. Hal ini menunjukkan bahwa komposit serat pisang mampu menyerap suara dengan baik, seperti yang ditunjukkan dalam hal ini, dan akustik komposit serat (A) komposit (a) ) (b) , dan akustik sebagai komposit -.",ai
"SIMETRIS (Jurnal Teknik Mesin, Elektro dan Ilmu Komputer) UMK (IndoT5 Parafrase)",2017,"Ini adalah salah satu desa yang berada di wilayah Kabupaten Kudus, di desa ini terdapat beberapa pengrajin usaha Bordir yang tergabung dalam KUBE, dengan tujuan utama untuk meningkatkan pendapatan dan kesejahteraan para pengrajin Bordir, melalui perluasan wilayah pemasaran dengan mempromosikan hasil Bordir melalui e-commerce populer, sehingga dapat mencakup pasar yang lebih luas. , dengan maksud untuk membantu meningkatkan pendapatan serta kesejahteraan pengrajin bordir, khususnya dengan meningkatkan kuantitas pemasaran produk Bordir dengan cara memperluas daerah pemasaran dengan cara mempromosikan hasilbordir melalui E-Commerce populer, untuk memastikan bahwa mereka dapat menjangkau pasar yang luas. publisitas ini akan membantu meningkatkan jumlah promosi yang lebih banyak karena kurangnya promosi.",ai
JIP (Jurnal Informatika Polinema) (IndoT5 Parafrase),2017,"( 1 ) Metode yang digunakan dalam penelitian ini adalah metode AHP-TOPSIS. AHP digunakan untuk menentukan bobot kriteria dan uji konsistensi, sedangkan TOPSIS digunakan untuk menilai lulus tidaknya siswa pemilihan pertukaran pelajar sesuai dengan kuota yang ditentukan oleh pengambil keputusan, sehingga dapat disimpulkan bahwa hasil dari sistem ini dapat dijadikan referensi dalam pengambilan keputusan untuk memilih siswa yang lulus dalam pertukaran pelajar. yaitu, nilai rata-rata, kepribadian, pengetahuan budaya, kemampuan seni, wawancara dan tes tulis. (2 ) ( 0 ). , () ) ` ( ; s pada sistem - di _ dari sebagai berikut : = untuk.",ai
JIP (Jurnal Informatika Polinema) (IndoT5 Parafrase),2017,"Ini adalah salah satu tembakau lokal aromatis yang berada di pulau Madura, sebagai sumber aroma, tembakau Madura dapat dirajang untuk bahan baku dan sebagian kecil untuk susur. Dalam sektor budidaya, penanaman tembakau memiliki caranya sendiri untuk melakukan pembudidayaan yang baik dan benar, dari pembenihan sampai pada pengolahan hasil tanaman tembakau dengan ketentuan kemurnian yang terjaga. , sehingga penjualan tembakau terhadap gudang dapat diterima. ( 1 ) OJ L 127, 7. 1 ( 2) ( ) as ( 3) ( 4) ).",ai
JIP (Jurnal Informatika Polinema) (IndoT5 Parafrase),2017,"Di sini peneliti menggunakan data kata dari berita online untuk diteliti selama enam bulan dari berbagai situs berita online, untuk menganalisa peningkatan atau penurunan kosakata asing yang digunakan pada berita online. Metode analisis yang digunakan adalah analisis regresi sederhana. Dari hasil penelitian ini, menunjukkan bahwa terdapat tingkat penurunan kata asing yang telah digunakan dalam percakapan sehari-hari, sedangkan tingkat kepunahan bahasa Indonesia pada berita internet cenderung meningkat setiap minggu. - bahasa Indonesia cenderung mengalami peningkatan. ( 1 ) OJ L 127, 30. 2) ( 2 ( ).",ai
JIP (Jurnal Informatika Polinema) (IndoT5 Parafrase),2017,"(AHP) adalah berdasarkan matriks perbandingan berpasangan dan melakukan analisis koherensi, sedangkan metode Technique For Others Reference By Similarity to Ideal Solution (TOPSIS) memiliki konsep bahwa pilihan terbaik tidak hanya memiliki jarak terpendek dari solusi ideal positif, tetapi juga memiliki jarak terpanjang dari Solusi Ideal Negatif. Pada penelitian ini dibuat sistem informasi untuk membantu pembobotan kriteria dan perankingan karyawan untuk memperoleh karyawan terbaik dengan mengurangi tingkat subyektifitas penilaian pada pengujian manual perusahaan dengan metode AHP, sedangkan TOPSIS 60%. (T) (HP) , () ) , - untuk dari yang relevansi (A) ` ;.",ai
JIP (Jurnal Informatika Polinema) (IndoT5 Parafrase),2017,"(Sistem Pendukung Keputusan) ini digunakan sebagai alat untuk perlombaan pemilihan guru berprestasi dan ditujukan kepada Dinas Pendidikan Kota malang, di mana pada proses perhitungannya masih menggunakan sistem manual dalam menilai peserta guru berprestasi, sehingga hasilnya ada yang sama dan ada yang tidak sama dengan proses seleksi manualnya. Pengujian sistem ini menggunakan data nilai dari 10 guru yang perangkingannya dibagi menurut kelompok sekolah menengah kejuruan dan SMA. Dari beberapa ujicoba yang telah dilakukan untuk menentukan guru berprestasi hasil yang jauh lebih cepat, lebih akuntabel dan lebih cepat. - Hasil perangkingana - penilaian yang lebih baik, lebih akurat - - guru.",ai
JIP (Jurnal Informatika Polinema) (IndoT5 Parafrase),2017,", pertanian merupakan sektor utama yang menyumbang hamper setengah dari perekonomian di Indonesia, dengan pendidikan petani yang rendah, kemudian kebutuhan biaya pertanian yang mahal, lingkungan untuk mengembangkan pertanian padi mahal, dan kurangnya minat generasi muda untuk mempelajari dan mempelajari bidang pertanian, oleh karena itu perlu adanya media pembelajaran tentang pertanian yang dispesifikasikan pada tanaman padi, yang dirancang dan diimplementasikan menggunakan algoritma fuzzy untuk menentukan tingkat pengetahuan yang diperoleh oleh pengguna sebesar 84%. Tingkat kepuasan pengetahuan yang didapat.",ai
JIP (Jurnal Informatika Polinema) (IndoT5 Parafrase),2017,"(DSS) atau Sistem Pendukung Keputusan (SPK) untuk menentukan kelompok biaya kuliah tunggal yang ditanggung oleh masing-masing mahasiswa Politeknik Negeri malang, aplikasi ini dikembangkan menggunakan bahasa pemrograman PHP, database Mysql dan menerapkan Metode Optimasi Multi-Objective on the Basis Ratio Analysis (MOORA) dengan menggunakan metode tersebut dapat memberikan alternatif terbaik dalam penentuan uang kuliah tunggal berdasarkan kemampuan ekonomi mahasiswa.",ai
JIP (Jurnal Informatika Polinema) (IndoT5 Parafrase),2017,"Di Kota Batu, pendatang dan wisatawan seringkali kesulitan menemukan ATM terdekat untuk melakukan transaksi keuangan, termasuk mengambil uang tunai, mereka tidak mengetahui rute terpendek untuk mencapai ATM, dan mereka tidak memiliki informasi tentang biaya/biaya untuk mencapai tujuan dari lokasi awal, aplikasi ini juga telah diuji coba dengan menyebarkan kuesioner kepada 20 responden. Hasilnya 90 % responden menyatakan bahwa aplikasi ini ramah pengguna, memiliki proses yang cepat dalam pencarian rute dan membantu pengguna menemukan ATM. Secara umum 80% responden merasakan manfaat dari aplikasi yang dikembangkan tersebut.",ai
JIP (Jurnal Informatika Polinema) (IndoT5 Parafrase),2017,"Di SMA Negeri 1 Tumpang, perkuliahan dilakukan ketika siswa berada di kelas X, jurusan yang ada antara lain IPA, IPS dan Bahasa, jurusan berdasarkan kemampuan dan minat siswa, sistem ini menggunakan metode Saw karena dalam metode ini dapat menentukan nilai bobot untuk setiap atribut, kemudian dilanjutkan dengan proses perangkingan yang akan memilih alternative terbaik dari sejumlah alternatif, sehingga diharapkan penilaian akan lebih tepat. , dan ketelitian dalam proses perhitungannya. ( 1 ) - 4. s pada tahun 2014 ( 2 periode ) ( 3) 2 tahun , dan 1 -. masing- sebagai berikut ( ) ` _ ; dan ketepatan. a 6 7 5 , 0 , dll.",ai
JIP (Jurnal Informatika Polinema) (IndoT5 Parafrase),2017,"Untuk penelitian ini, metode promethee digunakan untuk mengurutkan nilai dari beberapa kriteria akademis dan non-akademis, termasuk jumlah absensi dan kriteria kualitatif seperti IPK, nilai karya tulis, penilaian prestasi, dan kemampuan berbahasa Inggris, kriteria dengan kriteria minimum seperti jumlah absen dan kriteria maksimum seperti kepribadian, kemampuan berkomunikasi, dan kriteria lainnya. ( 1 ) Metode Promethee menghasilkan Sistem Informasi Penentuan Mahasiswa Berprestasi, yang mampu memberikan rekomendasi calon mahasiswa berprestasi dari perhitungan metode prophetea. kompetensi, kemampuan komunikasi dan lainnya.",ai
JIP (Jurnal Informatika Polinema) (IndoT5 Parafrase),2017,"Di perusahaan kontraktor besar, seperti PT. Swadaya Graha, Crane memiliki banyak bagian dan seluruh bagian tersebut harus di cek secara berkala dan tepat untuk menyimpulkan kerusakan yang dialami oleh Crane, dan bagian mana yang perlu mendapatkan perawatan, sehingga tidak menimbulkan masalah dan kerugian yang signifikan dalam penggunaan Crane. Aplikasi Sistem Pakar ini menghasilkan output berupa kemungkinan kerusakan yang terjadi pada bagian Crane berdasarkan hasil rekap visual oleh teknisi area. , sistem ini juga menampilkan besarnya prosentase atau kepercayaan pada suatu kerusakan tersebut, dengan menggunakan metode Certainty factor. nilai tersebut, jumlah yang tinggi, aplikasi tersebut. ukuran yang tinggi mobilitas tinggi, dan mobilitas tinggi (F ) ( ) - faktor - parameter. _ s pada kerusakan tersebut dari kerusakan tersebut - - kerusakan tersebut dapat terjadi pada setiap kerusakan tersebut. Kerusakan tersebut - kesalahan yang diperlukan untuk melakukan perbaikan yang diperlukan. tingkat kerusakan yang harus diperbaiki pada suatu kesalahan yang akan terjadi.",ai
JIP (Jurnal Informatika Polinema) (IndoT5 Parafrase),2017,"Untuk mendukung keputusan rotasi posisi duduk siswa dalam kelas selama ini, ada siswa yang memakai kacamata duduk di belakang, siswa yang pandai duduk di depan, dan siswa yang pendek duduk di belakangnya, dan ada juga siswa yang menitipkan anaknya kepada walikelas untuk menempatkan kursi di depan dengan tingkat presisi sebesar 82%. Dengan demikian, sistem pendukung keputusan rotasi kursi siswa di kelas ini dapat membantu wali kelas untuk mendorong keputusan rotasi duduk siswa berdasarkan empat kriteria, yaitu sikap siswa, penggunaan kacamata pada siswa, nilai siswa dan tinggi badan siswa terbukti dengan hasil kuesioner yang diisi oleh walikelas. - (a ) s (l) ` ( );. ` telah dari orang tua siswa -tinggi siswa (3) % 82% 82% ( 1 92%) :.",ai
JIP (Jurnal Informatika Polinema) (IndoT5 Parafrase),2017,"(2) Hasil pada sistem yang dibuat, inputan gejala yang berbeda-beda meskipun gejala yang diinputkan tersebut masih dalam satu penyakit memiliki nilai kepastian (Certainty Factor) dan kemiripan (Similarity) yang berbeda, hasil dapat mencapai 90% jika gejala yang dimasukkan merupakan gejala khas dari penyakit pada kucing, oleh karena itu sistem pakar ini juga berguna untuk membantu pemilik kucing untuk mengetahui, memahami dan memahami jenis penyakit pada hewan peliharaan mereka. , dengan cara yang mudah, cepat dan tepat.",ai
JIP (Jurnal Informatika Polinema) (IndoT5 Parafrase),2017,"(Skripsi) Pengembangan Game Attacking Gomi Monster menggunakan metode Simple Addictive Weighting (SAW), metode ini digunakan karena dianggap mampu meningkatkan kecerdasan buatan pada enemy di dalam game dan metode ini juga dapat digunakan untuk menentukan kecerdasan buatan yang terbatas pada energi. Berdasarkan hasil dari 20 responden, Game yang dikembangkan ini telah memenuhi kepuasan sebesar 80% dari keseluruhan pengguna. , sesuai dengan hasil dari dua puluh responden, game ini telah mencapai kepuasan 80% dari pengguna.",ai
JIP (Jurnal Informatika Polinema) (IndoT5 Parafrase),2017,"Di bawah program inseminasi buatan, Dinas harus menentukan dosis semen beku dan target kelahiran, yang saat ini masih menggunakan cara manual berdasarkan data tahun-tahun sebelumnya, penelitian ini mengembangkan sistem informasi yang dapat membantu merekomendasikan target kelahiran dan populasi dengan menggunakan metode What-if Analysis. Hal ini menunjukkan bahwa penggunaan metode what-if analysis cukup tepat untuk digunakan dalam program kerja Inseminasi Buatan pada Dinas Peternakan dan Kesehatan Hewan. as (A) (a) ) s - 1 dari tahun 2012-2015. 5 6 0 A ; t n d.",ai
JIP (Jurnal Informatika Polinema) (IndoT5 Parafrase),2017,"`` Batik adalah kain khas Indonesia yang memiliki berbagai motif dan warna. Proses pemilihan Batik Alami dan Batik Sintetis ini secara otomatis dibedakan dengan bantuan aplikasi pengolahan citra. Produsen Batik melakukan pengamatan visual secara langsung untuk membedakan warnanya, sedangkan kelemahan dari cara ini yaitu keterbatasan visual manusia dan tingkat kelelahan sehingga warna satu dan lainnya dapat tertukar. Tingkat keberhasilan identifikasi yang diperoleh dengan menggunakan metode K-Means Clustering (K-means ) digunakan sebagai pengambilan gambar Batik, yang kemudian dihitung nilai normalisasi RGB. ` dari hasil identifikasi yang dihasilkan.",ai
JIP (Jurnal Informatika Polinema) (IndoT5 Parafrase),2017,"Di Kota Batu terdapat potensi wisata yang sangat besar, keindahan alam, lokasi dan kondisi udara yang sangat baik, rekomendasi yang diberikan sistem didasarkan pada masukan yang diberikan oleh pihak obyek wisata, Waktu Berkunjung (Waktu normal untuk berkunjung ke lokasi wisata tersebut), Waktu Buka (waktu buka tempat wisata) Penelitian ini menghasilkan aplikasi web yang memberikan informasi rekomendasi kepada pengguna atau pengguna, yang kemudian diproses dengan metode ELECTRE untuk menghasilkan rekomendasi daftar tempat berwisata di kota Batu. (Teks dengan relevansi EEA), dan sebagai hasilnya adalah rekomendasi tempat wisata (E) ( ) () ` (lokasi wisata) , dan udara yang baik.",ai
JIP (Jurnal Informatika Polinema) (IndoT5 Parafrase),2017,"Didesain dan dikembangkan sebagai solusi untuk mengatasi masalah petani ikan, sistem yang dirancang dan diimplementasikan menggunakan 4 data set, yaitu benih yang diuji satu per satu atau menggunakan volume (gelas), yang digunakan secara real-time, dan dapat menghitung objek yang mendekati perhitungan yang sebenarnya, dengan menggunakan pengolahan citra. Tingkat keakuratan tertinggi mencapai 99. 9977 % untuk pengujian perhitungan 40 benih ikan selama ini. - Perhitungan benih secara manual, sehingga benih ikan terkadang stress karena perhitungan yang masih manual, tetapi juga dapat menghitung benih secara cepat dan tepat. ukuran benih ikan yang telah digunakan dalam hitungan 40 benih yang telah dilakukan oleh petani ikan yang tidak dapat digunakan pada petani ikan. a yang telah dibuat, yang telah diterapkan. jumlah yang telah dihapus dari 40 benih.",ai
JIP (Jurnal Informatika Polinema) (IndoT5 Parafrase),2017,"(minicomputer raspberry pi sebagai pemroses dan usb webcam sebagai alat pendeteksi wajah manusia yang kemudian akan diproses oleh Raspberry Pi dengan menggunakan OpenCV untuk menentukan wajah manusia atau bukan, lalu wajah tersebut akan masuk ke dalam proses pengenalan wajah dengan metode triangle face yang memanfaatkan perhitungan jarak antar fitur wajah seperti mata, hidung dan mulut, sehingga dapat disimpulkan bahwa sistem ini cukup aman untuk diakses oleh admin server pada suatu perusahaan, karena pentingnya keamanan data dan informasi yang tersimpan dalam server, sehingga perlu pengamanan dalam mengakses ruang server. - ) - sistem ini, dan. ) , , dll , dan komunikasi. , aplikasi, dll - sistem a - s - , - ` `, -. _ , di mana , untuk dari.",ai
JIP (Jurnal Informatika Polinema) (IndoT5 Parafrase),2017,"SISTEM INFORMASI PEMBELAJARAN ONLINE adalah sistem pendidikan yang menggunakan aplikasi elektronik untuk mendukung pengembangan kegiatan belajar mengajar melalui media internet, dengan membandingkan hasil output sistem dan hasil pakar memiliki tingkat akurasi mencapai 100%. Sistem ini juga telah diuji coba oleh beberapa pengguna dan hasilnya dapat disimpulkan bahwa aplikasi ini dapat membantu dosen dan mahasiswa berinteraksi secara online dalam kegiatan belajar mereka. Pembelajaran berbasis web ini dirancang dan dilaksanakan dengan menggunakan PHP, MySQL, HTML, CSS, JavaScript dan Bootstrap. - Sistem ini telah diterapkan oleh beberapa aplikasi ini telah dikembangkan dan praktikum - Aplikasi ini telah dibuat dan Praktikum - (O).",ai
JIP (Jurnal Informatika Polinema) (IndoT5 Parafrase),2017,"Pada penelitian ini, teknik steganografi digunakan untuk menyembunyikan atau mengubah informasi dalam sebuah wadah seperti citra, vidio dan audio, sedangkan pesan yang disimpan ke dalam citra berupa file dengan format. Proses pengujian dilakukan dengan menyisipkan file ke dalam beberapa Cover Image menggunakan aplikasi yang telah dibangun. Hasil pengujian menghasilkan stego image dengan nilai rata-rata PSNR antara 22 - 25 dB, sedangkan rata - rata penyisipan pesan sebesar 40%. s pada citra - dari ,.",ai
JIP (Jurnal Informatika Polinema) (IndoT5 Parafrase),2017,"(1) Pengembangan sistem informasi peramalan penjualan untuk menentukan kebutuhan bahan baku pupuk subsidi sampe hasil peramalan pupuk subsidi urea sebesar 29. 966 ton, sehingga breakdown bahan baku urea berupa amoniak 17. 320 ton dan CO2 22. 175 ton dengan rata-rata hasil akurasi yang kurang baik, yaitu sebesar 34,42%, dapat digunakan untuk meramalkan penjualan untuk memperkirakan kebutuhan pupuk yang dibutuhkan oleh perusahaan. Perusahaan harus memperhatikan aspek produksi pupuk yang disebabkan oleh penumpukan dan kurangnya kebutuhan pupuk pada gudang selama proses produksi pupuk berlangsung, tetapi tidak dapat digunakan sebagai sistem ini, dan sistem tidak dapat diterapkan dalam hal ini, karena , dan informasi tentang kebutuhan pupuk di masa depan, yang akan digunakan untuk produksi. , , yang diperlukan, dan , pada saat produksi pupuk, dan kebutuhan pupuk untuk produksi pupuk. - , untuk pembuatan pupuk yang diperlukan.",ai
JIP (Jurnal Informatika Polinema) (IndoT5 Parafrase),2017,"`` Game adalah hiburan yang biasanya diangkat dari masalah dalam kehidupan sehari-hari, salah satunya adalah masalah ekosistem laut, pada saat ini kondisi ekosistem laut sangat memprihatinkan karena kurangnya kepedulian masyarakat terhadap kebersihan ekosistem laut. Oleh karena itu, diperlukan sebuah metode yaitu Fuzzy Logic untuk menghitung skor akhir pemain sehingga dapat ditentukan apakah pemain dapat lolos ke level selanjutnya atau tidak. Berdasarkan hasil dari 30 responden, game ini memenuhi kepuasan pengguna sebesar 63%. (63%) Dari hasil tersebut disimpulkan bahwa implementasi metode Fuzzy logic berfungsi dengan baik. ` Untuk tujuan dari - yang relevansi dan nilai yang sesuai.",ai
JIP (Jurnal Informatika Polinema) (IndoT5 Parafrase),2017,"Di dalam dunia industri, produksi tempe dipengaruhi oleh banyak hal, terutama oleh perubahan cuaca, yaitu dengan menggunakan mikrokontroler Arduino UNO yang memiliki input berupa sensor sht11, sensor ini akan mendeteksi suhu dan kelembaban yang berada di dalam Inkubator dan menampilkannya pada LCD dan memantaunya melalui SMS Gateway. , pengaturan suhu dan kelembapan juga dapat diatur di dalam program. - Pengaturan batas suhu atau kelembaban di atur didalam program. harus diubah sesuai dengan tombol yang ada di Mikrokontroler. ukuran yang telah diatur dalam program tersebut telah diatur secara normal. _ pengaturan yang penting untuk menghasilkan produk yang stabil. ( ) s yang stabil.",ai
JIP (Jurnal Informatika Polinema) (IndoT5 Parafrase),2017,"Diperlukan suatu peramalan untuk memprediksi produksi pangan di masa mendatang berdasarkan tahun dengan menggunakan 2 parameter yaitu Alpha dan Beta, sehingga dapat dianalisa pergerakan tren. Produksi pangan yang tidak menentu merupakan masalah bagi Badan Ketahanan Pangan (BKP) Provinsi Jawa Timur dalam menentukan kebijakan masa depan. Data tahun 1993-2014 untuk ramalan 2015 menghasilkan nilai parameter alpha 0. 26, sehingga parameter mempengaruhi nilai PE yang dihasilkan pada penelitian ini. (22% PE) PE kecil, yaitu PE PE tinggi, karena tidak menentu. , tetapi tidak menentu, PE - PE, sebagai berikut PE tingkat PE; PE besar PE dari : PE dalam penelitian.",ai
JIP (Jurnal Informatika Polinema) (IndoT5 Parafrase),2017,"(Technique for Order Performance by Similarity to Ideal Solution (TOPSIS), ada 5 tahapan dalam metode TOPSIS, yaitu matriks keputusan normalisasi, matriks Keputusan Normalisasi Terbobot, matriks solusi ideal positif (A+) dan solusi ideal negatif (D-), menentukan jarak antara nilai setiap alternatif dengan matriks Solusi Ideal Positif ( A+), dan matriks solusi Ideal Negatif ( D-) dan nilai preferensi, berdasarkan hasil pengujian tersebut, dapat menghasilkan peningkatan pengambilan keputusan yang lebih lanjut waktu yang lebih lama, dan waktu, yang lebih cepat, dan Waktu) , dan Preferensi , yang relevansi , dari SPK, dan sistem ini, yang digunakan untuk keputusan yang telah dilakukan secara paralel. Keputusan , proses yang akan menghasilkan keputusan yang tepat waktu yang sesuai dengan SPK , dll) - , masing- (SPK) ).",ai
JIP (Jurnal Informatika Polinema) (IndoT5 Parafrase),2017,"jerawat adalah penyakit kulit yang cukup besar jumlah penderitanya, sistem yang dirancang dan diimplementasikan berbasis dekstop, menggunakan bahasa pemrograman Visual basic, dan basis data XAMPP, dengan 7 penyakit, 32 gejala penyakit dan 18 tindakan pengobatan penyakit, menghasilkan persentase sebesar 83. 3 %, yang menunjukkan bahwa aplikasi sistem pakar ini cukup efektif. , dan juga telah diuji dan divalidasi oleh pakar dan beberapa pengguna. ( 1 ) dari aplikasi tersebut dapat digunakan. - aplikasi sistem ini memiliki aplikasi yang cukup banyak aplikasi yang sangat penting untuk aplikasi.",ai
JIP (Jurnal Informatika Polinema) (IndoT5 Parafrase),2017,"Untuk saat ini, banyak website hotel yang menawarkan kemudahan untuk melihat dan memesan kamar hotel, namun, situs pencarian hotel tersebut memiliki harga kamar yang berbeda-beda, yang berarti aplikasi ini dapat digunakan oleh pengguna / pencari hotel dalam membandingkan harga kamar hotel dari beberapa website pencarian sesuai dengan kebutuhan, menggunakan metode Analytic Network Process (ANP), yang artinya aplikasi tersebut dapat digunakan untuk membandingkan harga sebuah hotel dari berbagai layanan online yang berbeda. - Sistem pendukung keputusan yang dibuat ini telah diuji dengan menggunakan kuisioner yang berarti bahwa aplikasi ini akan digunakan oleh operator hotel yang sesuai dengan cara yang disediakan oleh pengguna/mencarian hotel yang cocok untuk mendapatkan hotel yang relevansi hotel.",ai
JIP (Jurnal Informatika Polinema) (IndoT5 Parafrase),2017,"(2) Penelitian ini menggunakan 100 sampel dengan 70 latih dan 30 uji, dengan akurasi 96,67% dari data sampel, menunjukkan bahwa klasifikasi kualitas tanaman Cabai di kota Blitar masih dilakukan secara manual oleh pegawai terkait, sehingga dapat disimpulkan bahwa penelitian yang menggunakan metode Fuzzy K-Nearest Neighbor (FKNN) memiliki kinerja yang baik dalam mengklasifikasikan kualitas tanaman Cangkang di Kota BLITAR telah menghasilkan kualitas yang baik. Kualitas yang merata pada proses produksi, maka dapat disimpulkan untuk klasifikasi kualitas Cangkuang di Kota Tunjukkan bahwa (T) (D) Data yang digunakan untuk tujuan untuk tujuan sebagai bahan olahan, ) , %, , dan 30 , 0 ).",ai
JIP (Jurnal Informatika Polinema) (IndoT5 Parafrase),2017,"Untuk membantu seorang pengguna yang ingin mendapatkan pengetahuan tentang deteksi penyakit ini, sistem pakar yang baik dirancang untuk menampilkan hasil deteksi berdasarkan 2 faktor, yaitu ukuran keyakinan yang berasal dari pengethuan seorang pakar dan ukuran ketidakpercayaan yang berasal oleh pengguna atau pengguna, sehingga hasil yang dihasilkan memiliki faktor keyakinan dari sumbernya, yaitu pakar dan pengguna. ( 1 ) - Sistem Pakar - Deteksi Penyakit Infeksi Genitalia Interna pada Wanita, dengan menggunakan metode certainty factor, yang dapat menghasilkan faktor kepercayaan dari pihak sumber, yaitu ahli dan Pengguna atau User ( ) ( OJ ), dan pengguna ( User) , sebagai berikut (1).",ai
JIP (Jurnal Informatika Polinema) (IndoT5 Parafrase),2017,"Sejahtera Citra Abadi, selama ini kenaikan jabatan masih dilakukan secara manual, sehingga tidak menutup kemungkinan pengambilan keputusan dilakukan secara subjektif dengan hanya melihat aspek tertentu saja, selain itu seleksi kandidat yang dilakukan dengan aplikasi ini dapat memberikan hasil yang cukup akurat, hal ini dibuktikan dengan pengujian yang dilakukan dari perbandingan antara seleksi manual dan seleksi sistem dengan ketepatan 95%. ) , yang dapat membantu memecahkan masalah tersebut. Keputusan yang didukung oleh sistem pendukung keputusan (SPK) yang dapat memfasilitasi pemecahan masalah tersebut, dengan menyesuaikan bobot dan kriteria yang tepat. - (PSIS) (A) dalam bentuk angka- (a) ` `.",ai
JIP (Jurnal Informatika Polinema) (IndoT5 Parafrase),2017,"( 1 ) Proses pengiriman pada PT. Pos Indonesia saat ini masih mengalami kesulitan dalam menentukan rute terpendek dan pendataan pengiriman setiap wilayah atau rute yang sudah ditentukan, karena masih terjadi surat atau dokumen dan barang yang akan dikirim kepada penerima tersebut melewati dari rute atau wilayah meskipun sudah disortir ke tujuan masing-masing, sehingga diperlukan sistem pencarian jalur terpendek untuk jasa pengiriman barang dengan menggunakan metode algoritma dijkstra, metode yang cukup populer karena dapat membantu operator pos dalam menentukan jarak terpendek dan data pengiriman setiap daerah atau rute.",ai
JIP (Jurnal Informatika Polinema) (IndoT5 Parafrase),2017,"Semakin terang kondisi jalan, semakin tinggi tingkat ketepatan yang diperoleh, maka diperlukan metode untuk menghitung lama lampu lalu lintas menyala dengan waktu sesuai dengan jumlah kendaraan. Sistem ini mengimplementasikan 4 kamera pada persimpangan, kamera mengambil gambar saat jalur kosong, dan mengambil gambar setiap sequence sebagai input, dan menghitung jumlah objek sebagai input dari logika fuzzy Tsukamoto, yang menghasilkan lama lampu merah menyala, sedangkan lama lampu hijau menyala dihitung dengan menjumlahkan lama lampu biru menyala dari jalur lain. -, semakin besar jumlah antrian, semakin banyak jumlah kendaraan, semakin lama lentera hijau menyala, dan lebih banyak cahaya, semakin terang kondisi jalanan, semakin baik. kecerahan yang lebih banyak kecepatan yang lebih tinggi tingkat akurasi yang lebih akurat yang lebih baik, semakin cerah. Semakin redupnya, semakin tepat waktu yang lebih terang, semakin akurat. - jumlah objek yang dihasilkan.",ai
JIP (Jurnal Informatika Polinema) (IndoT5 Parafrase),2017,"(Technique for Order Preference by Similarity to Ideal Solution). Metode yang digunakan pada sistem pendukung keputusan ini adalah metode TOPSIS, yang merupakan salah satu metode pengambilan keputusan untuk menentukan pilihan terbaik dari kriteria tertentu, untuk setiap siswa yang secara langsung dinilai oleh guru pengajar, yang terdiri dari nilai akademik, prestasi, sanksi, absensi, nilai Intelektual dan kepribadian. siswa akan mendapatkan rekomendasi untuk kelas unggulan berdasarkan hasil nilai siswa yang telah diproses menggunakan metode TOPSI, yang akan menghasilkan beberapa nilai akhir dari setiap alternatif yang akan diurutkan berdasarkan nilai siswa akan menghasilkan rekomendasi untuk Kelas Unggulanas untuk kelas Unggulan - Pilihan yang ideal.",ai
JIP (Jurnal Informatika Polinema) (IndoT5 Parafrase),2017,", peneliti merancang sebuah game berdasarkan keadaan hutan saat ini di Indonesia, dengan menggunakan media pembelajaran edukasi digunakan untuk memberi pengetahuan tentang jenis hutan dan manfaatnya agar game menjadi lebih menarik, dan musuh tipe jarak dekat agresif menembak jika pemain dekat dengan jarak musuh (90% perilaku menyerang). Oleh karena itu, penggunaan fuzzy dalam permainan ini telah berjalan dengan baik, dimana musuh jarak dekat menjadi cukup agresif ( 9 % perilaku menyerang ). , maka dari itu dilakukan pemberian pop-up tentang informasi hutan yang ada di Indonesia dan cara menjaganya agar tetap lestari. - , dan cara melestarikan hutan yang penting.",ai
JIP (Jurnal Informatika Polinema) (IndoT5 Parafrase),2017,"(1) Penelitian ini merupakan penelitian korelasi, menggunakan metode Case Based Reasoning (CBR) dengan menghitung masing-masing huruf pada setiap kata yang diucapkan dengan kata yang sudah ada pada aplikasi, sedangkan untuk memberikan bobot pada huruf menggunakan metode nearest neighbor, dimana yang sering muncul adalah yang memiliki bobot terbesar, dan 0,5517241379 terhadap Al Falaq, yang memiliki nilai kedekatan yang paling dekat dengan data yang diperoleh dari nama surat Al Quran yang sudah pernah ada, yang merupakan nilai kedekatan dari 5 kasus lama, terdapat kasus baru yang memiliki karakteristik yang memiliki kemiripan yang lebih dekat dengan aplikasi yang berkaitan dengan pendekatan yang relevansi , yang digunakan untuk aplikasi. s - yang telah ada dari aplikasi.",ai
JIP (Jurnal Informatika Polinema) (IndoT5 Parafrase),2017,"Untuk mengatasi masalah ini, wisatawan Muslim dari luar daerah atau luar negeri yang melintasi atau sedang berlibur di Bali terkadang masih kesulitan untuk menemukan lokasi Rumah Makan Halal, selama ini wisatawan Muslim tersebut masih mencari secara manual, yaitu dengan cara melihat petunjuk arah atau plang nama dipinggir jalan, atau bertanya kepada beberapa orang sekitar, yang merupakan suatu masalah yang harus segera diselesaikan oleh Pemerintah Provinsi Bali untuk melayani masyarakat dengan baik. , dan sebagai hasilnya adalah informasi yang menunjukkan lokasi rumah makan halal, serta rute menuju rumah makan tersebut, dan rute ke rumah makan itu. tujuan yang terakhir, aplikasi tersebut, yang terakhir ini, yang lain yang lebih lanjut, yang lebih jauh dari lokasi tersebut dalam mencari lokasi yang bersangkutan, dan lokasi yang terdekat.",ai
JIP (Jurnal Informatika Polinema) (IndoT5 Parafrase),2017,"soft-comuting adalah kegiatan perjalanan yang dilakukan oleh seseorang atau sekelompok orang yang mengunjungi suatu tempat untuk tujuan tertentu, seperti rekreasi atau mempelajari keunikan daya tarik wisata yang dikunjungi, dengan menggunakan algoritma genetika, yang sering digunakan untuk menyelesaikan masalah optimasi dengan menggunakan konsep evolusi biologis dan menghasilkan output berupa kombinasi jalur rute perjalanan. Sistem ini dapat digunakan untuk membantu wisatawan domestik dan manca negara dalam mengenal Kota Batu untuk solusi pencarian rute wisata. Rute terpendek perjalanan wisata Kota Batu dapat dimanfaatkan pada permasalah tersebut. - Rute perjalanan yang terpendek dapat ditemukan.",ai
JIP (Jurnal Informatika Polinema) (IndoT5 Parafrase),2016,"Ini adalah metode yang digunakan untuk mengambil angka permutasi secara acak dengan menggunakan metode Fisher-Yates Shuffle sebagai algoritma pengacak rotasi kepingan puzzle dan pegacak puzzle yang dikeluarkan setiap kali bermain, maka dibuatlah gamepuzzle 2d “Tangram Puzzle"" sebagai media pembelajaran mengenai bentuk geometri dasar. Pengujian yang dilakukan menunjukkan bahwa penggunaan metode Fisher - Yates shuffle sebagai pengacakan urutan scene dan sumbu z kepingan Puzzle yang dihasilkan setiap kali memainkannya berfungsi dengan baik. (78%) ( ) ) - (A) ` (a) s () a (z ) dari masing-.",ai
JIP (Jurnal Informatika Polinema) (IndoT5 Parafrase),2016,"(2) Penelitian ini mengembangkan aplikasi dengan menggunakan metode ant colony atau koloni semut, yaitu sebuah metode yang meniru perilaku semut dalam mencari sumber makanan dan kembali ke sarangnya secara alami mampu menemukan rute terpendek, dan semut yang melewati rute terpendek akan meninggalkan aroma pheromone yang lebih tajam dan aroma tersebut diikuti oleh semut yang lain menuju bahan makanan. Kesimpulan dari penelitian ini adalah 80% bermanfaat dan 80% mudah digunakan untuk diterapkan pada aplikasi ini. Rute angkutan apa saja yang harus dinaiki dan jalur mana yang harus dilalui. , dan sebagian besar merupakan yang terbaik di Indonesia. ) , aplikasi yang relevansi. - s , dan aplikasi yang dapat diterapkan untuk aplikasi. aplikasi ` transportasi yang tepat waktu tempuh dan rute yang sesuai dengan cara yang diinginkan.",ai
JIP (Jurnal Informatika Polinema) (IndoT5 Parafrase),2016,"Dilanjutkan dengan merancang ontologi berdasarkan class-class dari hasil clusteringartikel Wikipedia Indonesia dan dilengkapi dengan definisi property dari masing-masing class, pencarian artikel pada aplikasi ini diuji dengan menggunakan 3 perhitungan untuk mengukur tingkat akurasi sistem, yaitu Precision, Recall dan F-Score 0. 6935 atau dengan persentase akurasi 69,35%. 000, atau dengan persen akurasi 69. - Metode yang dapat memecahkan masalah ini. s - yang sesuai yang sesuai dengan metode ini.",ai
JIP (Jurnal Informatika Polinema) (IndoT5 Parafrase),2016,"Ini akan membahas klasifikasi kehamilan beresiko dengan menggunakan metode K-Nearest Neighbor, yang diharapkan dapat mendeteksi sejak dini dan mengurangi kematian ibu, janin dan bayi akibat kehamilan berisiko, meskipun angka yang ditargetkan tidak selalu sesuai dengan hasil yang ada di lapangan. Dengan kondisi seperti itu, metode ini dapat dikategorikan baik dalam mengklasifikasikan kehamilan berisiko ini. , dengan membandingkan data yang diperoleh dari dinas kesehatan (puskesmas) dengan sistem, dan menghasilkan tingkat akurasi sebesar 93 % dengan menggunakan nilai K = 5, maka metode tersebut dapat dikategorikan sebagai metode yang baik. - , sehingga metode ini , dan metode yang sesuai dengan cara yang relevansimetric , yang sesuai untuk metode ini. 2 , , pada saat ini, dan bayi.",ai
JIP (Jurnal Informatika Polinema) (IndoT5 Parafrase),2016,", penelitian ini menawarkan untuk memberikan pengembangan keamanan pada citra digital, informasi tak hanya disimpan di komputer, tetapi juga dapat dikirimkan dan disimpan di internet, informasi juga dapat disimpan dalam bentuk citra digital dengan parameter perbedaan 1 bit pada kunci baris dan kunci kolom yang digunakan. Penyimpanan tipe PNG memiliki keuntungan yang paling banyak karena file PNG berukuran paling kecil dan dapat memberikan hasil dekripsi dengan kecocokan 100% dengan citra asli. , meskipun keamanan yang diberikan masih kurang. dan dapat menghasilkan citra yang terenkripsi. data yang akan menghasilkan gerbang XOR yang dihasilkan dari setiap piksel yang aman terhadap serangan kunci yang dihasilkan oleh algoritma kubus - citra yang telah dibuat oleh mereka. masing-diimplementasikan pada citra yang asli - pada setiap piksel `. _ yang digunakan ; *.",ai
JIP (Jurnal Informatika Polinema) (IndoT5 Parafrase),2016,"Untuk meningkatkan kinerja setiap resort ptn perlu adanya penilaian yang dilakukan secara berkala oleh jajaran pengelola TNBTS, tetapi penilaian saat ini masih dilakukan secara manual dan menggunakan pandangan individu, sehingga tidak dapat diukur dengan baik. Sistem Pendukung Keputusan Penilaian Kinerja Resort Pengelolaan Taman Nasional Bromo-Tengger Semeru, hasil dari sistem ini telah diuji kecocokannya dengan perhitungan Petugas TN BTS, dengan tingkat kecocokan 75%. Oleh karena itu, sistem tersebut telah dirancang dan dapat diimplementasikan. , sehingga sistem tersebut dapat digunakan. - aplikasi ini, dan dapat digunakan oleh sistem tersebut. (a) , dan aplikasi tersebut, sehingga dapat digunakan untuk menilai kinerja yang bersangkutan, aplikasi tersebut harus digunakan oleh pihak berwenang, aplikasi ini dapat digunakan dalam aplikasi tersebut dapat diterapkan oleh aplikasi tersebut , aplikasi yang tepat, dan Aplikasi ini.",ai
JIP (Jurnal Informatika Polinema) (IndoT5 Parafrase),2016,"Dibutuhkan sistem pendukung keputusan untuk memilih lokasi strategis untuk membuka cabang usaha makanan dengan menggunakan metode AHP (Analytical Hierarchy Process), yang dapat memberikan hasil yang cukup akurat dalam situasi semi terstruktur dan tidak terstruktur, dengan memberikan nilai subjektif tentang pentingnya setiap variabel secara relatif dan menetapkan variabel mana yang memiliki prioritas paling tinggi untuk mempengaruhi hasil pada situasi tersebut. Hasil akhir ini berupa rekomendasi lokasi strategis yang dapat membantu usaha waralaba makanan untuk menentukan lokasi cabang baru, yang diharapkan dapat membantu para pengusaha dalam menentukan lokasi bisnis baru. , yang telah dilakukan dengan keakuratan 99, yang terakhir dari aplikasi yang sesuai dengan cara yang telah dibuat di lokasi yang telah. - lokasi - lokasi strategis - lokasi yang tepat waktu yang telah digunakan oleh perusahaan yang tepat - proses yang tepat. ( ) yang tepat, yang konsisten, yang relevansi , sebagai berikut ,. tingkat ketepatan yang paling tinggi.",ai
JIP (Jurnal Informatika Polinema) (IndoT5 Parafrase),2016,"Untuk membantu para tukang ojeg saat ini, sulitnya bersaing dengan tukang ojek berbasis online yang saat ini sedang naik daun, maka titik atau marker pada peta google maps akan dihubungkan dan disimpan sehingga jarak antar titik dapat diketahui yang nantinya akan dihitung jarak terdekat antar titik, lalu diambil nilai terkecil dari jarak antar marker tersebut dan diperoleh rute mana yang akan dilalui agar dapat mencapai tujuan dengan lebih cepat, hasil pengujian yang dilakukan adalah sebagai berikut: - Metode Dijkstra dapat digunakan untuk membantu para Tukang Ojek tidak kehilangan pelanggan mereka dan meningkatkan pendapatan mereka. Keputusan Rute mana yang harus dicapai oleh tukang Ojek. _ untuk mendapatkan rute yang lebih efisien dan menghasilkan rute yang akan menjadi lebih cepat menuju tujuan. - di mana yang lebih cepat. a - Rute yang paling dekat masing-masing-masing - rute.",ai
JIP (Jurnal Informatika Polinema) (IndoT5 Parafrase),2016,"( 1 ) Metode yang digunakan dalam penelitian ini adalah metode AHP-TOPSIS. AHP digunakan untuk menentukan bobot kriteria dan uji konsistensi, sedangkan TOPSIS digunakan untuk menilai lulus tidaknya siswa pemilihan pertukaran pelajar sesuai dengan kuota yang ditentukan oleh pengambil keputusan, sehingga dapat disimpulkan bahwa hasil dari sistem ini dapat dijadikan referensi dalam pengambilan keputusan untuk memilih siswa yang lulus dalam pertukaran pelajar. yaitu, nilai rata-rata, kepribadian, pengetahuan budaya, kemampuan seni, wawancara dan tes tulis. -Rangkaian (0 -49, 50 -R ) , dan , , yang digunakan untuk tujuan , yaitu , :. - R pada s di sebagai berikut:. _R ; masing- dari mereka.",ai
JIP (Jurnal Informatika Polinema) (IndoT5 Parafrase),2016,"Ini juga memiliki banyak alat kontrol atau alat gerak yang digunakan untuk alat kontrol utama, baik console maupun komputer, Kinect yang dibuat oleh Microsoft pada tahun 2010. Kinect adalah alat yang menggunakan gerak tubuh sebagai alat masukan atau inputan, sehingga aplikasi edukatif ekosistem laut dibuat dengan menggunakan Kinect sebagai alat utama penggerak, yang diharapkan dapat meningkatkan pengetahuan seseorang tentang infromasi ekosistem laut yang ada di Indonesia. , dan akan meningkatkan pengetahuan mereka tentang informasi ekosistem laut di Indonesia.",ai
JIP (Jurnal Informatika Polinema) (IndoT5 Parafrase),2016,"Di Indonesia, jaringan telekomunikasi milik PT. Telkom telah mencakup hampir seluruh wilayah yang terbagi dalam wilayah wilayah yang lebih kecil, dengan mempertimbangkan berbagai aspek yang akan dijadikan sebagai acuan dalam menentukan lokasi yang membutuhkan penambahan jaringan. Pembobotan tersebut dilakukan pada setiap lokasi yang akan menjadi kandidat untuk penambahan kapasitas jaringan, dari pembobotan tersebut akan menghasilkan peringkat dari setiap daerah yang membutuhkan peningkatan kapasitas. , oleh karena itu perlu dilakukan pemetaan terhadap wilayah jaringan milik PT TELKOM, selanjutnya dari pemetaan tersebut dapat diketahui lokasi mana saja yang membutuhkan tambahan kapasitas jaringan. ukuran dari setiap lokasi tersebut harus sesuai dengan cara ini. (Tel) ( ) , dan wilayah yang memerlukan , masing-lokasi yang lebih besar, dan seterusnya.",ai
JIP (Jurnal Informatika Polinema) (IndoT5 Parafrase),2016,"djikstra untuk pencarian jalur terpendek untuk pertimbangan jarak dan geolocation sebagai pendeteksi dimana pengguna berada berfungsi sebagai pendukung dalam mendukung proses publikasi tersebut, dan diharapkan dapat menyajikan fitur pencarian jarak terpendek untuk lokasi tempat-tempat yang dikategorikan di kota malang dan dapat menampilkan rute berupa nama jalan yang dapat dilalui, jarak tempuh, serta review tempat tersebut, dengan berbasis web.",ai
JIP (Jurnal Informatika Polinema) (IndoT5 Parafrase),2016,"Semantic yang cocok digunakan sebagai solusi untuk masalah ini adalah ontologi. Ontologi akan memodelkan dan menghubungkan antara entitas alam dan beberapa entitas lainnya, seperti makhluk hidup, penggolongan makhluk hidup dan energi, berdasarkan pengujian, aplikasi ini mampu mengklasifikasikan informasi tentang alam berdasarkan entitas yang dimiliki seperti Makhluk Hidup, Penggolongan Makhluk Hidup dan Energi, ketika pengguna memasukkan kata kunci, sistem dapat melakukan klasifikasi pada alam berdasarkan informasi yang sudah dimiliki. (1) - Informasi tentang Alam, dengan cara yang lebih sederhana untuk dipahami.",ai
JIP (Jurnal Informatika Polinema) (IndoT5 Parafrase),2016,"Ini adalah sistem pendukung yang dibutuhkan oleh lembaga pendidikan, Paud/TK Tanwirul Qulub, untuk menentukan pendidik yang akan mengajar di lembaga tersebut, sistem pendukung keputusan seleksi calon pendidik merupakan sistem yang dapat membantu meningkatkan efektivitas dan efisiensi tim seleksi, untuk meningkatkan kecepatan dan validitas pengambilan keputusan yang berkaitan dengan kegiatan operasional, dan untuk meningkatkan kualitas calon pendidik mereka dengan menggunakan sistem pendukung ini. (Teks dengan relevansi EEA), yang akan diterapkan dalam bahasa pemrograman web PHP. , sehingga sistem pendukung seperti itu dapat membantu dalam menentukan calon pendidik. - metode yang digunakan untuk menentukan kriteria calon pendidik (A) ( ) s. , untuk memilih dan menghitung kriteria yang akan menjadi peserta didik , untuk tujuan ini.",ai
JIP (Jurnal Informatika Polinema) (IndoT5 Parafrase),2016,"(Decision Support System) atau SPK (Sistem Pendukung Keputusan) dipilih oleh Rumah Sakit Jiwa Dr. Radjiman Wediodiningrat, yang memiliki kelebihan antara lain TOPSIS digunakan untuk menyelesaikan masalah dengan berbagai kriteria dengan menerapkan bobot nilai pada setiap kriterianya, karena kemampuannya untuk menghitung banyak kriteria, juga perhitungan yang dilakukan masih secara manual. , sehingga dapat disimpulkan bahwa sistem ini telah diimplementasikan dengan baik, baik secara validasi sistem dan ketepatan waktu yang mencapai 100%. ), yang sesuai untuk mengatasi masalah yang sesuai dengan tujuan yang tepat waktu yang tepat. - Sistem Pendukung Keputusan (sistem).",ai
JIP (Jurnal Informatika Polinema) (IndoT5 Parafrase),2016,"Untuk tahun 2015 ini, Jawa Timur Park Group berencana untuk meningkatkan jumlah kunjungan wisatawan ke Kota Batu pada umumnya dan objek wisata Jawa timur Park Group pada khususnya menjadi 4,5 juta wisatawan, maka sistem informasi prediksi ini dapat digunakan untuk mengetahui perkiraan jumlah wisatawan yang datang ke Jawa Timurpark Group pada periode berikutnya. , sehingga dapat memberikan kemudahan bagi bagian pemasaran Jawa Timur Grup dalam membuat kebijakan rencana kedatangan wisatawan. (Teks dengan relevansi EEA) dari sistem informasi perkiraan tersebut. ) , dan (anya) s.",ai
JIP (Jurnal Informatika Polinema) (IndoT5 Parafrase),2016,"(CDSS) adalah sistem yang dirancang untuk membantu para profesional klinis dalam mengambil keputusan, dengan menggunakan logika fuzzy, kekuatan api yang diperoleh pada setiap aturan fuzzy untuk setiap penyakit kulit dan kelamin pada basis pengetahuan, kemudian disusun dengan menggunakan rata-rata terbobot. Hasil dari Rata-rata Terbobot ini merupakan output dari tingkat resiko penyakit yang dialami oleh seorang pasien. 000, yang merupakan output tingkat risiko penyakit yang diderita oleh pasien (5) ( ).",ai
JIP (Jurnal Informatika Polinema) (IndoT5 Parafrase),2016,"SISTEM INFORMASI yang dikembangkan dan analisa yang dilakukan pada toko emas Maju Sari menunjukkan alur transaksi dan hasil historis penjualan barang (kalung, liontin, anting, giwang, gelang, dan cincin) pada tahun 2012 hingga 2014 untuk dianalisa, dengan menggunakan VB. Net sebagai bahasa pemrograman dan SQL Server sebagai basis data dapat disimpulkan bahwa sistem tersebut berjalan sesuai dengan alur proses transaksi dan perkiraan jumlah penjualan dan pembelian pada masa mendatang, sehingga dapat membantu Toko Emas Maju Sari dalam menentukan jumlah stok barang untuk penjualan ke depan, sehingga toko emas untuk menentukan jumlah barang untuk menghitung jumlah stok yang akan digunakan untuk perhitungan) , untuk tujuan dari sistem informasi yang telah dibuat oleh toko emas yang tepat waktu yang tepat.",ai
JIP (Jurnal Informatika Polinema) (IndoT5 Parafrase),2015,"FORWARCHING adalah metode penalaran yang dimulai dari fakta yang diketahui menggunakan mesin inferensi, pencarian dilakukan dengan menggunakan aturan, jika kondisi terpenuhi, tindakan digunakan untuk memperoleh fakta baru dan melanjutkan proses hingga kesimpulan dicapai. Untuk membuat sistem pakar diagnosa penyakit pada burung puyuh digunakan 20 sampel data uji dari sebuah peternakan. Hasil pembahasan menunjukkan bahwa sistem tersebut telah berhasil menyimpulkan jenis penyakit dan solusi penanganannya. (Teks dengan relevansi EEA), dan keakuratannya sebesar 85% dan presisi sebesar 100%. Kesimpulannya, sistem tersebut berhasil menyimpulkan penyakit dan kesimpulan. (F) (P ) s -.",ai
JIP (Jurnal Informatika Polinema) (IndoT5 Parafrase),2017,"`` Game fighting sendiri adalah salah satu pertunjukan yang dimiliki oleh Indonesia, dan salah satu kisah yang sering digunakan adalah ""Mahabharata"". Menceritakan konflik antara Dewa dan Kurawa, dari kedua belah pihak memiliki pasukan atau ksatria yang memiliki kekuatan dan cara bertarung sendiri, sehingga metode N-gram sangat cocok untuk diimplementasikan pada game ber-genre pertempuran. Pemain akan melakukan tindakan seperti maju, mundur, lompat, jongkok, menyerang 1 dan menyerang 2, kemudian kecerdasan buatan. N-gram adalah metode untuk memprediksi gerakan pemain. - Dan kemudian N-graft _ _ ` - ` _ * yang paling populer di platform seluler.",ai
JIP (Jurnal Informatika Polinema) (IndoT5 Parafrase),2015,"Ini telah beberapa kali dilakukan dengan dua metode yang berbeda, yaitu certainty factor dan dempster shafer, meskipun masing-masing peneliti mengklaim berhasil dalam jurnalnya, tetapi metode dempter shafer lebih tepat digunakan pada diagnosa jenis penyakit diabetes melitus, yang gejalanya hampir sama. Dari hasil analisis statistik, kesimpulannya adalah bahwa ada perbedaan hasil diagnosis antara kedua metode tersebut, dan bahwa metode Dempster Shafer lebih cocok untuk digunakan pada diagnosis penyakit diabetes.",ai
JIP (Jurnal Informatika Polinema) (IndoT5 Parafrase),2015,"Ini adalah sistem pakar diagnosa penyakit paru-paru yang menggunakan metode forward chaining untuk mencari fakta dan metode faktor kepastian untuk menghitung tingkat kepercayaannya, yang akan menghasilkan keakuratan sistem pada tahun 2013. Penelitian ini menghasilkan ketepatan diagnosis penyakit 86,66 %, dan kesalahan 13,34 % dari 15x pengujian. , dari 15 kali pengujian, yang dapat membantu kerja seorang ahli. ( 1 ) , yang merupakan hasil dari 15 x pengujian. s , yang digunakan untuk tujuan ( 2 ), ( 3). _ (2 ) oleh para ahli ( 5 ); ( 4).",ai
JIP (Jurnal Informatika Polinema) (IndoT5 Parafrase),2017,"Di daerah pedesaan yang terbatas, serta kurangnya penyebaran pengetahuan, sistem pakar harus mampu bekerja dalam ketidakpastian, sehingga perlu ditambahkan metode Certainty Factor (CF) untuk mengatasi masalah ini. Sistem dikembangkan dengan menganalisis gejala penyakit yang diinputkan, kemudian diproses menggunakan kaidah produksi dan perhitungan CF. Ketepatan output sistem dibuktikan dengan hasil validitas sistem dengan pakar. 7 kasus menghasilkan tingkat ketepatan 85,71%. , dengan tingkat akurasi 85,07 %. - , pada 7 kasus. 3 kasus dengan pakar (5) ( ), ( 1 ).",ai
JIP (Jurnal Informatika Polinema) (IndoT5 Parafrase),2017,"(Technique for Order Preference by Similarity to Ideal Solution) masih menggunakan cara manual sehingga pengambilan keputusan untuk pemilihan membutuhkan waktu yang lama. Anggota calon Paskibraka dipilih melalui penilaian yang akan dilakukan secara terkomputerisasi dengan penilaian kriteria pada setiap siswa, untuk mengetahui anggota yang berhasil atau tidak dalam pemilihan anggota Paskibra di tingkat kota. Perbedaannya terletak pada pembulatan bilangan pecahan dalam sistem. , dari data yang diuji coba, nilai persentase kemiripan nilai 93%. Siswa yang tidak sama, perbedaannya. - metode yang digunakan pada sistem aplikasi ini s dan.",ai
JIP (Jurnal Informatika Polinema) (IndoT5 Parafrase),2015,"Ini adalah salah satu program pemerintah yang diberikan kepada keluarga miskin dengan memberikan Raskin, dalam menentukan calon penerima raskin, pemerintah memiliki berbagai kriteria untuk membantu pemerintah dalam membandingkan hasil nilai setiap warga sesuai dengan tingkat kemiskinannya, dan tingkat ketepatan SPK dalam penelitian ini mencapai 99,99%. Sistem Pendukung Keputusan ini telah diuji dengan membandingkan hasil output sistem dengan perhitungan manual. Berdasarkan hasil tersebut, sistem dapat menentukan kelayakan setiap keluarga dalam menerima raskin. , dan keakuratan SPK di bawah penelitian ini sebesar 99,9 %. Tingkat keakuratan SPS dalam Penelitian ini ( ) (2) s (S) ` SPK ` SPK yang tepat sasaran (a) masing-untuk tujuan yang diusulkan oleh masyarakat miskin (s) , %; % % -.",ai
JIP (Jurnal Informatika Polinema) (IndoT5 Parafrase),2017,"(Teks dengan relevansi EEA) Dengan menggunakan metode algoritme K-means Clustering, penelitian ini menghasilkan tingkat kepuasan pelanggan terhadap kualitas layanan BKM Muslimat Kepanjen, dengan 3 cluster akhir pada setiap kategori, dengan kategori empati yang memiliki tingkat kepuasan terendah, dengan cluster tidak puas sebesar 63,64 %. Dengan tingkat kepuasan klien yang diketahui, maka pihak BKK Muslimat dapat mengambil kebijakan evaluasi di bidang pelayanan yang prosentase kepuasan pelanggannya rendah, dan untuk mempertahankan pelanggan atau pasien lama. dari pelanggan yang telah diketahui, dan yang telah diidentifikasi secara online. - pendekatan yang telah ditentukan oleh pelanggan yang sudah diketahui s yang telah ditetapkan dalam kaitannya dengan tingkat kepuasan yang telah dilakukan oleh pelanggan atau klien yang telah.",ai
JIP (Jurnal Informatika Polinema) (IndoT5 Parafrase),2015,"(menghasilkan library kata berdasarkan KBBI), Tokenizing Plus adalah proses untuk mendapatkan kata dasar dan kata majemuk yang ada pada KBBI, metode yang digunakan adalah TF-IDF dan Cosine Similarity untuk mendapatkan nilai kemiripan. Sistem ini membandingkan isi jurnal secara keseluruhan mulai dari abstrak, judul dan konten. Bandingkan seluruh isi jurnal di beberapa lembaga pendidikan. : aplikasi sistem pendeteksi kemiripan jurnal. skema ini harus diterapkan untuk mengurangi kasus plagiasi.",ai
JIP (Jurnal Informatika Polinema) (IndoT5 Parafrase),2016,"Di Kota Batu, tanah longsor tidak dapat dicegah secara pasti, tetapi kita dapat melakukan upaya untuk meminimalisir jatuhnya korban dan kerugian yang banyak ketika terjadi tanah longsor dengan menggunakan metode SMART (Simple Multi-Attribute Rating Technique) untuk menentukan tingkat status daerah rawan longsor. Tanah longsor di Kota Batu dapat mengganggu kelancaran mobilitas dan merugikan masyarakat, karena akses mobilitas atau jalan disana terdiri dari lereng dan bukit yang curam. Tingkat Status Daerah Rawan Longsor (SMART), untuk menentukan level status daerah Rawan longsor (MRA). ( MRA) (L ) ).",ai
JIP (Jurnal Informatika Polinema) (IndoT5 Parafrase),2015,"watermark dengan metode Discrete Cosine Transform dapat diterapkan untuk meningkatkan keamanan citra digital, karena metode ini lebih kokoh terhadap manipulasi citra seperti kompresi hingga 50%, sedangkan pada penggantian background, penambahan filter, dan rotate dapat merusak wallmark setelah proses ekstraksi. `` Dengan adanya masalah tersebut, maka perlu dibuat sebuah metode untuk melindungi hak cipta dari citra digital yang terwatermark, dengan cara yang lebih baik. (Teks yang ditambahkan dan perubahan warna menghasilkan kualitas citra yang baik, setelah ekstraksi.",ai
JIP (Jurnal Informatika Polinema) (IndoT5 Parafrase),2016,"Tomah Jaya Elektrikal adalah perusahaan yang bergerak di bidang kontraktor listrik, dalam mengelola bisnisnya terdapat 2 bidang pekerjaan yaitu administrasi dan pekerjaan lapangan, data masa lalu digunakan untuk memprediksi sesuatu di masa mendatang, data yang akan digunakan juga menunjukkan adanya tren, sistem ini dapat meramalkan kebutuhan stok barang untuk periode 1 periode / 1 bulan ke depan, dengan tujuan untuk meminimalkan dan mengatasi masalah tersebut. kesalahan / kesalahan peramalan sangat berpengaruh terhadap kesalahan/kesalahan dalam peramalan. , dan pada saat pelayanan, jumlah barang yang dipesan sangat kecil dan kuantitas barang menurun kualitas karena terlalu lama disimpan secara keseluruhan. (a) ( ) () ) - Sistem ini (l ) sebagai berikut (b ) dari layanan.",ai
JIP (Jurnal Informatika Polinema) (IndoT5 Parafrase),2016,"Untuk mengatasi masalah tersebut, Bank Sahabat Sampoerna memiliki masalah terkait dengan pengelolaan pinjaman modal kerja, seperti penentuan pengajuan apakah seseorang layak, tidak layak atau ditangguhkan untuk pinjaman dana kerja, aplikasi ini memiliki fitur pengelolaan data pribadi nasabah, sistem pengambilan keputusan, hasil dari sistem ini adalah laporan rekap peminjaman modal kerja untuk usaha mikro. , yang dapat membantu pihak bank dalam membuat keputusan tentang pengajuan modal kerja. dana kerja yang layak atau tidak layak, dan harus ditangguhkan. perusahaan dapat dilakukan dengan mudah. Dengan adanya aplikasi ini, keputusan tersebut.",ai
JIP (Jurnal Informatika Polinema) (IndoT5 Parafrase),2016,"TIK memiliki berbagai macam algoritma dan teknik untuk menyelesaikan masalah yang berkaitan dengan data, salah satunya adalah algoritma fp-growth dan teknik association rules, yang menunjukkan nilai dukungan dan kepercayaan dari masing-masing proses mining. Dari hasil pengujian yang dilakukan, algoritma FP-Growth serta teknik Asseciation Rules berjalan sesuai harapan dan dapat diimplementasikan pada aplikasi data mining ini. (Teks dengan relevansi EEA), aplikasi tersebut dapat dianalisis tingkat keberhasilannya dan dapat diterapkan pada aplikasi Data Mining ini. aplikasi data tersebut dapat digunakan dalam aplikasi data yang relevansi yang dapat digunakan untuk aplikasi data.",ai
JIP (Jurnal Informatika Polinema) (IndoT5 Parafrase),2015,"Ini adalah metode yang berbeda dengan metode kriptografi yang mengubah informasi menjadi sandi sehingga tidak dapat dibaca tanpa mengetahui kunci atau sandi yang digunakan, tetapi keberadaannya tetap diketahui dan tidak disembunyikan. Steganography menggunakan algoritma discrete cosine transform menghasilkan gambar steganography dengan kualitas yang tidak jauh berbeda dari aslinya, hal ini ditunjukkan oleh besarnya nilai rata-rata hasil peak Signal to Noise Ratio (PSNR) dari tiga gambar yang berbeda, yaitu 37. Hasil pengujian kompresi steganografi menyimpulkan bahwa pesan dalam gambar hasil steganograph.",ai
JIP (Jurnal Informatika Polinema) (IndoT5 Parafrase),2016,"(2) Deteksi jenis kelamin berdasarkan citra wajah jarak jauh dengan metode Haar Cascade Classifier dapat digunakan untuk membedakan wajah wanita dan pria dengan jarak kurang dari 200 cm, data yang dilakukan untuk proses pelatihan adalah 150 wajah laki-laki dan 150 wajah perempuan, dari jumlah wajah tersebut diambil 100 citra wajah untuk setiap jarak 100, 150 dan 200 cm. Untuk klasifikasi jenis kelamin, perbandingan 2 metode klasifikasi adalah sebagai berikut: 1. Klasifikasi Jenis Kelamin, Diperbandingkan dengan 2 Metode Klasifikasi, yaitu: ( 1 ) (1) - ( 2) ) Klasifikasi Jenis kelamin (3) , dan (b).",ai
JIP (Jurnal Informatika Polinema) (IndoT5 Parafrase),2015,", kurangnya informasi dan pengetahuan tentang budaya Indonesia mengakibatkan kurangnya apresiasi terhadap budaya Indonesia, khususnya tari tradisional, karena kemajuan teknologi saat ini memungkinkan seseorang untuk berinteraksi dengan perangkat komputer melalui gerakan, wajah, dan suara, kemampuan interaksi tersebut khususnya dalam mendeteksi gerakan dapat digunakan sebagai alat pembelajaran budaya Indonesia khususnya tarian tradisional. , oleh karena itu dibuat aplikasi pembelajaran tarian tradisional dengan tujuan untuk meningkatkan apresiasi seseorang akan budaya Indonesia terutama tari tradisional. - Tarian tradisional - Tari tradisional - Tarian Tradisional - tarian tradisional - tarian.",ai
JIP (Jurnal Informatika Polinema) (IndoT5 Parafrase),2016,"temu kembali citra yang mirip menggunakan metode histogram warna fuzzy dan chi-square distance telah jamak digunakan di dalam sistem temu ulang citra, tetapi temu balik dengan query teks tidak efektif jika deskripsi citra tidak mengambarkan konten yang terkandung dalam citra. Dari latar belakang tersebut, sistem yang diuji mampu menemukan kembali citra serupa serta mampu menemukan citra yang serupa dalam koleksi citra homogen dan heterogen dengan kesesuaian terhadap pengamatan manusia masing-masing sebesar 89,5% dan 78%.",ai
JIP (Jurnal Informatika Polinema) (IndoT5 Parafrase),2016,"( 1 ) Dengan menggunakan metode Teorema Bayes dengan menggunakan probabilitas bersyarat sebagai dasarnya, Metode Bayes juga merupakan metode untuk menghasilkan estimasi parameter dengan menggabungkan informasi dari sampel dan informasi lain yang telah tersedia sebelumnya, menunjukkan bahwa program aplikasi menghasilkan nilai akurasi 90 % pada 15 sampel data gejala penyakit. Berdasarkan pengujian 15 sampel menunjukkan bahwa Program Aplikasi menghasilkan nilai ketepatan 90 0%. , berdasarkan 15 sampel gejala penyakit, dan juga dapat mengetahui solusi atau solusi yang tepat untuk menangani penyakit tersebut. 1 , yang merupakan dasar untuk diagnosis penyakit ini 2 3 4 s -.",ai
JIP (Jurnal Informatika Polinema) (IndoT5 Parafrase),2015,"(2) Peramalan merupakan komponen pendukung dalam aktivitas perencanaan dalam membuat prediksi bisnis untuk mendapatkan hasil yang maksimal, dan hasil pengujian MAPE (Mean Absolute Percentage Error) menunjukkan hasil yang sangat baik, dengan tingkat kesalahan yang paling kecil, untuk meramalkan jumlah stok barang di CV. Annora Asia, dengan menggunakan metode double exponential smoothing menghasilkan hasil yang cukup besar, karena ditemukan nilai sebesar 4,82866%.",ai
JIP (Jurnal Informatika Polinema) (IndoT5 Parafrase),2016,"(UMKM) Cornnies dan Indri collection adalah perusahaan kecil yang dimiliki dan dikelola oleh seseorang atau dimiliki oleh sekelompok kecil orang dengan jumlah kekayaan dan pendapatan tertentu, oleh karena itu diperlukan aplikasi untuk mendukung pengambilan keputusan mengenai pemilihan media online sebagai sarana periklanan. Keputusan ini telah diuji dengan membandingkan hasil output sistem dengan hasil keputusan manual. Keputusan tersebut telah dievaluasi dengan perbandingan hasil output Sistem dengan hasil Keputusan Manual. - Keputusan ini dibuat dalam hal ini.",ai
JIP (Jurnal Informatika Polinema) (IndoT5 Parafrase),2016,"Untuk mengatasi masalah tersebut, PT. Angkasa Pura I berperan penuh dalam mengatasi masalah ini, dengan menggunakan kartu RFID sebagai alat identifikasi atau pemberian pas bandara yang digunakan oleh pegawai eksternal sebagai izin memasuki area tertentu, sistem ini juga mampu meningkatkan kinerja petugas keamanan, mudah dioperasikan, dapat dijadikan laporan pendataan pelanggan yang masuk atau keluar di area bandara secara jelas dan terperinci, dan memudahkan petugas dalam pencatatan dan manajemen data pelanggan. Data pelanggan tertentu yang dirahasiakan juga didukung oleh model algoritma RSA, yang merupakan algoritma enkripsi dan deskripsi kriptografi yang digunakan untuk memastikan bahwa data yang disimpan dapat diakses. prosedur keamanan ( ) ( 1 ) - ( 2 ). (2) , (3) ` dari pihak berwenang ,. untuk tujuan pada s , dan keamanan , yang diperlukan. , dll , untuk ; yang dapat digunakan.",ai
JIP (Jurnal Informatika Polinema) (IndoT5 Parafrase),2016,"Ini diharapkan dapat membantu mengelola dan mendokumentasikan semua surat yang ada di BPAD (Badan Perpustakaan Arsip dan Dokumentasi) Kabupaten malang, baik surat masuk maupun surat keluar, dengan cara dienkripsi menggunakan algoritma BLOWFISH untuk mengamankan data arsip surat yang penting agar data aman dan jauh dari penyalahgunaan. aplikasi ini dapat memfasilitasi pencarian data, penyimpanan arsip dan mengamankan arsip gambar di BPD kabupaten malang menggunakan algoritma blowfish , sehingga aman dan terhindar dari penyalahgunaan data. Data aman dan Jauh Dari Resiko Penyalahgunaan.",ai
JIP (Jurnal Informatika Polinema) (IndoT5 Parafrase),2016,"Di bawah usia anak-anak, pengenalan bahasa Inggris harus dilakukan dengan cara yang menyenangkan, salah satunya adalah dengan menggunakan aplikasi pembelajaran yang dilengkapi dengan permainan, aplikasi ini dijalankan dengan menggunakan sensor Kinect dan menggunakan algoritma Fisher-Yates Shuffle untuk pengacakan soal pada permainan, sehingga aplikasi ini dapat digunakan sebagai alternatif media pengenalan Bahasa Inggris pada anak dengan permainan yang melibatkan aktivitas motorik. (2) Hasil pengujian yang telah dilakukan pada anak sekolah dasar menunjukkan bahwa aplikasi tersebut memiliki tingkat kepuasan hingga 80%. , oleh karena itu, aplikasi tersebut dapat digunakan.",ai
JIP (Jurnal Informatika Polinema) (IndoT5 Parafrase),2015,"(1) Penentuan lokasi klinik untuk pemeriksaan Infeksi Menular Seksual (IMS) merupakan kebutuhan, khususnya di Kabupaten MALANG, yang memiliki karakteristik khusus yang rentan terhadap keadaan ini, seperti jumlah lokalisasi, ketersediaan fasilitas laboratorium di Puskemas, jumlah TKI/TKW, dan jumlah pengguna narkoba suntik pada masing-masing kecamatan di Jawa Timur, dengan kriteria yang telah ditetapkan, nilai kriteria diperoleh dari input pengguna untuk menentukan tingkat kepentingan masingmasing kriteria, sedangkan nilai alternatif akan divisualisasikan ke dalam peta Sistem Informasi Geografis atau GIS, sehingga profil masing-kasus tersebut harus ditentukan oleh masing-tindakan pencegahan kasus tersebut, sehingga dapat diidentifikasi dalam kasus tersebut. kasus ini, yang bersangkutan, dimana kasus tersebut adalah bahwa kasus yang paling rentan terhadap kasus ini , yang berbeda, yang terkait dengan kasus ini. , dan sebagai daerah penyebaran HIV/T, yang relevansi, dan tingkat penyebarannya.",ai
JIP (Jurnal Informatika Polinema) (IndoT5 Parafrase),2016,"TIK dapat membantu pekerjaan manusia, khususnya yang berkaitan dengan pemrosesan atau distribusi informasi, namun, seiring dengan perkembangan tersebut, sistem keamanan yang dapat melindungi suatu informasi menggunakan ilmu untuk menyembunyikan atau mengamankan suatu pesan atau informasi ke dalam pesan lain, yaitu dengan teknik steganografi serta proses penyandian informasi atau data rahasia yang berbentuk teks menjadi bentuk lain yang tidak dapat dipahami, yaitu teknik kriptografi. Dengan menggabungkan kedua metode tersebut, pesan dan informasi yang disembunyikan akan sulit untuk dipecahkan atau dibobol. karena memiliki dua tingkat keamanan.",ai
JIP (Jurnal Informatika Polinema) (IndoT5 Parafrase),2016,"Ini mengusulkan sistem pendukung keputusan untuk menentukan tanaman obat berdasarkan jenis penyakit, untuk menghasilkan urutan alternatif tanaman obat terbaik menggunakan metode TOPSIS, berdasarkan pengujian, sistem ini dapat mengimplementasikan perhitungan dengan metode TOSSIS dengan tingkat akurasi 100% untuk masing-masing jenis penyakit yang diuji. , dan kandungan yang dimiliki tanaman obat tersebut. oleh karena itu, penelitian ini mengusulkan sebuah sistem untuk mendukung keputusan tentang tanaman obat yang sesuai dengan kebutuhan mereka. Jenis penyakit yang telah diuji adalah diabetes, hipertensi, Kolesterol. Kandungan yang dimiliki oleh tanaman obat ini.",ai
JIP (Jurnal Informatika Polinema) (IndoT5 Parafrase),2015,"apel adalah tanaman buah tahunan yang berasal dari daerah Asia Barat dengan iklim sub tropis, di Indonesia, apel mulai ditanam pada tahun 1934 dan berkembang pesat pada tahun 1960-an hingga saat ini. Apel di Kota Batu, Jawa Timur, merupakan buah yang menjadi ikon kota wisata ini, aplikasi sistem pakar berbasis web banyak digunakan oleh berbagai kalangan masyarakat, dan dapat mengambil keputusan dengan cepat merupakan nilai tambah dalam aplikasi Sistem Pakar. (CF) yang digunakan dalam penelitian ini adalah Certainty factor (CF), metode tersebut menyatakan tingkat kepercayaan dalam sebuah kejadian atau penilaian seorang pakar (D). aplikasi yang berkaitan dengan aplikasi yang relevansi (A) (B) , dan aplikasi tersebut (T) , dan saat ini - s dan sekarang `. untuk - dari ; sebagai aplikasi ( ).",ai
JIP (Jurnal Informatika Polinema) (IndoT5 Parafrase),2016,"mengidentifikasi produk hasil pertanian dan perkebunan secara otomatis dengan bantuan aplikasi pengolahan citra, pendukung identifikasi menggunakan bantuan media webcam sebagai pengambilan gambar tomat yang dibuat histogram warnanya, kemudian diidentifikasi menggunakan jaringan saraf tiruan agar komputer dapat memperoleh informasi citra dan dapat mengetahui jenis kematangan buah tersebut. Tingkat keberhasilan identifikasi kematangan buah tomat yang diperoleh menggunakan metode pembelajaran Perceptron memiliki tingkat keberhasilan 43,33%, sedangkan untuk setengah matang 6,66%, dan matang 26,66%. , 6,6 %, dan 26,6 6%. () (26,6 ) ( ). - _ (1) ` (a).",ai
JIP (Jurnal Informatika Polinema) (IndoT5 Parafrase),2015,"Ini menyediakan simulasi tes TOEFL iBT seperti halnya tes yang akan dihadapi, dan dapat membantu mahasiswa untuk mempersiapkan ujian TOEfl iBT dengan mengerjakan soal-soal yang ada pada aplikasi secara mandiri, selain berfungsi sebagai media informasi, web juga dapat digunakan sebagai media pembelajaran, misalnya pembelajaran Tes Bahasa Inggris sebagai Bahasa Asing (TOEFL). Tes ini terdiri dari empat sesi, Listening, Writing, Reading dan Speaking.",ai
JIP (Jurnal Informatika Polinema) (IndoT5 Parafrase),2016,"Ini adalah salah satu solusi yang berfungsi untuk mempermudah pihak bank dalam memberikan kredit kepada nasabahnya dengan cara membandingkan data nasabah, sehingga dapat meminimalisir kesalahan pihak bank ketika memberikan kredit. Salah satu metode Sistem Pendukung Keputusan adalah metode Saw dengan konsep dasar untuk mencari penjumlahan tebobot dari rating kinerja pada setiap alternatif pada semua atribut atau kriteria nasabah, kemudian dilakukan proses pemeringkatan yang menentukan alternatif yang optimal, yaitu nasabah yang layak mendapatkan kredit. , dan sebagai penyalur kredit, bank memiliki peran penting untuk membantu masalah keuangan bagi masyarakat. Masyarakat, kelayakan kredit juga dipengaruhi oleh beberapa kriteria tertentu.",ai
JIP (Jurnal Informatika Polinema) (IndoT5 Parafrase),2016,"Untuk mendeteksi kerusakan pada komponen mesin diesel PLTD, diperlukan sistem pakar berbasis desktop menggunakan dasar aturan (rule based reasoning) dengan metode forward chaining, yang dimaksudkan untuk membantu teknisi dalam mendeteksi kerusakan mesin diesel pltd dan juga digunakan untuk meringankan tugas seorang ahli (supervisor), yang dapat mengetahui dengan tepat tindakan yang akan dilakukan untuk mengatasi kerusakan tersebut. (Teks dengan relevansi EEA), dan untuk mengambil data di Poasia, Sulawesi Tenggara. , dan sebagai hasilnya adalah sebagai berikut: 1.",ai
JIP (Jurnal Informatika Polinema) (IndoT5 Parafrase),2016,"Di Kampung Inggris, ada banyak lembaga pengajaran bahasa Inggris yang didirikan dan proses penentuan LBB (Lembaga Bimbingan Belajar) yang dilakukan calon siswa di Kampung Inggris Pare saat ini masih manual, yaitu calon siswa datang ke LBB secara langsung dan mendaftar di LBB yang diinginkan, memberikan alternatif keputusan yang membantu calon siswa dalam memilih LBB di kampung Inggris pare dengan sistem pendukung keputusan yang lebih mudah dan lebih mudah. - Sistem pendukung keputusan untuk pemilihan LBB pada Kampung Inggris di Pare, yang merupakan salah satu metode pengambilan keputusan yang memudahkan calon siswa untuk melakukan pemilihan Lbb. aplikasi ini menyediakan sistem dukungan keputusan yang mendukung keputusan yang diperlukan oleh calon siswa yang dipilih di masing-proses yang relevansi yang sesuai kebutuhan calon siswa pilihan yang dipilih oleh para siswa di mana yang dipilih. , yang disediakan oleh setiap langkah-masing-.",ai
JIP (Jurnal Informatika Polinema) (IndoT5 Parafrase),2016,"Di Politeknik Negeri malang, pengolahan data alumni masih belum ada, sehingga alumni yang telah lulus masa studinya harus saling berkomunikasi baik dengan sesama alumni maupun dengan pihak kampus. Sistem ini juga telah diuji coba oleh beberapa pengguna dan hasilnya, setiap pengguna memiliki kemampuan untuk memproses data inventaris dengan mudah dan cepat. dan dapat diakses di mana saja dan kapan saja mereka inginkan.",ai
JIP (Jurnal Informatika Polinema) (IndoT5 Parafrase),2015,"(FMADM) Simple Additive Weighting (SAW) adalah metode dari sistem pendukung keputusan yang dirancang dan dikembangkan untuk membantu dosen dalam menentukan mahasiswa berprestasi, berdasarkan hasil uji coba, aplikasi ini dapat membantu proses perhitungan untuk merangking mahasiswa berdasarkan kriteria yang dimiliki oleh masing-masing mahasiswa. Berdasarkan hasil pengujian, aplikasi tersebut dapat membantu dalam proses perhitungan dalam pemilihan mahasiswa berprestasi di Politeknik Negeri Maarang dengan kriteria yang dimilikinya.",ai
JIP (Jurnal Informatika Polinema) (IndoT5 Parafrase),2015,"retrieval atau temu kembali informasi adalah sistem pencarian untuk menemukan kembali informasi, penelitian ini bertujuan untuk merancang dan mengimplementasikan sistem pencarian dokumen laporan penelitian untuk menemukan informasi dengan cepat dan efisien, dan dari hasil pencarian dapat diurutkan berdasarkan bobot informasinya. Hasil dari penelitian ini menunjukkan bahwa pembobotan kata dengan menggunakan TFIDF dapat me-retrieve dokumen yang relevan dengan query masukan pengguna. - Hasil dari studi menunjukkan bahwa bottlency - inverse document frequency (TF-IDF) dapat merestrukturisasi dokumen sesuai dengan cara yang relevansi data yang relevan.",ai
JIP (Jurnal Informatika Polinema) (IndoT5 Parafrase),2015,"Di steganography, ada beberapa media digital yang dapat digunakan sebagai cover untuk menyembunyikan keberadaan pesan, seperti : citra, audio, teks, video, dalam tugas akhir ini, media cover yang digunakan adalah citra digital dengan format piksel 24-bit Metode Steganografi yang dimaksud adalah metode yang menempatkan informasi di dalam derau semu di seluruh cover image. , dan dari hasil uji coba terhadap beberapa citra uji, dapat diketahui bahwa citra yang baik untuk digunakan sebagai citra cover adalah citra yang memiliki kekontrasan yang tinggi. (2) - citra yang tepat. - (3) - tugas utama - tugas yang diinginkan. (1) - tujuan yang diinginkan - tugas - tugas tersebut.",ai
JIP (Jurnal Informatika Polinema) (IndoT5 Parafrase),2015,"Di STAR Model Agency, sistem ini memberikan informasi mengenai data model, data pengajar, data klien, nilai model sebelum dan setelah treatment, statistika penilaian model, dan laporan data model yang diberikan kepada klien, tujuan utama dari sistem aplikasi ini adalah untuk memudahkan pihak manajemen agency dalam memilih dan memantau model yang akan diberikan kepada client dengan menggunakan metode monitoring yang tepat dan efektif. 2 tentang model yang dipilih dan dimonitor berdasarkan kategori yang diinginkan.",ai
JIP (Jurnal Informatika Polinema) (IndoT5 Parafrase),2015,"GI adalah salah satu alternatif yang dapat diberikan oleh pihak kepolisian kepada masyarakat Kota malang untuk memberikan informasi tentang wilayah kriminalitas yang tersebar di peta berbasis web, dengan ikon yang berbeda, aplikasi ini dapat menampilkan pemetaan kriminalitas dengan warna yang berbeda sesuai dengan banyaknya kejahatan yang terjadi, dan aplikasi tersebut dapat menampilkan statistik kriminalitas setiap kecamatan selama satu tahun. , dan data kriminalitas di kota malang, sebagai kota pendidikan dan pariwisata, untuk meningkatkan kewaspadaan terhadap tindak pidana yang dapat terjadi dimana saja. - (A) (masyarakat) , ( Masyarakat ) s dari dalam ,. ` ( ) ` _ `.",ai
JIP (Jurnal Informatika Polinema) (IndoT5 Parafrase),2015,"(QRCode) adalah jenis kode matriks atau barcode 2 dimensi yang digunakan untuk menyampaikan informasi dan mendapatkan respons dengan cepat. QRCode berfungsi sebagai “jembatan” penghubung cepat antara konten offline dan konten online, memungkinkan pengguna untuk berinteraksi dengan media yang ditempelinya melalui Smartphone secara efektif dan efisien. Tujuan dari penelitian ini adalah untuk membuat aplikasi Android Perpustakaan Politeknik Negeri malang.",ai
JIP (Jurnal Informatika Polinema) (IndoT5 Parafrase),2015,"Ini adalah sistem aplikasi untuk menentukan siswa berprestasi pada sistem informasi akademik di SMP Negeri 1 Sangkapura untuk mencari siswa terbaik berdasarkan kriteria yang telah ditentukan menggunakan metode SAS (Simple Additive Weighting), dengan hasil yang diperoleh yaitu peringkat siswa berprestasi. Berdasarkan hasil uji coba yang dilakukan oleh pihak sekolah, Sistem Aplikasi Penentuan Siswa Berprestasi telah berhasil menerapkan perhitungan nilai dalam penentuan siswa berprestasi dengan hasil sebagai berikut: siswa berprestasi, siswa berprestasi dan siswa ekskuluritas yang diambil dari nilai raport. (Teks dengan relevansi EEA) - Sistem Aplikasi yang sesuai dengan tujuan yang optimal siswa berprestasi (siswa berprestasi) (sekolah).",ai
JIP (Jurnal Informatika Polinema) (IndoT5 Parafrase),2015,"(Technique for Order Preference by Similarity to Ideal Solution), dengan pembobotan setiap kriteria untuk penilaian kinerja karyawan, metode TOPSIS dilakukan dengan menghitung jarak kedekatan relatif untuk setiap alternatif, nilai kedekatan relatif tersebut diurutkan berdasarkan rangkingnya dan selanjutnya akan digunakan sebagai bahan pertimbangan atasan untuk kenaikan gaji atau kenaikan jabatan. hasil kerja, dan prestasi kerja. Hasil pengujian menunjukkan bahwa sistem ini telah berhasil menerapkan metode yang berbeda dari bobot yang ada di setiap kriteria, tanpa mempengaruhi hasil penilaian karyawan yang sudah ada. kompetensi, kompetensi, dan produktivitas kerja , dan kinerja karyawan yang relevansimetric , , yang relevance, dan Kinerja yang konsisten, kinerja, dan pencapaian kinerja yang telah diterapkan pada karyawan.",ai
JIP (Jurnal Informatika Polinema) (IndoT5 Parafrase),2015,"(KBPR Amanah Kepanjen merekrut Account Officer sebagai surveyor lapangan untuk melihat kondisi riil calon debitur, dan kemudian data hasil survei diberikan kepada bagian kredit untuk diperiksa, sehingga pengambilan keputusan tentang kelayakan pengajuan kredit menjadi lebih sulit dan memerlukan kehati-hatian yang tinggi dari pengambil keputusan. , aplikasi ini tidak menggantikan peran Bagian Kredit sebagai pengambil keputusan, tetapi dapat menjadi pendamping pengambilan keputusan mengenai kelayakan pengajuan pinjaman di KBP Amanah. Berdasarkan hasil pengujian tersebut, tingkat keakuratan SPK dalam penelitian ini mencapai 97,78%. (3) (2) ) ( ) a () ` `. dari oleh , (Amanah) , dan kelayakan kredit (a). - (e) / (p ). Keputusan (D) nya; (1) KP ( PPK) :.",ai
JIP (Jurnal Informatika Polinema) (IndoT5 Parafrase),2014,"Untuk mengatasinya, sistem pakar dikembangkan dengan menganalisis gejala penyakit yang diinputkan yang kemudian diproses menggunakan kaidah produksi dan perhitungan CF, hasil diagnosis sistem menunjukkan kemungkinan penyakit yang diderita kelinci dan memberikan solusi penanganan pada penyakit dengan nilai CF terbesar. Ketepatan output sistem dibuktikan dengan hasil validitas sistem dengan pakar. (CF) - hasil dari suatu gejala dengan penyakit yang bersangkutan. , yang merupakan hasil dari validitas Sistem dengan Pakar (CFC). tentang bagaimana sistem dapat bekerja dalam ketidakpastian. pendekatan yang diperlukan ( CFC) ( ) s.",ai
JIP (Jurnal Informatika Polinema) (IndoT5 Parafrase),2015,"(INAICTA) 2013 merupakan kompetisi karya cipta kreativitas dan inovasi di bidang TIK (Teknologi Informasi dan Komputer) terbesar di Indonesia, yang bertujuan untuk terus mendorong perkembangan produk TIK lokal dengan meningkatkan kualitas dan inovasi produk, sehingga sistem pendeteksi kemiripan karya pada INAICta 2013 ini akan menghasilkan urutan tingkat kemiripan karya yang dibuat oleh para juri atau tim penilai berdasarkan penjelasan ringkas dari karya para peserta. , sehingga Sistem Pendeteksi Kesamaan Karya (Similarity) karya yang dihasilkan oleh para peserta dalam jumlah yang meningkat secara signifikansimetricr (VSM) (S) yang relevansi TIK yang mirip (SI) s ( ) ` `. `` yang lebih lanjut inovasi produk.",ai
JIP (Jurnal Informatika Polinema) (IndoT5 Parafrase),2015,"Di sekolah, orangtua siswa sangat terbatas dalam memantau kegiatan belajar putra-putrinya disekolah, apalagi untuk orang tua siswa yang bekerja di luar kota, sangat sulit bagi siswa untuk mendapatkan informasi nilai dan absensi secara langsung dari pihak sekolah, selain itu sistem ini dapat membantu siswa untuk terhindar dari teguran keras dari sekolah karena absensi dan nilai akademik mereka yang menurun. , dengan adanya sistem informasi akademik siswa menggunakan notifikasi SMS ini akan lebih memudahkan para siswa dalam mendapatkan informasi tentang nilai maupun absensi mereka yang dikirim melalui SMS.",ai
JIP (Jurnal Informatika Polinema) (IndoT5 Parafrase),2015,"Di SPBU (Stasiun Pengisian Bahan Bakar Umum)Sera KM 25, pengembangan aplikasi keuangan yang saat ini sedang berlangsung dibangun dengan menggunakan Visual Studio 2010 dan SQL Server 2008. Berdasarkan pengujian yang dilakukan, sistem yang dibangun dapat menyelesaikan masalah yang ada dalam sistem yang ada saat ini. data yang diproses di bawah sistem yang sedang berjalan yang tidak efisien dan tidak akurat. informasi yang dihasilkan dari sistem yang lama dapat diselesaikan dengan membangun sistem baru yang lebih efektif dan lebih akurat. , dan data yang dihasilkan oleh sistem yang sudah ada. - Masalah yang telah terjadi pada sistem yang telah digunakan untuk tujuan.",ai
JIP (Jurnal Informatika Polinema) (IndoT5 Parafrase),2014,"(1) Pengembangan sistem dilakukan berdasarkan tahapan pada metode pengembangan sistem waterfall, sedangkan penerapannya didasarkan pada analisis desain sistem yang telah dilakukan, sistem tersebut menghasilkan sistem informasi dengan layanan data dari masing-masing program studi, data akreditasi, data jumlah mahasiswa, data prestasi, data dosen, kerjasama dalam negeri, data kerjasama luar negeri, dan perhitungan kinerja dengan metode KPI (Key Performance Indicators) yang dapat memberikan penilaian kinerja yang lebih baik di Politeknik Negeri MALANG, berdasarkan hasil penelitian tersebut disimpulkan bahwa sistem informasi ini sesuai dengan kebutuhan untuk penyusunan LAP. (2) ( ) ) - (a) ` , yang telah diterapkan pada sistem yang sudah dilakukan oleh (T) , Sistem Informasi yang telah dilaksanakan. , dan aplikasi yang telah digunakan (A) /sistem yang relevansi (D).",ai
JIP (Jurnal Informatika Polinema) (IndoT5 Parafrase),2015,"Untuk saat ini, pembuatan jadwal perawatan mobil di rental mobil _maytrans masih berupa pencatatan pada buku pengelola, sehingga tidak akan ada lagi penumpukan jadwal perawatan kendaraan yang melebihi 3 mobil per hari, serta dilengkapi dengan estimasi biaya penggantian komponen mobil, penjadwalan perawatan otomatis dan hasil dari pengaturan perawatan mobil tersebut telah optimal sesuai dengan peraturan yang telah ditetapkan oleh pengelola rental. , sehingga optimalisasi jadwal pemeliharaan mobil yang telah dibuat sudah optimal. 000,- ,- aplikasi yang dibuat oleh pengelola. - aplikasi yang telah optimalisasi pengaturan jadwal perawatan yang telah diterapkan oleh sistem yang terakhir.",ai
JIP (Jurnal Informatika Polinema) (IndoT5 Parafrase),2014,"(1) Sistem pencatatan poin pelanggaran siswa di SMA Negeri 1 Purwosari terus bertambah dari tahun ke tahun, dengan berbagai macam pelanggaran yang dilakukan, sistem pencatatan pelanggaran ini menggunakan metode penjumlahan dari setiap komponen pelanggaran, yaitu komponen sikap dan perilaku, komponen kerajinan dan komponen kerapian, sehingga sistem informasi tersebut juga dapat menghasilkan informasi tersebut secara efisien dan efektif, untuk mengetahui tingkat pelanggaran siswa yang dilakukan. , dengan demikian dapat mendukung keputusan guru Bimbingan Konseling yang memberikan penilaian terhadap pelanggaran siswa dalam lingkungan sekolah sebagai pendukung keputusan guru bimbingan konseling (BK) , sehingga dapat menentukan tingkat pelanggaran yang sesuai dengan baik siswa di sekolah (B). - sekolah , dan seterusnya , sebagai berikut , yang dilakukan oleh siswa.",ai
JIP (Jurnal Informatika Polinema) (IndoT5 Parafrase),2015,"(Simple Multi-Attribute Rating Technique) adalah metode pengambilan keputusan multi-kriteria yang didasarkan pada teori bahwa setiap alternatif terdiri dari sejumlah kriteria yang memiliki nilai dan setiap kriteria memiliki bobot yang menggambarkan seberapa penting mereka dibandingkan dengan kriteria lain, untuk membantu dan mempermudah pihak manajemen dalam melakukan proses penilaian dan menentukan kategori karyawan berprestasi untuk setiap bulannya, aplikasi ini telah dirancang dan dikembangkan untuk tujuan membantu dan memudahkan pihak manajemen untuk melakukan penilaian kinerja karyawan dengan menggunakan metode SMART, sesuai dengan kebutuhan dan pedoman yang ditetapkan oleh Instansi tersebut dalam mencapai keputusan tersebut). Keputusan tersebut harus dilakukan secara manual, dan orientasi tujuan (SMART) (MET) - kriteria yang relevansimetric ( ) ) ` , aplikasi tersebut aplikasi tersebut aplikasi tersebut. aplikasi tersebut di atas dasar yang lain (a) , dan aplikasi ini.",ai
JIP (Jurnal Informatika Polinema) (IndoT5 Parafrase),2014,"Di Politeknik Negeri, dalam hal ini Program Studi Teknik Informatika, banyak metode yang digunakan dalam pengembangan perangkat lunak, salah satunya adalah metode FAST (Framework for the Application of System Technique), yang merupakan metode pengembangan aplikasi yang menggabungkan beberapa teknik pengembangan aplikasi lainnya, sedangkan berdasarkan hasil pengujian fungsional, aplikasi ini sangat mudah digunakan, 85% pengguna aplikasi ini mudah digunakan dan 10% pengguna mengatakan bahwa aplikasi ini sulit digunakan. - Aplikasi ini harus dibuat laporan skripsi berdasarkan disiplin ilmu yang telah diperoleh selama proses perkuliahan di perguruan tinggi, aplikasi tersebut harus dibuat sulit. - aplikasi ini harus digunakan oleh pengguna aplikasi itu sulit digunakan aplikasi ini. aplikasi ini membutuhkan aplikasi ini. aplikasi yang penting untuk aplikasi ini, aplikasi yang digunakan, aplikasi. aplikasi dapat digunakan pada aplikasi yang relevansi.",ai
JIP (Jurnal Informatika Polinema) (IndoT5 Parafrase),2014,"stock opname memberikan informasi mengenai barang yang ada di gudang, antara lain jumlah barang dan detail barang berupa merk dan nomor seri barang, yang ditampilkan secara mobile melalui aplikasi berbasis sistem operasi Android. Selain itu, juga disediakan fitur pencarian dan filter data untuk memudahkan pencarian barang dan fitur untuk mencetak laporan dari data tersebut. Ada juga fitur transaksi masuk dan transaksi keluar sebagai proses untuk melakukan pembelian barang dari supplier dan penjualan barang kepada bengkel yang membutuhkan. ( 1 ) OJ L 127, 7. 3 ( ) (1) s - barang. barang yang bersangkutan produk yang diperlukan.",ai
JIP (Jurnal Informatika Polinema) (IndoT5 Parafrase),2014,"(1) Tujuan utama dari aplikasi ini adalah untuk membantu pegawai dalam melakukan forecasting, menggunakan analisa runtut waktu (Time Series Analysis). Variabel yang digunakan hanya satu parameter untuk perhitungannya, sehingga dapat disebut metode Single Moving Average Method, yang menghasilkan nilai kesalahan yang cukup besar, melebihi standar deviasinya, dengan adanya data penjualan tempo hari, pegawai dapat memperkirakan jumlah barang sesuai dengan hasil peramalan tersebut. pola data yang bersifat siklis, dan karenanya tidak tepat untuk diterapkan pada pola data siklikal. pola angka kesalahan yang tidak sesuai dengan pola data penjualan tersebut harus diterapkan pada data penjualan yang akan menjadi lebih tepat untuk tujuan aplikasi ini. pola yang akan tetapi untuk pola data tersebut. pola sikilis - data yang relevansi - sikis.",ai
JIP (Jurnal Informatika Polinema) (IndoT5 Parafrase),2015,"( 1 ) Penelitian ini bertujuan untuk membuat Sistem Informasi Data Keuangan Laporan Akuntabilitas Kinerja (LAKIP) Politeknik Negeri malang berbasis web untuk memudahkan dalam pembuatan laporan akuntabilitas kinerja di Politeknik Negeri, yang sebelumnya data akuntabilitas masih manual, hasil dari sistem informasi ini adalah untuk membantu dalam pembuatan Laporan Laporan Kinerja Instansi Pemerintah (Lakip), dengan menggunakan bahasa pemrograman PHP yang diguankan untuk mengembangkan perangkat dan menggunakan mysql sebagai basis data. - Sistem Informasi ini diharapkan dapat membantu dalam penyusunan laporan kinerja Instansi Pemerintah. Laporan Kinerja Institusi Pemerintah ).",ai
JIP (Jurnal Informatika Polinema) (IndoT5 Parafrase),2015,"James, 1977: 77-79), atau Analisis Tingkat Kepentingan dan Kinerja/Kepuasan Pelanggan adalah salah satu program studi yang telah menghasilkan banyak lulusan, sistem ini menghasilkan informasi tentang persentase kepuasan alumni terhadap atribut kuesioner yang mempengaruhi kepuasan alumni, informasi rangking dan tingkat prioritas perbaikan atribut Kuesioner, yang selanjutnya akan menjadi bahan pertimbangan Program Studi Manajemen Informatika dalam memprioritaskan perbaikan layanan yang kurang memuaskan pelanggan dalam hal ini alumni, yang akan digunakan untuk tujuan mengevaluasi bagaimana aplikasi untuk tujuan untuk tujuan yang akan menjadi dasar untuk meningkatkan kualitas layanan yang akan membuat aplikasi yang akan membantu dalam skripsi tentang bagaimana membuat aplikasi untuk menilai layanan yang lebih lanjut, dan Kinerja , yang relevansi , dan Kepuasan, yang dihasilkan sebagai berikut: , di mana yang harus. kepada mereka, dan alumni yang dihasilkan, yang diinginkan, dan kepuasan pelanggan, , dll ,.",ai
JIP (Jurnal Informatika Polinema) (IndoT5 Parafrase),2014,"augmented reality adalah teknologi yang memungkinkan untuk menggabungkan objek 3D ke dalam lingkungan nyata secara langsung melalui sebuah kamera, untuk menampilkan informasi dari masing-masing tipe rumah, 3D modelling dibuat menggunakan Google Sketchup, Vuforia, dan Unity 3D sebagai game engine dalam pembuatan gadget dan virtual tour, berdasarkan hasil uji coba tersebut dapat disimpulkan bahwa aplikasi ini sangat menarik, desain aplikasi menarik, serta informasi yang disajikan menarik. (Teks dengan relevansi EEA), aplikasi ini telah diujicobakan pada beberapa pengguna Smartphone, Aplikasi ini telah dirancang untuk mendukung promosi yang menarik (t) (3D) a (V) - aplikasi , dan fitur yang menarik) , dan aplikasi , dll , aplikasi (A) ` untuk membuat aplikasi a, Augment s.",ai
JIP (Jurnal Informatika Polinema) (IndoT5 Parafrase),2014,"(Sistem Pakar) adalah sistem yang digunakan untuk memecahkan masalah yang dapat diselesaikan oleh orang biasa atau non-pakar, dengan menggunakan metode forward chaining yang dimulai dengan mencari fakta terlebih dahulu dan metode certainty factor (CF) untuk proses perhitungan tingkat kepercayaan di setiap rulenya, sistem memberikan nilai keputusan berdasarkan gejala yang dialami, dan nilai keyakinan CF terhadap gejala, berdasarkan penilaian Pakar terhadap ketepatan output sistem, yang menunjukkan bahwa sistem pakar untuk menentukan penyakit kucing dapat membantu baik pakar maupun orang yang tidak ahli. untuk mendeteksi penyakit yang diderita Kucing dapat membantu dalam kasus penyakit yang bersangkutan dapat mendeteksi penyakit kucing yang dapat melakukan diagnosis penyakit yang dapat ditemukan pada tahap analisis kebutuhan yang dapat dilakukan pada kucing.",ai
JIP (Jurnal Informatika Polinema) (IndoT5 Parafrase),2015,"Untuk memecahkan masalah, sistem pakar menggunakan pengetahuan berbasis pengetahuan yang dimasukkan ke dalam komputer, seorang yang bukan pakar menggunakan sistem pakar untuk meningkatkan kemampuan pemecahan masalah, sedangkan seorang pakar menggunakan Sistem Pakar untuk memberikan solusi sementara kepada pasien. Backward chaining adalah strategi pencarian yang arahnya berlawanan dengan runut maju. Proses pencarian dimulai dengan tujuan, yaitu kesimpulan yang menjadi solusi masalah yang dihadapi. , yang merupakan satu-satunya tempat berobat bagi masyarakat setempat. - ( TEN) ( ) (N ) ` ` _ `. `; sebagai berikut: (a) , sebagai berikut (B) / (IP). aplikasi s , tentang di mana:.",ai
JIP (Jurnal Informatika Polinema) (IndoT5 Parafrase),2015,"(2) Dalam penelitian ini, teknik yang digunakan untuk menyelesaikan masalah adalah dengan menggunakan teknik text mining. Teknik ini merupakan penerapan konsep dan teknik data mining untuk mencari pola dalam teks. Proses penganalisisan teks untuk mendapatkan informasi yang berguna untuk tujuan tertentu memerlukan lebih banyak tahapan, mengingat data teks memiliki karakteristik yang lebih kompleks daripada data biasa. Teks yang akan dianalisis harus memiliki lebih banyak tahap dibandingkan dengan teks yang sudah pernah diajukan sebelumnya. 1 yang telah dilakukan sebelumnya. Data yang telah dibuat lebih banyak langkah-proses data yang lebih rumit. - proses Data mining - proses data.",ai
JIP (Jurnal Informatika Polinema) (IndoT5 Parafrase),2015,"cloud computing seringkali diimplementasikan secaraon-premise, dimana pengguna dihadapkan pada masalah seperti tingginya biaya pengadaan infrastruktur hingga pemborosan sumber daya yang diperlukan untuk instalasi, maintenance dan pembaruan sistem. Pada penelitian ini, penulis menerapkan Cloud Computing dengan model Software as a Service pada Sistem Informasi Perhotelan untuk mengetahui apakah Cloud Computer dengan model SAP dapat mengatasi masalah yang muncul pada penerapan sistem informasi konvensional.",ai
JIP (Jurnal Informatika Polinema) (IndoT5 Parafrase),2014,"Ini adalah pendekatan untuk mencari kasus baru dengan kasus lama, yang didasarkan pada pencocokan bobot dari sejumlah fitur yang ada, algoritma K-Nearest Neighbour (KNN) digunakan dalam proses data mining untuk menganalisis gaya belajar, dengan akurasi 88%, yaitu pada K = 9. Error banyak terjadi pada parameter yang merupakan kombinasi dari beberapa tipe gaya belajar dan kesalahan terbesar adalah pada parameter visual, auditori dan kinestetik. - Gaya belajar adalah faktor penting yang mendukung pencapaian tujuan pembelajaran. aplikasi yang relevansi yang lain. - elemen yang sesuai dengan cara yang tepat. ` metode yang digunakan untuk analisis gaya belajar. - 9 0 6 s : di mana sebagai berikut ( 1).",ai
JIP (Jurnal Informatika Polinema) (IndoT5 Parafrase),2015,"Telkom sebagai salah satu perusahaan telekomunikasi terbesar di Indonesia, yang selalu berusaha untuk meningkatkan dan menjaga kualitas layanannya, dengan menyediakan layanan akses internet melalui produknya TDSL (Tube Data Sheet Locator) dan Telepon, sistem peramalan ini dapat digunakan untuk mengetahui prediksi/peramalan penjualan produk telekomunikasi pada tahun 2008-2012, sehingga dapat membantu PT. Telekomunikasi, TBK untuk menentukan pengambilan keputusan penjualan dalam jangka waktu tertentu, dapat disimpulkan bahwa sistem perampingan ini dapat diterapkan untuk tujuan mendapatkan informasi yang akurat untuk membuat rencana masa mendatang, dan untuk menentukan keputusan penjualan produk tersebut harus dilakukan untuk tujuan tersebut adalah untuk tujuan untuk mengembangkan sistem informasi yang relevansi , untuk melakukan analisis untuk tujuan dari sistem tersebut, untuk tujuan itu, untuk menyediakan layanan Internet, dan telepon , dan Telepon , dll.",ai
JIP (Jurnal Informatika Polinema) (IndoT5 Parafrase),2014,"Untuk setiap tahunnya, pengembangan sistem dilakukan dengan menggunakan metode Simple Additive Weighting (SAW) yang dapat memberikan penilaian skor terhadap pelamar beasiswa, pendaftaran beasiswa, seleksi pelamar beasiswa dengan metode Saw, pemeringkatan pelamar beasiswa dan penentuan penerima beasiswa sesuai dengan kuota masing-masing program studi, sehingga pengembangan menghasilkan sistem pendukung keputusan dengan Layanan Pengaturan Beasiswa, Pendaftaran Beasiswa, Seleksi Pendaftar Beasiswa (BBM) yang memiliki kualifikasi untuk pelamar beasiswa yang kurang mampu, dan Surat Perintah Sebelas Maret (Supersemar) yang merata kualifikasi. - Program Studi yang memenuhi kualifikasi yang sesuai dengan program studi yang tepat sasaran yang tepat waktu yang sesuai jenis beasiswa yang merata. (AW) (S) yang relevansi (a) yang konsisten. , dan (s) yang sesuai kriteria dan penerima beasiswa yang proporsionalitas yang sesuai kuota program studi.",ai
JIP (Jurnal Informatika Polinema) (IndoT5 Parafrase),2014,"(Matos) adalah salah satu mall di kota malang yang memiliki bangunan besar, luas, dan banyak toko di setiap lantai, fitur 3D modelling dibuat menggunakan Google Sketchup dan Unity 3D sebagai game engine untuk membuat lingkungan virtual, yang kemudian di-build ke web agar dapat digunakan pada website dengan plugin Unity Web Player, kemudian virtual reality akan digabungkan dengan hasil pembuatan web dan digital signage yang dapat digunakan oleh pengunjung. aplikasi ini telah diuji cobakan pada beberapa pengguna dengan mengunggah ke web hosting, dan informasi yang berguna untuk menampilkan dan memproses data yang menarik. - aplikasi ini - aplikasi tersebut - aplikasi yang sangat menarik. , aplikasi yang relevansi tampilan yang menarik , dan aplikasi yang menarik, aplikasi ini , dll , yang menarik aplikasi ini. s - dari situs tersebut menjadi lebih menarik, dan menyajikan informasi yang menarik dan informasi. ( ) , serta aplikasi yang diinginkan.",ai
JIP (Jurnal Informatika Polinema) (IndoT5 Parafrase),2015,"Ini adalah salah satu alternatif yang dapat digunakan untuk mendeteksi kemiripan dokumen dengan membandingkan pattern (pola) yang ada pada dokumen teks, algoritma ini menggunakan hashing untuk menemukan substring (bagian dari string) dalam sebuah teks dengan menggunakan K-gram, menunjukkan bahwa algoritma ini dapat bekerja dengan baik dalam mendeteksi similarity dokumen dengan menunjukkan jumlah karakter yang digunakan sebagai pola dalam hashing, yang akan menjadi tolok ukur untuk mengetahui seberapa besar kemiripan dokumen yang ada di dalamnya, tanpa menyertakan referensi ke sumber aslinya, untuk mengatasi hal ini. - aplikasi pendeteksi kemiripan yang dapat diterapkan untuk mengatasi masalah ini. (gambar) () yang sama ( ) , dll.",ai
JIP (Jurnal Informatika Polinema) (IndoT5 Parafrase),2015,"`` Pengujian dilakukan dengan dua cara, yaitu pengujian sistem admin dan pengujian yang mengikutsertakan pengguna dalam memberikan penilaian hasil mesin pembuat puisi, untuk kata pertama, baris, irama, sajak, keindahan kata, dan isi, dan untuk kata kedua, ketiga hingga ke-n, sistem akan mengacak kata sesuai tema yang telah dipilih, berdasarkan frekuensi yang sering digunakan dalam bank puisi. Dari hasil tersebut dapat dinilai rata-rata bahwa aplikasi ini baik atau cukup untuk membantu orang membuat puisi. Dengan demikian, aplikasi ini dapat digunakan untuk membantu manusia membuat puisi ini - dari : pada yang lebih lanjut untuk aplikasi oleh pengguna mereka di mana aplikasi ` fitur , dan struktur data yang relevansi tentang menggunakan metode Monte Carlo ; sebagai berikut masing- teks. ` _ dalam bahasa akhir.",ai
JIP (Jurnal Informatika Polinema) (IndoT5 Parafrase),2014,"Untuk mengatasi ketidakkonsistenan, penerapan metode Dempster Shafer pada sistem pakar digunakan untuk memecahkan masalah seperti yang biasa dilakukan para ahli, nilai kepercayaan atau densitas terbesar menunjukkan hasil diagnosa penyakit Diabetes Melitus. Berdasarkan hasil lab gula darah, umur, jenis kelamin, riwayat keluarga, dan gejala yang dialami, sistem diagnostik ini dapat menjadi alternatif solusi sebagai media konsultasi bagi pengguna untuk mendapatkan informasi kemungkinan tingkat resiko tipe pada penyakit diabetes melitus yang dialami. , dengan demikian dapat memberikan alternatif solusi untuk mengatasi ketidak konsistenan. ( 1 ) ( 2 ( 3) , ( ). (3) ` () - (2).",ai
JIP (Jurnal Informatika Polinema) (IndoT5 Parafrase),2015,"Untuk meningkatkan layanan penjualan tiket dan untuk memudahkan calon penumpang membeli tiket, penyedia jasa khususnya pada PT Pelayaran akan dimudahkan dalam menjalankan bisnisnya, karena proses penjualan tiket yang masih manual, sehingga penyedia tiket akan kesulitan dalam melayani calon penumpang dalam waktu bersamaan saat ramai-ramai khususnya pada musim mudik. Maka dibuatlah sistem informasi penjualan tiket untuk meningkatkan perbaikan pelayanan penjualan tiket, dengan fitur pengaturan jadwal keberangkatan, mengelola booking, memperbarui informasi, dan menyediakan laporan.",ai
JIP (Jurnal Informatika Polinema) (IndoT5 Parafrase),2015,"reservasi sistem informasi berbasis web dikembangkan di UMM INN, yang menyediakan berbagai fasilitas untuk memastikan konsumen menghabiskan waktu dengan cara yang spesial. Manfaatkan Wi-Fi di tempat umum, lift, transfer bandara/hotel, restoran yang disediakan hotel, TV, pembuat kopi/teh, ruangan bebas rokok, fasilitas menyetrika, ruang duduk dapat ditemukan di setiap kamar Untuk meningkatkan jumlah pengunjung, pengunjung dapat memperoleh informasi dan berita tentang fasilitas yang ada di Hotel UMM Inn. Fasilitas ini menawarkan fasilitas rekreasi seperti taman. - Taman adalah apa yang dapat dinikmati oleh konsumen selama tinggal. Layanan ini adalah apa punch - fasilitas yang disediakan oleh hotel ini - hotel. - Hotel - hotel - fasilitas - layanan yang terbaik - fasilitas. fasilitas ini - fasilitas tersebut - fasilitas mereka sendiri - fasilitas ini.",ai
JIP (Jurnal Informatika Polinema) (IndoT5 Parafrase),2015,"Sehubungan dengan analisis SOA pada layanan e-Commerce, 10 layanan utama adalah merchant service, login service, kategori layanan, produk layanan, order service, konfirmasi pembayaran, customer service, setting service, akun bank service, dan blog service. Dalam penelitian ini, analisis dan desain arsitektur aplikasi yang dapat digunakan adalah berbasis Web Service (SOA). , yang merupakan solusi untuk mengatasi masalah dalam bidang pemrosesan data atau informasi suatu organisasi yang terus berkembang dan berkembang sesuai dengan kebutuhan. diperlukan untuk mengembangkan dan menerapkannya. - Layanan e- , dan pengembangan layanan eCommercy , sebagai berikut: , di mana.",ai
JIP (Jurnal Informatika Polinema) (IndoT5 Parafrase),2015,"Untuk saat ini, pembuatan jadwal sidang skripsi di jurusan elektro program studi teknik Informatika masih dilakukan secara manual oleh koordinator skripsi, salah satu dosen pembimbing harus hadir pada saat mahasiswa yang dibimbingnya melakukan sidang, dan dosen penguji sidang tersebut tidak boleh menguji di ruang yang lain pada sesi yang sama. Pemilihan ruang, waktu, mahasiswa dan dosen pembimbing diacak oleh sistem dengan, sehingga optimalisasi penjadwalan sidang yang telah dibuat sudah optimal. , dan sebagai hasilnya, aplikasi tersebut telah berhasil membuat jadwal yang optimal. - aplikasi tersebut, untuk membuat jadwal sidang yang tepat waktu yang sesuai dengan yang tepat Waktu yang tepat. ( 1) , aplikasi yang terakhir. dari aplikasi tersebut , dalam aplikasi tersebut adalah , yang bersangkutan, dan , masing-sistem tersebut, dan seterusnya.",ai
JIP (Jurnal Informatika Polinema) (IndoT5 Parafrase),2015,"Untuk mengatasi masalah ini, sistem pakar diagnosa penyakit pada burung kenari dengan metode Certainty Factor (CF) dikembangkan dengan menganalisis gejala penyakit yang diinputkan, kemudian diproses dan diperhitungkan dengan CF, hasil diagnostik sistem menampilkan penyakit yang diderita Burung Kenari dan memberikan solusi untuk penyakit dengan nilai prosentase certainty factor terbesar dalam diagnosis penyakit burung Kenari. , untuk mendapatkan keakuratan atau ketepatan perhitungan dalam mendiagnosis gejala penyakit pada Burung Kenia.",ai
JIP (Jurnal Informatika Polinema) (IndoT5 Parafrase),2015,"(LBS), yang menggunakan sistem operasi Android, merupakan implementasi dari mobile GIS (Geographic Information System) yang menampilkan posisi geografis keberadaan posisi pengguna dari perangkat mobile melalui GPS (Global Positioning System) sehingga dapat mengidentifikasi lokasi seperti lokasi kuliner dari pengguna. Dengan fitur tersebut, Sistem Pencarian Lokasi Kuliner di Kota malang ini dapat menyajikan informasi dan pencarian lokasi kuliner di kota malang yang dapat membantu mengembangkan obyek kuliner tersebut. , oleh karena itu, sistem ini dapat menyediakan informasi dan mencari lokasi kuliner untuk tujuan tersebut, yang diperlukan untuk mengembangkan lokasi tersebut. - fitur tersebut , yang akan memberikan referensi yang dapat memfasilitasi pengembangan lokasi baru , dengan fitur ini , dan lokasi yang relevansi , dll , untuk tujuan (Gis) ( GPS) ) , serta lokasi yang diperlukan. fasilitas tersebut, sebagai berikut ,.",ai
JIP (Jurnal Informatika Polinema) (IndoT5 Parafrase),2015,"(2) Berdasarkan hasil uji coba yang dilakukan, sistem manajemen proyek dan kolaborasi tim pengembang perangkat lunak yang terintegrasi dengan chat membantu manajer proyek untuk mengelola proyek, mengatur jadwal proyek, menetapkan tim yang terkait dengan pekerjaan proyek, membuat tugas yang diberikan kepada anggota tim dapat diselesaikan tepat waktu, hasil produk yang dihasilkan sesuai dengan yang diharapkan, dan waktu pengerjaan proyek lebih efisien tanpa mengganggu kerja tim selama proyek berlangsung. , dan tidak mengganggu kerja sama tim saat mengerjakan proyek tersebut. dan waktu penyelesaian proyek lebih efektif tanpa mengganggu kerjasama tim dalam mengerjakan proyek. ( ), Sistem ini, aplikasi yang dihasilkan dari setiap hari kerja proyek yang telah dilakukan pada saat mengerjakannya masing- , , sistem ini, dan mengembangkan sistem , aplikasi web , pemrograman, dan , sebagai berikut: , di atas dasar, dan seterusnya , mereka.",ai
Jurnal TEKNOINFO Teknokrat (IndoT5 Parafrase),2017,"augmented reality (AR) adalah teknologi yang memungkinkan untuk melihat dunia nyata dengan benda-benda maya yang dimasukkan secara real time dengan dunia nyata, sehingga dapat memberikan pengalaman baru yang menarik dan interaktif bagi masyarakat, karena objek gedung yang ditampilkan adalah objek 3D, bukan hanya 2D saja. Kata kunci: aud, 3d, gedung, pemerintahan, kota Bandar LAMPIRAN, Kota Bandar LEBARANG: Augmenting Reality (argumented Reality), gedung pemerintahan, pemerintah kota, pemerintahan. (2D) () ) /lokasi gedung pemerintahan.",ai
Jurnal TEKNOINFO Teknokrat (IndoT5 Parafrase),2016,"Direct and Monitor (EDM), Aligning Plan and Organise (APO), Buat Acquire and Implement (BAI), Deliver Service and Support (DSS) dan Monitoring Evaluate and Assure (MEA) digunakan untuk mengetahui kelemahan-kelemahan sistem pada PT Kereta Api Indonesia (Perusahaan) Divre IV Tanjungpinang, yang bertujuan untuk mengetahui sejauh mana integritas data dan informasi telah diterapkan dengan baik dalam mendukung pencapaian tujuan perusahaan kurang maksimal. ) , dan , yang dimaksudkan untuk memastikan bahwa , untuk memastikan integritas data yang tepat dan Implementasi , sehingga untuk meningkatkan integritas data (T) ), dan Data ( BAI).",ai
Jurnal TEKNOINFO Teknokrat (IndoT5 Parafrase),2016,"(2) Dalam Sistem Pendukung Keputusan terdapat berbagai metode yang dapat membantu pengambilan keputusan dalam menentukan penerima beasiswa, di lapangan masih ditemukan kurangnya kejelasan dalam pemberian beasiswa yang disebabkan oleh sistem yang masih konvensional atau manual, selain itu tidak dapat melihat perbandingan berpasangan dari masing-masing kriteria yang sudah ditentukan. Dengan memperhatikan masalah yang ada dalam pengambilan keputusan mengenai pemilihan penerima beasiswa. diharapkan hasil dari penelitian ini dapat membantu pengambil keputusan dalam penentuan penerima beasiswa tersebut. , dengan memperhatikan masalah-masalah yang ada pada pengambilan keputusan untuk memilih penerima beasiswa dan dengan menggunakan metode AHP, dengan melihat masalah yang telah ditentukan , dan dengan bantuan Keputusan , Metode AHP , dalam hal-keputusan , sebagai berikut , untuk tujuan untuk menentukan penerima.",ai
Jurnal TEKNOINFO Teknokrat (IndoT5 Parafrase),2017,"( 1 ) Penelitian ini menggunakan smartphone Cross A88, Smartfren C2 dan Lenovo, dan hasilnya menunjukkan bahwa sistem kontrol lampu ruangan dapat dioperasikan secara tepat dan efisien dengan adanya sistem timer dan sistem pemberitahuan jika kondisi lampu ruangan dalam kondisi hidup, yaitu 20 meter untuk ruang tertutup dan 62 meter untuk ruangan terbuka atau luar rumah, dan jarak jangkauan kontrol dipengaruhi oleh kualitas bluetooth yang dimiliki Smartphone. , dan sensor LDR yang dimiliki oleh Smartphone android , yang memiliki jangkauan yang paling jauh, yaitu 30-60 meter. - , dll ) , , sebagai berikut , aplikasi , perangkat, dan LDR , pada perangkat , masing- , di luar rumah , untuk , dari.",ai
Jurnal TEKNOINFO Teknokrat (IndoT5 Parafrase),2016,"(2) E-Koperasi adalah badan usaha yang memiliki karakteristik keberpihakan kepada ekonomi kerakyatan, pada bulan September 2015 kegiatan proses bisnis informasi melalui aplikasi manajemen usaha yang terintegrasi diluncurkan oleh pemerintah dengan nama e-Kopi diharapkan secara positif menghasilkan efisiensi dan transparansi pelaporan keuangan koperasi dapat terwujud segera. Pertanyaan: apakah e-koperasi, analisis fishbone, kesiapan pengguna.",ai
Jurnal TEKNOINFO Teknokrat (IndoT5 Parafrase),2017,"PLN (PERSERO) Sektor Pembangkitan Sebelanga, kondisi yang ada saat ini adalah tidak adanya analisis kualitas batubara terhadap kinerja perusahaan yang digunakan untuk membantu karyawan dalam mengevaluasi kinerja PLTU dan pasokan batubara, memberikan informasi tentang pengaruh kualitas Batubara terhadap produksi listrik yang dihasilkan, salah satu solusi yang dapat diterapkan pada masalah ini adalah data mining untuk cluster kualitas batubara, menggunakan algoritma K-Means, kualitas Batubara. Kualitas Batubara (Teks dengan relevansi EEA), kualitas batubara (K-Mean). - Hasil penelitian tersebut, dan Weka (Perseries) sektor pembangkitan Sebalang, dll.",ai
Jurnal TEKNOINFO Teknokrat (IndoT5 Parafrase),2017,"Untuk kelancaran proses pembelajaran di Sekolah Dasar Ar-Raudah, diperlukan sumber dana yang salah satunya adalah dari pembayaran biaya sekolah yang diperoleh dari siswa, kemudian diinputkan ke program microsoft Excel, sehingga sering terjadi kesalahan transaksi pencatatan dan pembuatan laporan yang tidak efisien dan kurangnya keamanan data. Metode pengembangan sistem yang digunakan adalah waterfall dan bahasa pemrograman delphi 7. 0 dengan database destop atau paradox. (Teks dengan relevansi EEA), dan sebagai akibatnya, untuk mempercepat pengambilan keputusan oleh Kepala Sekolah yang berwenang. , dan Keamanan Data (Da) (SD).",ai
Jurnal TEKNOINFO Teknokrat (IndoT5 Parafrase),2016,"(1) Penelitian ini menyarankan penggunaan teknik steganografi dalam keamanan data, di mana data rahasia akan disisipkan ke dalam cover image, menggunakan pendekatan dua metode, yaitu metode untuk memampatkan data dan metode Least Significant Bit (LSB) sebagai metode dalam steganography, metode Huffman digunakan untuk memampukan data sebelum disisipkan ke cover image sehingga dapat memperkecil ukuran data yang akan disisipkan serta stego image yang dihasilkan tidak berubah secara signifikan dan proses pengambilan pesan yang relatif cepat. , sehingga dapat menjadi alternatif untuk keamanan data rahasia , dan mengantisipasi agar tidak terdeteksi oleh orang yang tidak dapat dibaca oleh siapa pun , yang aman.",ai
Jurnal TEKNOINFO Teknokrat (IndoT5 Parafrase),2016,"Seleksi karyawan, ilmu komputer, sistem pendukung keputusan, metode Profile Matching, secara praktikal terdapat beberapa karyawan yang tidak benar benar menguasai apa yang mereka kerjakan, sehingga kegiatan operasional kurang berjalan dengan baik, selain itu banyak pelamar yang ada membuat bagian terkait memerlukan waktu yang lama untuk mempertimbangkan calon karyawan yang akan diterima. Dengan melihat masalah yang ada dalam pengambilan keputusan dalam penerimaan karyawan baru, proses seleksi karyawan baru dapat dilakukan dengan tepat dan cepat. 1, dengan maksud untuk membantu proses pengambilan keputusan tersebut.",ai
Jurnal TEKNOINFO Teknokrat (IndoT5 Parafrase),2017,"(s-commerce) Penelitian ini bersifat kuantitatif dengan menggunakan model kepuasan pelanggan pada tiga situs web, yaitu tokopedia. id, menggunakan metode statistik Struktural Equation Modelling (SEM) berbasis Partial Least Square (PLS) dan Perangkat Lunak SmartPLS untuk membuktikan hubungan antar variabel penelitian, yang terdiri dari kualitas informasi, kualitas sistem dan kualitas layanan. Metode pengumpulan data yang digunakan adalah pengisian kuesioner dengan responden 400 pengguna internet di Provinsi.",ai
Jurnal TEKNOINFO Teknokrat (IndoT5 Parafrase),2017,"(Air Terjun) Rumah Sakit Yukum Medical Centre adalah perusahaan yang bergerak di bidang kesehatan yang didirikan di Yukum Jaya, Kabupaten Lamteng, sistem penjadwalan masih menggunakan kertas, untuk memberikan informasi jadwal praktik dokter dengan cepat dan akurat, dan untuk memastikan bahwa proses pengkodean lebih efektif. Kata Kunci : Penjadwal, Dokter, Web, Framework, Codeigniter, Unified Modelling (UML). Pengujian sistem dilakukan dengan pengujian BlackBox ISO 9126 dan WhiteBox, pengujian sistem dilakukan pada tahap pengembangan sistem (URl) (Unik) , ( ) Air Terjun Sungai , sungai air terjun - Sungai (Ta) ` dari s.",ai
Jurnal TEKNOINFO Teknokrat (IndoT5 Parafrase),2016,"Ini adalah salah satu algoritma yang digunakan untuk melakukan pencocokan string (string matching) dalam karya ilmiah, seperti kata berbahasa inggris, bahasa yunani, dan bahasa lainnya dibuat dengan memiringkan kata asing, menggunakan salah satu tools yang ada di toolbar Microsoft Office Word, yaitu italic, untuk mencari semua kemungkinan kata asing di dalam dokumen Microsoft Office word dengan yang ada dalam database aplikasi untuk membuat otomatis tercetak miring. - Kata kunci: Aplikasi, Font Italia, Katas Asing, Algoritma, teks asing, algoritma, teks yang paling kanan - untuk mencocokan dari kanan -. _ (T) () - bahasa asing - bahasa Inggris, bahasa asing.",ai
Jurnal TEKNOINFO Teknokrat (IndoT5 Parafrase),2016,"tweet analysis berkembang sebagai sebuah studi di bidang Pengolahan Bahasa Alami, yang bermanfaat untuk mengetahui opini masyarakat terhadap topik tertentu secara otomatis, pada penelitian ini kami memasukkan teknik analisis tweet ke dalam tiga kelas (positif, negatif dan netral) menggunakan algoritma Backprogration Neural Network. Variasi praproses term dilakukan untuk menguji kinerja klasifikasi sentimen dengan akurasi 78.",ai
Jurnal TEKNOINFO Teknokrat (IndoT5 Parafrase),2017,"Ini adalah aplikasi yang dirancang untuk membantu memudahkan mahasiswa dalam mendapatkan informasi tentang fasilitas perguruan tinggi dan kegiatan kemahasiswaan, dengan menggunakan pendukung seperti brosur, pamflet, banner, website, pekan orientasi mahasiswa (bagi mahasiswa baru) dan lain-lain. Pengembangan aplikasi ini menggunakan Metode Multimedia Development Life Cycle (MDLC) yang terdiri dari 6 tahap pengembangan multimedia, yaitu Konsep, Desain, Material Collecting, Assembly, Testing dan Distribusi (MSDLC) (MDP), dan sebagainya. ) - (D) , aplikasi ini (A) a (T) - , , dan , yang relevansi ( ) `.",ai
Jurnal TEKNOINFO Teknokrat (IndoT5 Parafrase),2016,"Di beberapa perguruan tinggi, presensi dosen mengajar masih dilakukan secara manual oleh dosen yang bersangkutan dengan mengisi Form Presensi Dosen, untuk dosen yang tidak dapat mengajar tetapi menulis pada daftar kehadiran atau absensi dosen, kesalahan pengisian presensi dapat dikurangi. Pembuatan rekap kedisiplinan dosen lebih mudah dan cepat hanya membutuhkan waktu 1 menit. Biaya operasional berkurang sebesar RP. 000/bulan karena tidak perlu menggunakan form presensi Dosen. Rekap Kedisiplinan setiap minggu hanya membutuhkan 30 detik, selain presensi, kesalahan presensi mahasiswa dapat dikurangi sebesar 8 jam kerja staf Tata Usaha (8). 6 2 kali ini s dari setiap minggu - setiap hari kerja , dan seterusnya , masing- selama 30 detik r a dalam satu minggu berikutnya 30 detik. Waktu 30 detik; , dll , , biaya operasional , tergantung pada saat ini.",ai
Jurnal TEKNOINFO Teknokrat (IndoT5 Parafrase),2016,"Untuk memastikan bahwa teknologi informasi yang ada digunakan dengan sebaik-baiknya, Audit Tata Kelola Teknologi Informasi dilakukan untuk memastikan bahwa sistem informasi claim penjualan pada aplikasi EMIS saat ini berada pada level 4 (manage and measurable), yang berarti bahwa data yang ada telah dimonitor dan diukur dengan tepat, karena pada sistem ini data yang tersedia bersifat rahasia dan sensitif. Data yang ada bersifat rahasia atau sensitif, karena itu data yang dimiliki bersifat rahasia. dan sensitif, data yang bersangkutan. tingkat keberlanjutan operasi yang ada. ` dari pada yang tepat. / ( ) () ) ,.",ai
Jurnal TEKNOINFO Teknokrat (IndoT5 Parafrase),2017,"Untuk mengamankan informasi, menggunakan teknik steganografi menggunakan algoritma gifshuffle, akan tetapi algoritma ini memiliki keterbatasan dalam penyimpanan data. Berdasarkan hasil pengujian yang dilakukan, gambar yang disisipkan pesan teks dapat menampung ukuran data yang relatif lebih besar, yaitu mencapai 1,82 MB. Kata kunci: Steganografi, Gif, Stego Image, Cover Image, GIFShuffle.",ai
Jurnal TEKNOINFO Teknokrat (IndoT5 Parafrase),2017,"Di bawah analisis PIECES (Performance, Information, Economy, Control, Efficiency dan Service), sistem administrasi kepegawaian berbasis web ini dirancang untuk membantu admin dalam penginputan data administrasi, dengan membuat laporan dan surat pengantar, menyimpan data administrasi ke dalam basis data MySQL secara mudah dan cepat, sekaligus mengamankan data administrasi tersebut agar tidak dapat diakses oleh semua orang. , dengan menggunakan metode pengembangan sistem yang digunakan adalah metode waterfall. - Metode Pengembangan Sistem (T) ) (a) s SQ nss, dan Layanan 1 , 3 4 e t l d proses pencarian.",ai
Jurnal TEKNOINFO Teknokrat (IndoT5 Parafrase),2016,"(2) Penelitian ini membahas bagaimana sistem informasi geografis berbasis android mobile diterapkan oleh masyarakat dan calon investor pertanian, karena berdasarkan data yang diperoleh dari Dinas Pertanian Provinsi LAMPIRAN, wilayah ini merupakan tanah yang termasuk subur, tetapi para petani dan investor pertanian seringkali mengalami kesulitan dalam mencari lokasi yang layak ditanami singkong berdasarkan hasil panen sebelumnya. , khususnya di provinsi LAMPORAN, karena aplikasi berbasis mobile pada saat ini adalah yang paling sering digunakan oleh kebanyakan masyarakat modern. Masyarakat modern, khususnya provinsi malang, untuk mendapatkan hasil panen yang maksimal.",ai
JUSIFO UIN Raden Fatah (IndoT5 Parafrase),2015,"(Analysis), desain (design), pengkodean (code), pengujian (testing) dan dukungan (support) Masalah yang dihadapi oleh MI. Quraniah IV, yaitu pada penyimpanan data yang masih berupa file, seperti file dalam bentuk word dan excel. Kesimpulannya sistem ini dapat membantu untuk memberikan layanan informasi dengan mudah di lembaga pendidikan tinggi, Sistem tersebut dapat membantu sekolah untuk menyediakan layanan informasi yang mudah.",ai
JUSIFO UIN Raden Fatah (IndoT5 Parafrase),2015,"(Rapid Application Development (RAD) adalah metode model proses pengembangan perangkat lunak yang bersifat incremental, terutama untuk waktu pengerjaan jangka pendek, desain aplikasi menggunakan sistem UML (Unified Modelling (UML), yang terdiri dari Use Case Diagram, Class diagram, Activity Diagram dan Sequence diagram, sedangkan untuk bahasa pemrogramannya menggunakan Hypertext Preprocessor (PHP) dan MySQL sebagai basis datanya. ) , dan databasenya akan menjadi lebih cepat dan database. - Sistem Informasi ) - (M) (D) ).",ai
JUSIFO UIN Raden Fatah (IndoT5 Parafrase),2015,"Di tengah kota, tepatnya di Jalan Mayor Ruslan, Sekolah Menengah Kejuruan Negeri 6, masalah yang dihadapi adalah tidak adanya sistem informasi yang mampu memberikan siswa dan guru kemudahan dalam menerima dan menyampaikan pelajaran tanpa kendala ruang dan waktu, serta memfasilitasi guru untuk membuat alternatif pembelajaran bermakna di samping pembelajaran konvensional yang ada di sekolah, dan mendorong siswa untuk terlibat aktif dalam meningkatkan tingkat percepatan dan penyerapan ilmu pengetahuan dan teknologi. , dan untuk mendorong siswa aktif dalam peningkatan tingkat kemajuan dan penyerapan teknologi. dan untuk berpartisipasi dalam meningkatkan kecepatan dan penyerapan mereka. - metode pemrograman web - teknik rekayasa web - (W), dan sebagai berikut ini , yang telah ditetapkan oleh siswa dapat dilihat. 2 (3) (2) , , dll.",ai
JUSIFO UIN Raden Fatah (IndoT5 Parafrase),2015,"(Meteorology Early Warning System) di Sumatera Selatan berbasis SMS Gateway yang dikembangkan oleh Stasiun Meteorologi Sultan Mahmud Badaruddin II, dengan menggunakan PHP sebagai bahasa pemrograman serta Gammu sebagai aplikasi yang menghubungkan database SMS gateway dengan device modem, Sistem Informasi MEWS (MEWS) ini dibuat untuk memberikan kemudahan bagi pihak BMKG dalam menyampaikan informasi peringatan dini mengenai cuaca ekstrem di Sumatera selatan dan pengguna dapat menerima informasi dengan cepat dan tepat.",ai
JUSIFO UIN Raden Fatah (IndoT5 Parafrase),2015,"Untuk tujuan penelitian adalah untuk membuat sistem informasi yang dapat menerima SMS yang dikirimkan oleh anggota perpustakaan mengenai jadwal pengembalian buku dan secara otomatis akan mengirimkan SMS sebagai pengingat jadwal pengembalian dan perhitungan denda keterlambatan pengembalian buku perpustakaan. Hasil yang diperoleh dari penelitian ini adalah aplikasi SMS Gateway sebagai sarana pendukung informasi perpustakaan dengan menggunakan komputer sebagai alat bantu untuk mengakses data. , aplikasi SMS gateway sebagai Sarana Pendukung Informasi Perpustakaan dengan Menggunakan Komputer sebagai Alat Bantu untuk Akses Data (CMS).",ai
JUSIFO UIN Raden Fatah (IndoT5 Parafrase),2015,"(SIM) pembelian dan penjualan yang sedang berjalan di Apotek Mahkota masih menggunakan sistem manual, yaitu proses pengolahan data masih manual, sehingga sering mengalami kesulitan dalam perhitungan seperti persediaan stok obat, data pembelian obat, melakukan penjualan secara terkomputerisasi, mengetahui laporan pembelian dan laporan penjualan, dan mengetahui grafik penjualan pada Apotek Mahkota, setelah mengetahui masalah yang ada, maka dirancang sistem informasi penjualan dan penjualan untuk menangani input data, kemudian diproses untuk menghasilkan output berupa laporan penjualan dan laporan pembelian. - Laporan Penjualan (Laporan Penjualan) (laporan penjualan). () ) , ( ).",ai
JUSIFO UIN Raden Fatah (IndoT5 Parafrase),2015,"(SPK) adalah sistem yang banyak digunakan untuk memecahkan masalah yang bersifat multi-kriteria, seperti dalam SPK menentukan kelayakan kredit untuk usaha yang feasible (layak) namun belum bankable (memiliki profitabilitas yang tinggi), yang dapat membantu pihak bank dalam menentukan calon nasabah yang berhak menerima Tunas Usaha Syariah (TUS) dan dapat mendokumentasikan berkas-berkas nasabah secara on-line yang dapat diakses oleh Bank. Dana komersial Bank akan sepenuhnya berasal dari Dana Komersial Bank. , dan (D) (A) ) ( ) `. , - pada saat ini ; (C). ) mereka (B) /investasi s ().",ai
JUSIFO UIN Raden Fatah (IndoT5 Parafrase),2016,", klinik Suadah adalah fasilitas medis yang menyediakan fasilitas perawatan yang dikhususkan untuk pasien rawat jalan. Sebagai salah satu pelayanan umum, klinik membutuhkan keberadaan sistem informasi yang akurat dan memadai, serta cukup memadai untuk meningkatkan pelayanan kepada pasien dan lingkungan terkait lainnya. Sistem yang dikembangkan menggunakan bahasa pemrograman PHP dan MySQL sebagai DBMS, sedangkan metode pengembangan yang digunakan adalah metode Waterfall dan PIECES sebagai metode analisa. 1 s dari yang sesuai dengan.",ai
JUSIFO UIN Raden Fatah (IndoT5 Parafrase),2016,"SISTEM INFORMASI PENGOLAHAN DATA NILAI SISWA BERBASIS WEB adalah suatu sistem yang membantu kerja para guru dan wali kelas dalam melakukan pemeriksaan, pencatatan dan pelaporan data nilai siswa yang terkomputerisasi dan dapat memfasilitasi pengguna untuk melakukan proses pengolahan nilai agar informasi (pengumuman) dapat diakses secara cepat dan kualitas dapat dikomunikasikan dengan baik. 1, hal ini juga menyebabkan tidak semua orang tua dapat memeriksa nilai putra/putrinya di sekolah.",ai
JUSIFO UIN Raden Fatah (IndoT5 Parafrase),2016,"Semakin mudahnya pekerjaan manusia saat ini disebabkan oleh perkembangan teknologi informasi dan penggunaan komputasi yang sudah mencakup hampir semua aspek seperti pencarian informasi, pengambilan keputusan, membuat penilaian dan perkiraan untuk perencanaan dan pengendalian dan analisis pribadi, dan dari hasil penelitian ini, sistem yang dihasilkan akan sangat baik dan sesuai dengan kebutuhan pengguna, sehingga integrasi sistem yang terjadi akan menghasilkan informasi yang efisien bagi para eksekutif. dan juga untuk menganalisis pekerjaan mereka sendiri. tidak hanya dalam pekerjaan mereka. pekerjaan mereka saja, tetapi juga dalam pekerjaannya. presentasi yang telah menjadi masalah ini adalah untuk mengatasi masalah ini. -sistem yang telah dikembangkan oleh mereka. (a) ( ) , dan sebagai berikut , untuk tujuan yang relevansi).",ai
JUSIFO UIN Raden Fatah (IndoT5 Parafrase),2016,"( 1 ) Tujuan dari penelitian ini adalah untuk membangun sistem informasi gangguan Speedy pada Tiket T3-Online berbasis web, yang dapat mengorganisir untuk menghasilkan dan memperoleh informasi mengenai data karyawan yang dapat diakses dengan menggunakan bahasa pemrograman PHP dan MySQL sebagai database server-nya, metode pengembangan yang digunakan ada metode SDLC, sehingga dapat membantu para pengguna sistem mencapai tujuannya. - Sistem Informasi Gangguan pada PT. Telekomunikasi Kota Medan, Dengan sistem manual, maka dapat membantu pengguna sistem untuk mencapai tujuan mereka dengan sistem informasi tersebut.",ai
JUSIFO UIN Raden Fatah (IndoT5 Parafrase),2016,"( 1 ) Penelitian ini bertujuan untuk membuat sistem pemesanan makanan di rumah makan dan untuk membuat segala informasi tentang daftar makanan, daftar minuman, perhitungan pembayaran pelanggan pada kasir dengan menggunakan metode yang digunakan yaitu Rapid Application Development (RAD) adalah metode model proses pengembangan perangkat lunak yang bersifat incremental, terutama untuk jangka waktu yang lebih pendek dari waktu kerja, dan secara tidak langsung dapat meningkatkan pemasukan di Rumah Makan Palapa Indah. , dengan demikian dapat meningkatkan atau menyempurnakan sarana dan fasilitas yang ada.",ai
JUSIFO UIN Raden Fatah (IndoT5 Parafrase),2016,"(2) Penelitian ini bertujuan untuk merancang sistem informasi penerimaan siswa baru berbasis web dan menggunakan MySQL sebagai basis datanya, sehingga proses input dan olah data calon siswa nantinya dapat menghasilkan informasi yang cepat, tepat dan akurat sesuai dengan kebutuhan, dengan tujuan untuk memastikan bahwa data yang dimasukkan pada formulir pendaftaran telah divalidasi oleh panitia PSB ke dalam komputer, sehingga dapat menghasilkan laporan yang cepat dan tepat. untuk memenuhi kebutuhan tersebut, maka diperlukan suatu Sistem Informasi Penerimaan Siswa Baru yang efisien dan akurat, sesuai. Dengan demikian, yang tepat waktu yang tepat. - Sistem Informasi penerimaan yang sesuai dengan hasil yang tepat dan yang tepat, yang relevansi yang tepat untuk tujuan dari sistem informasi yang akan dilakukan setiap tahun 2015 , dan pengolahan data yang tepat , yang akurat, dan akurat. Data yang benar-data yang sesuai kebutuhan.",ai
JUSIFO UIN Raden Fatah (IndoT5 Parafrase),2016,"( 1 ) Permasalahan dari sistem sebelumnya adalah tidak adanya laporan hasil akhir yang diinformasikan oleh petugas dengan mencatat nomor polisi yang terpampang di depan kendaraan dan kendaraan tersebut dimasukkan dalam kategori masuk dan diberikan kategori keluar bila kendaraan tersebut sudah keluar dari area parkir inap dengan syarat dan ketentuan yang berlaku dari hasil parkir setiap bulannya, sistem ini dirancang untuk membantu pihak PT. Angkasa Pura II dalam pelayanan jasa khususnya di area parkir. , dan harus memberikan laporan kepada pihak pegawai untuk menindaklanjuti prosedurnya. - Sistem ini telah dibangun untuk membantu Pihak PT Angkasapura II. ruang parkir , yang akan memberikan laporan tentang sistem ini. data yang berkaitan dengan tujuan dari layanan parkir. fasilitas parkir pada saat parkir.",ai
JUSIFO UIN Raden Fatah (IndoT5 Parafrase),2016,"(ACP) merupakan perusahaan yang menjual beberapa produk kesehatan yang terdiri dari suplemen, minuman dan produk perawatan wanita, pembalut, pada proses distribusi PT. Avail Center ( ACP) belum memiliki sistem yang terkomputerisasi sehingga terdapat masalah dalam proses pencarian data, member yang melakukan pemesanan dan arsip data. Untuk mengatasi hal tersebut, telah dirancang sistem informasi distribusi barang dengan menggunakan DFD (Data Flow Diagram) sebagai pemodelan data dan ERD (ERD) sebagai model data.",ai
JUSIFO UIN Raden Fatah (IndoT5 Parafrase),2016,"(BPS) sebagai lembaga pemerintah non-kementerian, setiap bulan seluruh pegawai BPS Provinsi Sumatera Selatan diwajibkan untuk membuat laporan Capaian Kinerja Pegawai (CKP) berupa persentase perbandingan realisasi kinerja dengan target kinerja sesuai dengan tanggung jawab masing-masing pegawai. Oleh karena itu, penelitian ini menghasilkan sistem penilaian CKP berbasis web yang memungkinkan setiap pegawai untuk melakukan entri data capaian kinerja pekerjaan yang telah diselesaikan secara langsung, di mana saja dan kapan saja, untuk memberikan persetujuan dan penilaian atas hasil pekerjaan yang diselesaikan. , dan untuk memberikan penilaian atas pekerjaan bawahannya dalam pengujian Black Box testing pengujian Blackbox testing yang relevansimetricr , yang bersangkutan dapat memberikan penilaian.",ai
JUSIFO UIN Raden Fatah (IndoT5 Parafrase),2016,"( 1 ) Penelitian ini bertujuan untuk menganalisis dan merancang sistem informasi akademik berbasis web, yang terdiri dari lima (5) fase yaitu komunikasi, perencanaan, pemodelan, konstruksi, penyerahan, pada penelitian ini hanya tiga (3) fase yang digunakan yaitu Komunikasi, Perencanaan, dan Pemodelan. Tools yang digunakan dalam perancangan adalah UML (Unified Modelling Linguistics), dengan tujuan untuk membantu pihak sekolah dalam membangun sistem akademik secara komputerisasi dan mengatasi masalah akademik yang ada. , yang digunakan untuk penelitian ini. ) tahap yang telah digunakan dalam hal-tahapan yang telah dilakukan oleh pihak sekolah.",ai
JUSIFO UIN Raden Fatah (IndoT5 Parafrase),2016,"(PTP MO) adalah perusahaan yang bergerak di bidang usaha perkebunan kelapa sawit, memiliki 6 titik kebun yang tersebar di beberapa kabupaten di provinsi Sumatera Selatan, yaitu di OKU, Muara Enim dan Muba, metode yang digunakan pada pengembangan sistem dengan Waterfall yang terdiri dari lima (5) tahap (meliputi: komunikasi, perencanaan, pemodelan, konstruksi dan penyerahan sistem), sistem yang dibuat dapat memberikan informasi tentang realisasi kegiatan secara visual grafik, terdiri dari grafik bulan, tahun dan tren per periode tertentu. aplikasi yang akan membuat sistem yang akan memungkinkan untuk tujuan sistem tersebut.",ai
JUSIFO UIN Raden Fatah (IndoT5 Parafrase),2016,"Untuk meningkatkan kinerja, kualitas layanan, daya saing dan kualitas sumber daya manusia yang dihasilkan, sistem informasi akademik AMIK SIGMA, meskipun sudah menggunakan komputer dalam proses administrasi akademik, tetapi masih manual secara sistem, dan sistem yang dibuat memungkinkan untuk diakses secara online karena dibuat berbasis web. (Teks dengan relevansi EEA) dari penelitian ini adalah bahwa sistem yang dikembangkan dapat digunakan untuk membantu proses administrasi data akademik pada AMIK Sigma. Sistem Informasi Akademik telah menggunakan Pendekatan Kualitatif dan Pengembangan Sistem menggunakan Metode Prototipe, hasil penelitian ini.",ai
JUSIFO UIN Raden Fatah (IndoT5 Parafrase),2016,"Untuk membantu calon cerai mengetahui hasil simulasi perceraian dan mendapatkan solusi atau saran dari keputusan cerai atau tidak, terdapat 2 kriteria dalam sistem keputusan perceraian, yaitu menurut pengadilan agama dan kompilasi hukum Islam. Metode yang digunakan dalam pembuatan penelitian ini yaitu metode pengembangan menggunakan metode Waterfall, metode penelitian menggunakan metode R&D dan perhitungannya menggunakan metode Naive Bayes (Naive Bays). , dan dapat membantu hakim lebih cepat memutuskan perceraian. Keputusan tersebut harus dibuat dengan tujuan untuk membantu calon perceraian.",ai
JUSIFO UIN Raden Fatah (IndoT5 Parafrase),2016,"TIK berkembang dengan cepat, sehingga organisasi mulai merasakan perlunya penggunaan teknologi informasi untuk meningkatkan penyediaan informasi untuk mendukung proses pengambilan keputusan yang akan dilakukan oleh manajemen. Proses pembuatan sistem informasi administrasi keuangan dan pendaftaran siswa baru berbasis web, penulis memilih dan menerapkan sistem komputerisasi dengan menggunakan metode pengembangan Rapid Application System (RAD), MySQL sebagai database servernya dan PHP sebagai bahasa pemrograman yang digunakan. Hasil dari penelitian ini adalah Sistem Informasi Administrasi Keuangan dan Pendaftaran Siswa Baru yang diimplementasikan di SMA NU PALEMBANG, yang akan membantu dalam pengolahan data sekolah. aplikasi yang telah lama, yang telah menjadi lebih lama, dan waktu yang akan membutuhkan waktu yang diperlukan. , dan pencarian data tersebut, yang relevansi yang diperlukan, dan mencari data tersebut.",ai
JUSIFO UIN Raden Fatah (IndoT5 Parafrase),2017,"Ini akan menganalisis implementasi Open Data sebagai salah satu alternatif untuk mendeteksi dan mengurangi korupsi di Indonesia, mulai dari tingkat pemerintah daerah hingga pemerintah pusat, dengan mengambil studi perbandingan dengan implementasi di negara-negara tertentu sebagai referensi, hasil dari penelitian ini menunjukkan bahwa adopsi Open Data dapat meningkatkan transparansi publik dan pengurangan korupsi. (2) Penelitian ini akan menganalisis adopsi Open data sebagai alat untuk memfasilitasi keterbukaan informasi oleh pemerintah.",ai
JUSIFO UIN Raden Fatah (IndoT5 Parafrase),2017,"Electronic Voting telah berkembang di berbagai belahan dunia, seperti Belanda dan negara maju lainnya, e-Voting dapat berupa aplikasi desktop atau halaman web dan e-voting dapat dilakukan dengan desktop biasa. Dalam perkembangan teknologi informasi saat ini, pemungutan suara pada pemilihan diharapkan dapat menyederhanakan dan mempercepat proses pemilihan tanpa harus berada dan antri di tempat pemungutan suara (TPS) dan juga dapat menghemat biaya operasional pemilihan dan memberikan informasi yang tepat kepada pemilih mengenai hasil pemungutan suara. , dan menyediakan informasi yang akurat kepada pemilih tentang hasil dari pemungutan suara, dan memberi pemilih informasi yang akan memberikan informasi akurat tentang hasil pemilihan.",ai
JUSIFO UIN Raden Fatah (IndoT5 Parafrase),2017,"( 1 ) Penelitian ini bertujuan untuk mengetahui tingkat kepuasan pengguna simak online dengan menggunakan pendekatan Model Kepuasan Pengguna Akhir Komputer EUCS yang berfokus pada kepuasan pengguna yang mencakup lima dimensi; konten, ketepatan waktu, format, kemudahan penggunaan, timeliness. Hasil penelitian ini sebagai masukan bagi Universitas Islam Negeri Raden Fatah, khususnya untuk simak internet, masih harus dan terus ditingkatkan lagi. Tingkat kepuasan pengguna akan mempengaruhi keberhasilan penerapan Sistem Informasi Akademik (AIA), yang akan berdampak pada keberhasilan penerapan sistem informasi akademik. ( ) variabel yang relevansi ), dan meningkatkan kepuasan pengguna.",ai
JUSIFO UIN Raden Fatah (IndoT5 Parafrase),2017,"Ini melakukan penelitian dengan menggunakan metode analisis dan desain FAST (Framework for the Application of System Thinking) dan metode pengembangan RAD (Rapid Aplication Development), penulis melakukan penelitian untuk membangun sistem yang dapat membantu dalam pemrosesan keuangan dari penerimaan dan pengeluaran kas tersebut. Pembayaran mahasiswa, proses pencarian sisa pembayaran mahasiswa, serta untuk memudahkan ketua dalam mengetahui laporan keuangan yang berkaitan dengan transaksi Penerimaan dan Pengeluaran Kas.",ai
JUSIFO UIN Raden Fatah (IndoT5 Parafrase),2017,", perangkat lunak yang dibangun berbasis web menggunakan metode pengembangan sistem Web Engineering dan Framework Codeigniter sebagai framework untuk membangun web yang dinamis, menyediakan berbagai macam soal tes potensi akademik dan pengetahuan umum, pelaksanaan tes menampilkan waktu yang berjalan (timer), dapat mengelola soal, tersedia informasi tentang tips dan trik, dan menghasilkan output berupa nilai dan rangking peserta ujian. Peserta ujian dapat dibantu oleh perangkat lunak ini untuk mencapai tujuan dalam mempelajari dan memfasilitasi latihan sebelum pelaksanaan tes. Tes Potensi Akademik dan Pengetahuan Umum, sehingga memudahkan pengguna untuk melakukan tes.",ai
JUSIFO UIN Raden Fatah (IndoT5 Parafrase),2017,"RETARDASI Mental adalah kondisi yang ditandai dengan intelegensi yang rendah, yang menyebabkan ketidakmampuan individu untuk belajar dan beradaptasi terhadap tuntutan masyarakat atas kemampuan yang dianggap normal, anak-anak retardasi mental mengalami kesulitan dalam mengikuti proses pendidikan, dengan pengenalan berbagai materi yang disediakan, serta pembelajaran mengenai gambar dan suara, dengan demikian anak akan lebih tertarik dan mampu berkonsentrasi lebih lama. Dari hasil implementasi dan pengujian hasil kuesioner, disimpulkan bahwa sistem pembelajaran ini telah membantu anak retardikasi mental untuk menerima pelajaran dengan lebih mudah, dengan menyediakan pembelajaran tentang gambar dan audio. Dengan demikian anak dapat berkonsentrasi lebih banyak. s titas yang lebih mudah diterima.",ai
JUSIFO UIN Raden Fatah (IndoT5 Parafrase),2017,"(2) Dari penelitian yang telah dilakukan pada rumah makan atau restoran tersebut, menghasilkan suatu sistem informasi order makanan dan booking tempat berbasis mobile android yang dapat mengelola data rumah makan, data pelanggan, data menu makanan, data transaksi pemesanan dan data reservasi tempat menggunakan metode penelitian waterfall, dengan seluruh bagian pengelola dapat merekap data-data rumah makan dan data keuangan untuk bagian kasir dan data rekap seluruh pesanan untuk bagian pemilik rumah makan. , dan data rekapitulasi pemesannya untuk setiap bagian.",ai
JUSIFO UIN Raden Fatah (IndoT5 Parafrase),2017,"reservasi gedung serbaguna di kota PALEMBANG dapat membantu penyewa untuk mengumpulkan, mengidentifikasi, menyimpan, mengelola, dan memberikan informasi tentang jadwal gedung serbaguna yang ada dan untuk melihat harga, fasilitas, paket, item yang ditawarkan, sistem informasi reservasi bangunan serbaguna berbasis android dapat membantu pengguna untuk mendapatkan informasi jadwal gedung serba guna yang ada di kota palembang dan untuk membuat databasenya sendiri menggunakan MySQL untuk pengolahan databasenya. - Sistem Informasi Reservasi Gedung Serbaguna di kota Palopo, sebagai sample dalam penelitian ini. , sebagai sampel dalam penelitian , pada penelitian ini, sebagai referensi dari , dan , informasi.",ai
JUSIFO UIN Raden Fatah (IndoT5 Parafrase),2017,"Diperlukan evaluasi untuk mengukur dan meningkatkan kualitas layanan dengan menggunakan metode Service Quality (Servqual) yang berfokus pada lima variabel, yaitu : Tangibles, Reliability, Responsiveness, Assurance dan Emphaty, serta menghitung nilai persepsi dan harapan dari layanan PASSION, dengan tujuan untuk meningkatkan kualitas Layanan kepada pengguna layanan. , dan untuk memberikan layanan yang memuaskan kepada pengguna Layanan PASsiON, untuk memastikan kualitas layanan yang lebih baik dari yang diharapkan.",ai
JUSIFO UIN Raden Fatah (IndoT5 Parafrase),2017,"REMCO - Sistem informasi distribusi karet berbasis web dibangun dengan menggunakan PHP dan MySQL sebagai basis datanya dan tools PHPMyAdmin dan metode yang digunakan adalah metode model Rapid Application Development (RAD), untuk mengatasi hambatan yang sudah sering terjadi terkait ketidak-mampuan untuk menyediakan informasi yang dibutuhkan secara cepat, akurat dan tepat waktu. , dan untuk laporan kepada pimpinan/manager yang bersangkutan.",ai
JUSIFO UIN Raden Fatah (IndoT5 Parafrase),2017,"Ini adalah sistem yang berbasis intranet yang bertujuan untuk memfasilitasi proses pengelolaan inventarisasi barang yang dimiliki oleh Badan Pendapatan Daerah Provinsi Sumatera Selatan dari mulai pengajuan permohonan hingga pengelolaan barang, dengan menggunakan sistem ini diharapkan dapat membantu dan menghasilkan informasi untuk mencapai tujuan dari fungsi manajemen inventaris yang baik. Proses yang ada pada sistem ini dimulai dengan mengelola berkas permohonan pengadaan, perbaikan, mutasi dan penghapusan, serta laporan tentang inventaris barang yang terkait dengan proses pengelolaan barang. barang yang berkaitan dengan prosedur pengelolaan barang yang bersangkutan. Barang yang bergerak dan tidak bergerak yang meliputi peralatan kantor, dll. Laporan yang terkait proses yang terkait barang yang relevansi barang yang sesuai dengan informasi yang terkait dalam sistem.",ai
JUSIFO UIN Raden Fatah (IndoT5 Parafrase),2017,"( 1 ) Penelitian ini menghasilkan data pasien, data dokter, jadwal praktik dokter, jenis pembayaran dan antrian serta dapat membantu dalam pengelolaan laporan, menggunakan metode prototipe dan menggunakan Unified Modeling (UML) untuk memvisualisasikan pemodelan, sedangkan bahasa pemrograman PHP dengan MySQL untuk pengolahan databasenya, dan dapat membantu pasien dalam pendaftaran berobat. , yang dapat mengambil antrian, membatalkan antrian dan mengelola laporan. Laporan tersebut harus dilakukan secara langsung ke Rumah Sakit Khusus Paru-paru Provinsi Sumatera Selatan, dan memerlukan waktu yang sangat panjang.",ai
JUSIFO UIN Raden Fatah (IndoT5 Parafrase),2017,"catur pandu maju bersama) adalah perusahaan yang bergerak di bidang bisnis ritel thinner dan cat yang aktivitasnya mencakup penjualan thinning dan cat, baik secara tunai maupun kredit, dengan cara pencatatan ke buku seperti data pemasukan dan pengeluaran barang berupa nota dalam proses distribusi, dan laporan yang dihasilkan berupa laporan penjualan, keuangan, dan stok barang, yang dapat memudahkan pihak CV. Catur Pandu Maju Bersama dalam melakukan kegiatan distribusi produk paint otomotif, yang harus dilakukan secara langsung di perusahaan tersebut. , dan transaksi yang dihasilkan adalah Laporan Penjualan, Keuangan, dan Stok Barang yang telah dibuat untuk mempermudah pihak ) yang telah membuat sistem yang telah digunakan sebagai berikut , Sistem yang telah dirancang. - barang yang telah dilakukan pada saat ini , yang bersangkutan.",ai
JUSIFO UIN Raden Fatah (IndoT5 Parafrase),2017,"(2) Penelitian ini telah mengembangkan sistem informasi yang dapat membantu masyarakat dalam melakukan mobilitas dengan cepat dan mudah, dengan menggunakan metode waterfall, untuk membantu pihak travel dalam mencari data pelanggan, mengupdate data customer, kesalahan dalam pemberian nomor kursi atau pencatatan jam keberangkatan yang diinginkan oleh calon pelanggan, sehingga menghambat kinerja karyawan dalam melaksanakan tugasnya. , untuk itu, sistem yang dibangun dapat membantu operator dalam mengelola data pemesanan tiket. yang dibutuhkan oleh calon penumpang. tujuan yang diperlukan oleh operator dalam hal ini. - Sistem yang dirancang untuk memudahkan operator dalam pengelolaan data yang tepat.",ai
INTI Nusa Mandiri (IndoT5 Parafrase),2017,"Ini adalah lembaga pendidikan swasta yang berlokasi di Jakarta Barat, sistem penerimaan siswa baru yang dilakukan di sekolah ini masih konvensional, dimana calon siswa datang ke sekolah untuk melakukan pendaftaran, formulir yang sudah di isi oleh calon siswa harus di tulis kembali ke dalam microsoft excel, serta dokumen yang banyak menyulitkan panitia dalam melakukan pencarian data. Dari masalah tersebut, sistem informasi penerimaan mahasiswa baru diperlukan, dengan tujuan untuk membantu calon siswa dan panitia dalam proses penerimaan siswa barunya. , dan untuk memastikan bahwa mereka dapat dibantu. dalam proses pendaftaran siswa baru, dan membantu panitia dalam hal ini, dan sistem yang akan membantu panitia dan untuk menyediakan sistem yang membantu mereka , dll. - Sistem ini telah digunakan sebagai alur hidup - sistem.",ai
INTI Nusa Mandiri (IndoT5 Parafrase),2017,"(2) Model pengembangan sistem informasi yang digunakan adalah model Waterfall, dengan jumlah karyawan sekitar 1200 orang, proses rekrutmen masih manual, yaitu pemrosesan data dilakukan menggunakan lembaran berkas yang menjadi file bertumpuk, sulit untuk menemukan arsip pelamar jika diperlukan pada waktu tertentu, karena semua arsip pelamar masih berupa file berkas yang belum memiliki database, sehingga pekerjaan yang lamban dan lama dapat diselesaikan dengan mudah dan cepat. Dengan adanya sistem ini, pekerjaan yang lambat dan lama akan dapat diselesaikan tanpa mengganggu aktifitas pekerjaan. , dan dengan demikian dapat memberikan efisiensi dan data yang valid. - Untuk tujuan dari mereka akan membuat keputusan dalam menilai calon karyawan yang tepat waktu yang akan membuat pekerjaan yang akan membantu pekerjaan yang relevansi , yang akan menjadi lebih banyak pelamar.",ai
INTI Nusa Mandiri (IndoT5 Parafrase),2017,"(model waterfall) adalah metode pengembangan sistem yang digunakan untuk membangun sistem informasi cuti karyawan, dengan maksud untuk memberikan alternatif solusi untuk memperbaiki masalah cuti karyawan yang diterima atau ditolak secara online, meskipun komputer pribadi telah tersedia sebagai fasilitas pendukung aktifitas kerja, karyawan seringkali menemukan kesulitan dalam proses pengajuan cuti, karena masih harus meminta informasi kepada bagian umum, data laporan cuti sering tidak valid, dan masih sering terjadi kesalahan dalam pembuatan laporan karena masih menggunakan pengetikan excel, sehingga laporan-laporan rutin tersebut sering terlambat dibuat. , dan untuk dapat mengembangkan dan mempelajari lebih lanjut. pemrograman berbasis web, dan lebih lanjut untuk mengembangkan dan untuk mengembangkan lebih lanjut prosedur yang efektif dan untuk tujuan untuk meningkatkan efektivitas dan untuk memperbaiki prosedur yang lebih lanjut masalah yang lebih rinci, dan ketepatan waktu yang tepat waktu yang lebih awal yang lebih cepat, dan aplikasi yang lebih baik di mana yang lebih lama, dan terlambat, dan keterlambatan pembuatan laporan yang lebih lambat, dll , pada saat ini.",ai
INTI Nusa Mandiri (IndoT5 Parafrase),2017,"(Tax amnesty) di Indonesia masih merupakan wacana yang pro dan kontra, pada prinsipnya, penerapan kebijakan pengampunan pajak diharapkan tidak hanya menghapus hak tagih atas wajib pajak (WP), tetapi juga dapat meningkatkan kepatuhan wajib pajak dalam jangka panjang, sehingga dapat meningkatkan penerimaan negara dari dana yang diparkirkan di luar negeri, tetapi lebih penting lagi bahwa sarana dan prasaran yang memadai dapat mendukung peningkatan penerimaan pajak di masa mendatang. , dengan cara yang lebih jelas, dan tidak didukung oleh sarana dan sarana yang memadai, sehingga meningkatkan pendapatan pajak di Masa Depan , dll.",ai
INTI Nusa Mandiri (IndoT5 Parafrase),2017,"Didukung oleh kemajuan ilmu pengetahuan dan teknologi, toko pinusocks merupakan usaha yang bergerak di bidang perdagangan dan berfokus pada bisnisnya berupa produk kaos kaki, metode ini masih belum efektif karena semua pencatatan pesanannya masih harus dilakukan secara manual, yaitu mencatat pada buku daftar penjualan, dan rekap laporannya menjadi tidak lengkap karena ada data yang masih belum dicatat dengan rapi di buku stok barang, sistem yang masih manual ini menyebabkan penyediaan informasi yang lama dan tidak tepat. , yang telah lama dan belum efisien. dalam mengoperasikan toko online, tetapi masih terbatas pada media penjualan yang terbatas. - operasi yang lebih banyak keuntungan yang baru-sistem yang lebih lanjut, yang tidak efektifitas yang tidak tepat waktu yang tidak efisien, dan pemasaran. s , dan penjualan produk yang telah menjadi tidak efektif dan tidak efektif, dan tidak efisien , dll , sebagai akibatnya , dari toko online yang tidak sesuai.",ai
INTI Nusa Mandiri (IndoT5 Parafrase),2017,"SISTEM INFORMASI yang dapat memudahkan pelaporan permohonan kep angkatan kerja pada dinas koperasi usaha mikro kecil dan menengah dan perdagangan masih manual, dengan cara Dinas Kepabeanan menelepon peserta sebagai pengawai negeri sipil, lalu akan memanggil petugas dinas untuk melakukan pengecekan dan siapa peserta yang akan mengurus kep pangkat. , sehingga proses pendokumentasiannya menjadi lebih efisien dan efektif. (1) Sistem informasi ini menyediakan hal-hal yang akan di butuhkan dalam pemrosesan data yang berkaitan dengan sistem seperti pengajuan pengurusan, seleksi dan pelaporan dalam bentuk laporan.",ai
INTI Nusa Mandiri (IndoT5 Parafrase),2017,"Ini adalah perusahaan yang bergerak di bidang pemesanan parsel dan dekorasi bunga, untuk mempromosikan dan memesan produknya, hanya membuat katalog di situs web yang sudah ada, cara yang dilakukan kurang efektif atau tidak efisien karena customer lebih memilih yang cepat. Sebagai solusi untuk mengatasi masalah ini, penggunaan website e-commerce mampu menjadi solusi yang tepat. untuk mengembangkan bisnis dan menjaga hubungan dengan pelanggan secara efektif dan efisien. sebagai media promosi secara luas.",ai
INTI Nusa Mandiri (IndoT5 Parafrase),2017,"Prima Pilar Berbudi, saat ini masih menggunakan cara yang umum, yaitu pelanggan harus menghubungi langsung melalui telepon atau email atau datang ke kantor untuk melakukan pemesanan, sedangkan jika melalui telepon, informasi yang diperoleh kurang begitu detail. Oleh karena itu, perusahaan ingin mengembangkan sistem yang terkomputerisasi untuk memudahkan pelanggan dalam melakukan reservasi jasa pembuatan web dan untuk memudahkan administrasi dalam mengelola pesanan pelanggan dengan baik. ( 1 ) OJ L 127, 7.",ai
INTI Nusa Mandiri (IndoT5 Parafrase),2017,"Aplikasi pembelajaran bangun ruang berbasis android ini telah diuji melalui metode Black Box Testing dan pengujian kuesioner, dengan tujuan membantu guru dalam mengajar materi bangun ruang melalui media aplikasi, sehingga proses belajar lebih interaktif dan sebagai alternatif lain bagi siswa untuk belajar di luar sekolah tentang bangun ruang. Pembelajaran matematika sering dianggap sulit oleh sebagian besar siswa karena banyak rumus, pelajaran yang sulit dipahami dan dipahami. untuk belajar bangun ruang di luar rumah mereka sendiri.",ai
INTI Nusa Mandiri (IndoT5 Parafrase),2017,"Alfaria Trijaya (Tangerang), pengujian aplikasi menggunakan 31 data karyawan, dengan hasil perhitungan 21 karyawan layak mendapatkan promosi jabatan, sedangkan 10 karyawan belum dapat dipromosikan untuk kenaikan jabatan, aplikasi Sistem Pendukung Keputusan yang dibuat dapat membantu pimpinan menilai karyawan yang berhak mendapat promosi jabatan dan kenaikan pangkat. (benefit) dan sasaran kerja karyawan (manfaat). ) dan tujuan kerja pegawai (produktifitas) dan kinerja sasaran (profitabilitas) dan prestasi kerja.",ai
Jurnal INFOTEL IT Telkom (IndoT5 Parafrase),2013,"(1) Rx Level, Rx Qual, SQI dan Throughput adalah salah satu metode yang digunakan untuk mengamati performansi jaringan dari sisi penerima, sedangkan pada frekuensi 900 MHz dan 1800 MHz memperoleh 74,95%, RX Qual dari range 0-3 memperoleh 26,58% dan 33,81% pada frekuensi 1800 MHz. Nilai maksimum kecepatan download dan upload pada jaringan 2G di BT Teluk masih dalam keadaan normal dengan melihat hasil nilai maksimum kecepatan layanan data berdasarkan Key Performance Indicator (KPI), yang merupakan nilai indikator kualitas layanan suara (2) () ) , - menunjukkan nilai parameter yang digunakan output pada untuk dari ; `. dan ) , dan (D) %) a s N° ( ): (M) `.",ai
Jurnal INFOTEL IT Telkom (IndoT5 Parafrase),2013,"iris mata adalah salah satu ciri biometrik yang kuat untuk sistem pengenalan identitas pribadi, dengan metode black hole yang bekerja berdasarkan fakta bahwa iris merupakan daerah lingkaran yang paling hitam dan memiliki distribusi nilai intensitas yang seragam, lokasi iris pada citra mata dibatasi oleh dua komponen tepi arah vertikal yang dapat mewakili batas lingkaran luar iris. Batas lingkaran luar dapat ditentukan menggunakan circle curve fitting dari parameter lingkaran daerah pupil. , maka dapat ditentukan batas luar irisan dengan menggunakan Circular Curve Fitting. - Metode deteksi iris yang digunakan. iris iris, dan pusat iris - metode yang menantang untuk mendeteksi iris ini iris- iris dalam kasus iris di bidang penelitian iris bagian iris titik fokus iris sudut. inflamasi yang samar iris periferal iris area yang luas. a - iris _ iris; iris center iris dan iris sebagai iris) iris garis iris skala iris:.",ai
Jurnal INFOTEL IT Telkom (IndoT5 Parafrase),2013,", seperti halnya Internet, yang merupakan jaringan global yang dapat mengkomunikasikan satu komputer dengan komputer lainnya, di mana pun mereka berada, maka dapat diterapkan proses kontrol jarak jauh dengan menggunakan mikrokontroler sedemikian rupa sehingga objek yang bergerak mencurigakan dapat dimonitor oleh webcam, yang dapat digerakkan secara dinamis oleh pengguna, dalam penelitian ini alat kendali motor servo dapat bekerja dengan baik, dengan sudut mendekati 1800 °, pengguna dapat mengendalikan pergerakan kamera dengan tombol yang tersedia pada tampilan halaman web berbasis HTML yang dapat digunakan untuk mendukung sistem keamanan, untuk menghindari kasus pencurian, dan.",ai
Jurnal INFOTEL IT Telkom (IndoT5 Parafrase),2013,"Untuk meningkatkan sistem keamanan, teknologi yang cocok untuk diterapkan dipintu gerbang adalah teknologi RFID (Radio Frequency Identification), karena komunikasi antar tag tidak memerlukan kontak langsung, sehingga cocok digunakan pada sistem yang berjalan secara otomatis. Tag RFId dipasang di kendaraan penghuni sebagai kendaraan yang terdaftar dalam sistem pemantauan, sedangkan kendaraan tamu tidak memiliki tag. (Pengujian perangkat lunak, penulisan kode dan implementasi client server), dan pengujian (pengujian alat, pengujian Client Server, pengujian persyaratan pengguna dan pengujian aplikasi (aplikasi) (A) ) aplikasi Aplikasi (C) `.",ai
Jurnal INFOTEL IT Telkom (IndoT5 Parafrase),2013,"Untuk studi kasusnya adalah penyakit demam berdarah, penelitian ini menggunakan metode ANN Backpropagasi untuk mengetahui tingkat penyebaran dengan menggunakan variabel yang mempengaruhi penyebaran Penyakit Demam Berdarah yang digunakan dalam penelitian ini meliputi suhu rata-rata, curah hujan, jumlah hujan (hari), kepadatan penduduk, ketinggian wilayah dan % ABJ. Metode pengembangan sistem yang digunakan pada penelitian ini adalah metode skuensial linier, yang merupakan tingkat validasi sistem sebesar 94,12%. , dari hasil pengamatan diperoleh hasil bahwa sistem dapat melakukan prediksi sistem tersebut, yang bersangkutan , , dan , yang relevansi , sebagai berikut validasi Sistem.",ai
Jurnal INFOTEL IT Telkom (IndoT5 Parafrase),2013,"Diperlukan juga Low Noise Block (LNB) Combo yang berguna untuk mentransmisikan sinyal ke satelit yang dituju, setelah melakukan pengukuran dan melihat hasil pengukuran, dapat disimpulkan bahwa LNB Combo berpengaruh pada sinyal C-band yang dihasilkan, sinyal C band akan mengalami penurunan kualitas, ini dibuktikan dengan hasil pengukuran yang telah dilakukan bahwa nilai parameter C/N dan BER pada Ku-band lebih baik daripada pada C Band. ) (C/N) pada LNB yang digunakan adalah DVB-S2) kan oleh (L) s N (l) ) - BER (D). Otor (nb) a (c) : (M) modulasi) ` dari () nya (H) %) TER ).",ai
Jurnal INFOTEL IT Telkom (IndoT5 Parafrase),2014,"TIK yang begitu cepat, seperti saat ini, telah banyak mengubah sudut pandang banyak orang, antara lain sudut pandang orang untuk mengubah dunia pendidikan menjadi lebih baik, sedangkan proses komunikasi menggunakan video digital ini menghabiskan resource yang cukup besar, sehingga penggunaan wireshark di sini sangat diperlukan untuk menganalisis bandwidth pada paket yang diterima oleh klien. Dari hasil pengukuran video dengan standar H. 264 resolusi (720 x 540) dengan rata-rata 20 menit dalam pengambilan sampel, 30 pengujian sampel streaming video menggunakan Wireshark diharapkan dapat lebih mendukung konsep pembelajaran kapan saja. (TV), dan (internet TV) (V), (v ) dari sudut pandang mereka untuk mengubah pembelajaran , kualitas video streaming s - teknologi ini.",ai
Jurnal INFOTEL IT Telkom (IndoT5 Parafrase),2014,", redaman propagasi atmosfer pada malam hari akan mengakibatkan penurunan daya pancar pada sisi Automatic Direction Finder pada pesawat udara yang dipancarkan oleh Non Direction Beacon, meskipun nilai tersebut sudah mengakibatkan kesalahan penunjukan arah jarum indikator pada kompas Automatic Direction Finda, untuk itu diperlukan analisis pengaruh redamen propangasi atmosfer terhadap daya pancer dan daya terima pada Automatic Directory Finder. Dari perhitungan disimpulkan bahwa Redaman Propagasi Atmosfer sangat mempengaruhi daya terima, khususnya pada saat matahari terbenam, karena adanya loss. - Nilai tersebut telah menyebabkan kesalahan penunjukan Arah jarum indikator yang telah terjadi pada saat redagasi - daya terima.",ai
Jurnal INFOTEL IT Telkom (IndoT5 Parafrase),2014,"(behaviour) pilot agent memungkinkan objek pesawat di dalam simulator pengendali lalu lintas udara untuk merespon gejala cuaca yang diberikan oleh administrator atau instruktur sebelum simulator dijalankan. Respon Pilot Agent terhadap cuaca buruk kemudian dibandingkan dengan hasil reasoning MATLAB untuk melihat apakah algoritma yang dihasilkan berjalan dengan baik. Dari hasil perbandingan menunjukkan bahwa penalaran yang dihasilkan dalam penelitian ini berfungsi dengan baik, dan bahwa dari hasil perbandingan, hasilnya menunjukkan bahwa algoritma yang digunakan telah berjalan dengan benar. , dan tidak ada perbedaan suhu udara dengan titik embun , yang digunakan. ( ) (e) ` -.",ai
Jurnal INFOTEL IT Telkom (IndoT5 Parafrase),2014,"Di daycare, ketersediaan buku komunikasi merupakan sarana untuk mengetahui aktivitas harian dan perkembangan anak selama di rumah, pada buku komunikasi dicatat aktivitas harian anak dan perkembangan, dan biasanya akan dilaporkan dalam bentuk raport/portofolio anak. Berdasarkan pengamatan, ketersediaan fitur khusus seperti dailyreport, tumbuh kembang anak, dan portofolio (pengganti raport) sangat penting untuk pemantauan orang tua kapan pun mereka mau. - Untuk menyelesaikan hal ini, diperlukan sebuah sistem CMS yang dapat menyediakan laporan harian untuk memantau perkembangan anak-anak setiap saat. dari anak - sekolah dasar sekolah dasar, dan pengenalan fitur yang relevansibilitasnya. aplikasi yang sesuai dengan cara kerja sama sekali waktu yang bersangkutan. , dan perkembangan mereka sendiri, dan sebagai berikut. pembelajaran anak-masing-sekolah, setiap saat ini, dan seterusnya. tingkat perkembangan yang relevan untuk setiap saat itu.",ai
Jurnal INFOTEL IT Telkom (IndoT5 Parafrase),2014,"Ini adalah organisasi nirlaba yang memberikan layanan kepada masyarakat dengan menyediakan buku-buku sebagai sumber informasi, dalam mencapai tujuan Perpusda Kota XYZ untuk mengidentifikasi kebutuhan aplikasi yang diperlukan yang dapat mendukung tujuan organisasi, perencanaan strategi harus dilakukan dengan menggunakan tools analisis seperti analisis PEST, SWOT, Rantai Nilai dan Perencanaan Sistem Bisnis (BSP). 1 Tujuan dari penelitian ini adalah untuk menetapkan strategi pengembangan sistem informasi yang konsisten dengan tujuan organisasi.",ai
Jurnal INFOTEL IT Telkom (IndoT5 Parafrase),2014,"TIK adalah bagian penting dari kehidupan modern, karena hampir di semua bidang membutuhkannya, seperti pendidikan, pemerintahan, ekonomi, dan sebagainya, tetapi penyebaran layanan ke kabupaten dan distrik (desa) masih belum merata. Hal ini terlihat dari laporan hasil distribusi pita frekuensi yang hanya 1,5% untuk wilayah Papua dan Papua Barat, serta kerapatan layanan per kabupaten yang ditunjukkan pada hasil penelitian ini. , dan juga dari segi fungsional dan perkembangan teknologinya. telah menjadi dasar untuk evaluasi penyebaran layanan dan infrastrukturnya.",ai
Jurnal INFOTEL IT Telkom (IndoT5 Parafrase),2014,"SISTEM Presensi melalui SIMAK di ST3 memiliki beberapa kekurangan, yaitu memerlukan waktu khusus untuk memanggil mahasiswa satu per satu, juga memiliki celah kecurangan, jika dosen yang bersangkutan tidak mengenali wajah mahasiswa, sehingga ada kemungkinan mahasiswa mengaku sebagai mahasiswa lain. Berdasarkan hasil pengujian, sistem informasi presensi sudah dapat berjalan dengan baik. Output sesuai dengan rancangan yang telah dibuat.",ai
Jurnal INFOTEL IT Telkom (IndoT5 Parafrase),2014,"Di bawah pengujian yang dilakukan, DHT11 dan DHT22 adalah sensor seri DHT dari Aosong Electronics yang dapat melakukan pengukuran suhu dan kelembaban secara serempak dengan keluaran digital, informasi tentang akurasi terdapat di dalam lembar data keduanya, meskipun perbedaan lokasi dan platform tidak memberikan pengaruh pada hasil pengukuran. Galat pengukuran kelembaban yang masih di atas 10% menunjukkan perlunya kalibrasi ulang di masa mendatang, selain ketepatan, kepresisian juga harus diuji menggunakan penghitungan sudut rata-rata yang berlaku untuk pengukuran kelembaban, dan sebaliknya memiliki rentang galat yang lebih lebar. - hasil pengukuran yang berbeda, dan skala yang akan digunakan untuk pengukuran yang tepat waktu pengukuran yang akurat yang relevansi yang telah digunakan untuk tujuan. ukuran yang sesuai, dan kelembaban pengukuran yang konsisten pengukuran yang sesuai dengan metode pengukuran yang sama. , masing-masing- , dan platform yang sama-lokasi yang berbeda.",ai
Jurnal INFOTEL IT Telkom (IndoT5 Parafrase),2014,"(CBR) adalah salah satu metode yang menggunakan Pendekatan Kecerdasan Buatan (Artificial Intelligent) dan berfokus pada pemecahan masalah berdasarkan knowledge dari kasus sebelumnya. Kasus yang digunakan diperoleh dari catatan penanganan kasus diagnosa penyakit paru dari seorang dokter spesialis paru sebanyak 8 kasus dan diberikan satu kasus baru untuk dihitung nilai kedekatannya dengan kasus lama, yaitu sebesar 0. 38 atau 93%, sehingga dapat disimpulkan bahwa pasien telah didiagnosis menderita penyakit paru-paru, yang merupakan nilai kedekatan paling tinggi terhadap data kasus pertama, 45 kasus ketiga, keenam, dan kedepela, kasus kedeposisi yang paling dekat dengan kasus kedua, dan seterusnya, ( ), yang berkaitan dengan pendekatan yang mirip dengan pengetahuan yang dimiliki oleh kasus yang sama.",ai
Jurnal INFOTEL IT Telkom (IndoT5 Parafrase),2014,"(WiMaX) saat ini merupakan teknologi nirkabel yang menyediakan hubungan jalur yang lebar dalam jarak jauh, memiliki kecepatan akses yang tinggi dan jangkauan yang luas, sedangkan pada metode hybrid algorithm menggabungkan antara DRR dan WFQ, untuk memenuhi kebutuhan QoS tersebut, maka diperlukan algoritma penjadwalan yang lebih baik. , dibandingkan dengan metode homogeneous algorthm, memberikan nilai QoS yang lebih tinggi, serta dapat menghasilkan nilai delay dan jitter yang rendah, dan dapat menghasilkan berbagai macam jenis layanan. - masalah yang menarik dan , dan Best Efisiensi yang relevansi (Qo) ( Qo) yang luas , dan konvergensi yang luas jaringan yang luas layanan yang luas -.",ai
Jurnal INFOTEL IT Telkom (IndoT5 Parafrase),2014,"Personal komputer digunakan sebagai pusat kontrol yang berfungsi untuk mengirim dan menerima data dari hanphone dan mikrokontroler pada unit slave, dengan menggunakan komunikasi serial asinkron multipoint dengan baudrate 57600 bps, komunikasi serial antara komputer sentral dengan mikrocontroler berjalan pada baudrata 19200 bps. Dari hasil pengujian menunjukkan bahwa informasi yang diberikan saat nasabah mendaftar nomor antrian melalui telepon, informasi yang disediakan oleh komputer sentral saat nasabah meminta informasi kondisi antrian, yaitu jumlah nasabah yang terdaftar pada sistem antrian saat ini, waktu penutupan antrian. Waktu Tutup - Data - Sistem Layanan Informasi - Sistem - Layanan - Informasi - Layanan, Layanan - layanan - Layanan. - Layanan - Server - Jaringan - Layanan-server - server - ( - ) - , dan - s -.",ai
Jurnal INFOTEL IT Telkom (IndoT5 Parafrase),2014,"Untuk mendukung aplikasi pembelajaran dalam domain yang berbeda, seperti sejarah, matematika, dan sebagainya, penelitian ini bertujuan untuk merancang dan membangun modul praktikum Teknik Digital berbasis mobile AR, metodologi yang akan digunakan adalah melalui pendekatan prototipe dengan langkah-langkah: mengumpulkan dan menganalisis kebutuhan; merancang; membangun prototipe, dan prototipe ini harus melalui proses evaluasi konsumen, sebelum dibuat dalam skala besar dan diimplementasikan. ( 1 ) OJ L 201, 30. 3D - aplikasi pembelajaran - aplikasi yang relevansi aplikasi pembelajaran yang relevan aplikasi pembelajaran lainnya. aplikasi pembelajaran ( 2 ) - aplikasi pendidikan - aplikasi belajar.",ai
Jurnal INFOTEL IT Telkom (IndoT5 Parafrase),2014,"`` Aplikasi video interaktif tentang manusia purba dirancang dan diimplementasikan untuk mengenali masalah usability pada rancangan antarmuka, metode yang digunakan yaitu evaluasi heuristik berdasarkan 10 pedoman kriteria yang dikembangkan oleh Jacob Nielsen, yang memungkinkan pengguna untuk mendapatkan pengalaman pembelajaran baru dan mendorong pengguna untuk menyukai pengetahuan sejarah. Proses evaluasi pada aplikasi ini dilakukan untuk menentukan pertanyaan tentang apakah antarmuka dapat digunakan, melakukan evaluasi dan menganalisis hasil evaluasinya. `; setelah dilakukan evaluasi, evaluator menemukan 8 pertanyaan tentang kemampuan antarmuka dan desain konten sebagai bahan perbaikan dan pengembangan produk.",ai
Jurnal INFOTEL IT Telkom (IndoT5 Parafrase),2014,"paper ini menguraikan hasil implementasi aplikasi berbasis web pendeteksi plagiarisme menggunakan algoritma yang didasarkan pada himpunan kata dari Kâ1⁄4ppers, karena tidak ada corpus Bahasa Indonesia untuk mengevaluasi algoritma pendeteksi Plagiarism, hasil pengujian tidak dievaluasi menggunakan penilaian standar seperti recall, precision, dan granularity, dengan nilai yang menjadi ukuran kemiripan dokumen yang diuji dengan dokumen lain yang ada di basisdata. teks asli, dan bukan kutipan asli, yang berarti bahwa teks asli dan bukan terjemahan. teks aslinya adalah benar-benar ditulis ulang. Teks yang merupakan teks asli.",ai
Jurnal INFOTEL IT Telkom (IndoT5 Parafrase),2015,"(Localization) dilakukan pada lantai 3 gedung jurusan Teknik Elektro dan Teknologi Informasi (JTETI) dengan luas 1969,68 m2 dan memiliki 5 titik penempatan access point (AP), untuk membentuk peta fingerprint digunakan dimensi 1 m x 1 m sehingga diperoleh rata-rata kesalahan jarak estimasi sebesar 7,82 meter. Dengan menggunakan Software Net Surveyor, data kekuatan sinyal yang diterima (RSS) dari jaringan wireless ke perangkat penerima (laptop), masing-masing, sebesar 6,29 meter. , rata-meter) (M) - ,.",ai
Jurnal INFOTEL IT Telkom (IndoT5 Parafrase),2015,"NGN adalah teknologi masa depan yang mendukung beberapa layanan terintegrasi, seperti voice, data, dan multimedia, dengan menggunakan tiga teori antrian yang berbeda, First In First Out (FIFO), Priority Queuing (PQ), dan Weighted-Fair Queuling (WFQ) untuk digunakan sebagai pengatur aliran paket data, sehingga diperlukan teori Antrian yang tepat untuk digunakan dalam jaringan IMS dalam penelitian ini. 2 Mbps, dan WFQ, sehingga dapat digunakan sebagai pengaturan paket data. WF QA yang tepat WILL TFQ, yang relevansi , dan layanan, dan Multimedia, dan IP, sehingga , masing-internet , , yaitu , untuk , yang sesuai , pada , dari , sebagai , di mana , dll (WQ) ( WFq),.",ai
Jurnal INFOTEL IT Telkom (IndoT5 Parafrase),2015,"Untuk mengatasi hal ini, dua lembaga pendidikan telah mengembangkan solusi untuk mendukung pembelajaran bahasa Inggris dengan merancang materi pembelajaran yang mencakup berbagai kompetensi keterampilan terintegrasi yang dapat diakses secara gratis oleh siswa dan guru dalam bentuk aplikasi jejaring sosial yang memungkinkan siswa untuk meningkatkan kemampuan bahasa Inggris mereka dengan menggunakan berbagai fitur yang disediakan, mulai dari membaca, menulis, dan mendengarkan. , tetapi pembelajaran yang dilakukan mengalami beberapa masalah seperti kurangnya media dinamis belajar bahasa Inggris, yang selalu up-to-date dengan perubahan zaman, dan kurangnya fasilitas komputer dan media internet yang dapat digunakan oleh siswa untuk menambah kosakata bahasa Inggris. - teks yang tidak ada.",ai
Jurnal INFOTEL IT Telkom (IndoT5 Parafrase),2015,"augmented reality telah diimplementasikan dan diujicobakan terhadap 3 kelas dengan 97 responden, dengan hasil penelitian adalah 83% responder menyukai aplikasi, 77% memahami materi, 84,5% menginginkan aplikasi ini menjadi alat bantu ajar, 65,98% meminta materi untuk dilengkapi dan diperbanyak, 77,3% dapat belajar mandiri menggunakan aplikasi ini tanpa bantuan dari dosen atau asisten. , yang merupakan salah satu bentuk pengajaran yang memberikan pengalaman belajar secara nyata terhadap kondisi nyata di lapangan mengenai penggunaan dan implementasi alat peraga yang berkaitan dengan materi yang dipelajari oleh mahasiswa/peserta. aplikasi, aplikasi, , aplikasi pada aplikasi ,.",ai
Jurnal INFOTEL IT Telkom (IndoT5 Parafrase),2015,"(PWS KIA) adalah program pemerintah untuk memantau perkembangan kesehatan ibu dan anak di suatu wilayah, keberhasilan program PWS kIA tidak terlepas dari peran bidan dalam pengumpulan data dan cakupan wilayah yang luas, sehingga pelaporan baru diperoleh pada periode tertentu, sementara informasi yang dibutuhkan bersifat realtime layanan, pengembangan sistem menggunakan bahasa pemrograman PHP, DBMS MySQL dan Gammu SMS Gateway. Hasil penelitian diharapkan dapat memberikan kemudahan bagi bidan untuk melaporkan setiap layanan PW SKIA secara realtime, tanpa harus menunggu selama periode tertentu. , dan sebagai berikut ini , sebagai berikut , dengan tujuan penelitian yang relevansi , sebagaimana mestinya sendiri , dll , , yang bersangkutan, dan seterusnya , masing-masing.",ai
Jurnal INFOTEL IT Telkom (IndoT5 Parafrase),2015,"Di sisi penerima, kanal memiliki banyak noise (derau), atenuasi (redaman), juga dengan banyaknya jalur yang digunakan, sehingga terjadi redaman yang dikenal dengan istilah multipath fading, yang merupakan gejala pelemahan sinyal karena sinyal dari pengirim melewati berbagai macam jalan, bisa sinyal langsung, terpantul, atau sinyal yang sudah teredam oleh bahan tertentu, misalnya kaca atau kayu, penggunaan teknik OFDM dapat meminimalkan efek multipathfading dalam proses transmisi, sehingga sinyal berubah dari bentuk aslinya, dan sebagai berikut ini (M) (m) yang digunakan untuk (MS) - , dan yang digunakan pada sistem di mana s dari. Modifikasi untuk mengubah sinyal ` suatu proses _ ( ) - ( - ) , ; :.",ai
Jurnal INFOTEL IT Telkom (IndoT5 Parafrase),2015,"augmented reality saat ini digunakan sebagai media pengenalan hewan prasejarah melalui pelajaran sejarah di sekolah hanya melalui sebuah buku dan gambar yang terdapat pada buku dan alat peraga biasa, tetapi dengan menggunakan teknologi Augmented Reality, pengguna menjalankan aplikasi kemudian aplikasi akan melakukan pelacakan marker, setelah marker dikenali sesuai dengan data acuan yang terdapat dalam sistem aplikasi, aplikasi dapat menampilkan hewan prasejarah secara 3D pada layar smartphone. - Aplikasi Virtualisasi Hewan Fosil dengan menggunakan gadget, sehingga aplikasi dapat ditampilkan secara virtual pada layar ponsel mereka. tampilan 3D - Aplikasi dapat menampilkan binatang 3D (3D - hewan prasejarah - hewan - video - aplikasi - aplikasi untuk pengenalan hewan - materi yang relevansi aplikasi.",ai
Jurnal INFOTEL IT Telkom (IndoT5 Parafrase),2015,"(2) Makalah ini mengusulkan Sistem Monitoring Listrik Rumah (SMLR), yang memberikan informasi kepada penghuni mengenai penggunaan listrik di rumah mereka, dan menyediakan cara yang efisien untuk menanggapi informasi tersebut. Sistem ini dibangun di atas platform komputasi awan yang menyediakan alat dan mekanisme yang membantu mengembangkan aplikasi di lingkungan komputasi awan, yang akan membantu pengguna untuk memantau dan mengontrol peralatan listrik yang ada di rumah, yang dapat diakses melalui web browser dan perangkat mobile. Semakin sedikit listrik yang dihemat, semakin sedikit pengeluaran mereka untuk membayar tagihan listrik mereka sendiri.",ai
Jurnal INFOTEL IT Telkom (IndoT5 Parafrase),2015,"Ini dapat digunakan untuk mengendalikan lampu ruangan, pemantauan suhu, dan pengendalian sistem penggerak tirai dengan menggunakan modul jaringan NM7010A TCP/IP Starter Kit, aplikasi rumah tersebut dapat dikendalikan melalui jaringan intranet. Pada mikropengendali ATMega128, data diproses dan dieksekusi untuk mengeksekusi sistem melalui jaringan TCP /IP, diperlukan waktu tunda antara 0,5 dan 1,2 detik untuk menjalankan sistem. (Teks dengan relevansi EEA) dari hasil pengujian menunjukkan bahwa rata-rata kesalahan konversi sebesar 0,64%.",ai
Jurnal INFOTEL IT Telkom (IndoT5 Parafrase),2015,"(2) Perkembangan teknologi dan komunikasi sangat membantu kinerja dan proses bisnis organisasi, serta membantu organisasi dalam menjalankan proses bisnis yang dibutuhkan, sehingga membantu pengelola organisasi mengambil keputusan, sistem informasi Praktek Kerja Lapangan yang menggunakan metida waterfall diharapkan dapat mendorong organisasi untuk mengelola kegiatan PKL dengan lebih baik. , dan bahwa sistem tersebut harus mampu memberikan manfaat bagi organisasi untuk memperoleh informasi dan membantu organisasi untuk melaksanakan proses bisnis mereka sendiri yang diperlukan. Kegiatan PKL telah dirancang dan dikembangkan. Sistem ini dimaksudkan untuk mengembangkan sistem informasi yang digunakan dengan perkembangan teknologi dan Komunikasi. Keputusan yang akan digunakan dalam PKL. (TEL) ( ) ) - (C) s.",ai
Jurnal INFOTEL IT Telkom (IndoT5 Parafrase),2015,"(Enterprise Resource Planning) adalah struktur sistem informasi yang digunakan untuk mengintegrasikan proses bisnis ke dalam perusahaan manufaktur/jasa, yang mencakup operasional dan distribusi produk yang dihasilkan, aplikasi ERP untuk Cloud Computing (ERP Cloud) akan menguntungkan perusahaan kecil karena mereka dapat mengurangi hambatan umum terutama terkait dengan biaya investasi yang besar untuk penggunaan sistem ERP pada umumnya, sehingga semakin banyak perusahaan yang memanfaatkan aplikasi eRP dengan biaya yang lebih rendah. lebih rendah dari pada biaya yang jauh lebih rendah di mana aplikasi tersebut dapat digunakan. tingkat yang lebih banyak perusahaan telah menjadi lebih murah. (EC) (C) untuk aplikasi yang lebih lanjut.",ai
Jurnal INFOTEL IT Telkom (IndoT5 Parafrase),2016,"Di wilayah STO Pati terdapat lebih dari 500 Distribution Point (DP), jumlah DP yang banyak dan luas wilayah membuat petugas kesulitan mengingat lokasi DP, petugas sudah memiliki GPS dan konsep Location Based Service (LBS), tetapi tidak dilengkapi peta, sehingga petugas masih mengalami kendala dalam mencari lokasi DPS. Hasil pengujian sistem dengan metode Black Box diperoleh persentase 100%, yang menyatakan bahwa aplikasi telah berjalan sesuai dengan kebutuhan sistem. , RK, rumah pelanggan, dan informasi rute yang dapat ditempuh, dan dapat melakukan panggilan telepon pelanggan. - , dan layanan web , aplikasi DP - DP (D) DP) ( ) s DP untuk menemukan lokasi, DP ini DP terkait dengan DP tersebut DP. DP-lokasi GPS yang dapat digunakan ( GPS) GPS (GP) GPS yang diperlukan.",ai
Jurnal INFOTEL IT Telkom (IndoT5 Parafrase),2015,"tweets pada media sosial twitter saat ini sudah sangat besar, namun jumlah data tersebut masih belum banyak dimanfaatkan atau diproses untuk menjadi sesuatu yang bernilai guna, salah satunya adalah aplikasi yang dirancang pada penelitian ini menggunakan metode pengembangan perangkat lunak yaitu model waterfall dan diimplementasikan dengan bahasa pemrograman PHP, sedangkan pengujiannya menggunakan Black Box testing untuk memeriksa apakah hasil rancangan sudah dapat berjalan sesuai dengan harapan atau belum. Hasil dari penelitian ini adalah berupa aplikasi yang dapat mengubah tweet yang telah dikumpulkan menjadi data yang siap diproses lebih lanjut sesuai dengan kebutuhan pengguna, berdasarkan kata kunci dan tanggal pencarian (Ta) ( Tweets ) , dan tanggal pengumpulan data yang telah digunakan, data yang relevansi yang dapat digunakan dalam hal ini, aplikasi yang diperlukan. tweet tweet, dan aplikasi yang akan digunakan oleh aplikasi.",ai
Jurnal INFOTEL IT Telkom (IndoT5 Parafrase),2015,"(SaaS) adalah aplikasi yang dibangun dengan metode analisis perancangan terstruktur dengan model waterfall, pengumpulan data kebutuhan aplikasi dilakukan dengan melakukan survei ke fakultas-fakultas di Universitas Telekomunikasi, hasilnya dianalisis dan dikembangkan menjadi rancangan aplikasi, aplikasi diimplementasikan pada pemrograman PHP, pengujian dilakukan dengan metode black box testing, hasilnya berupa aplikasi Saas untuk perhitungan dan pelaporan Honor Asprak dan pengukuran kinerja asisten praktikum. Aplikasi ini dapat dikustomisasi sesuai dengan kebutuhan perguruan tinggi. fitur yang ada dapat disesuaikan dengan kebutuhan pengguna aplikasi tersebut. - aplikasi tersebut dapat melakukan penyesuaian fitur yang sesuai dengan aplikasi. (b) ( ) ) aplikasi yang relevansi () dari aplikasi yang sesuai kebutuhan aplikasi yang diperlukan , aplikasi yang digunakan oleh aplikasi yang telah dibuat sesuai dengan menggunakan fitur yang diinginkan.",ai
Jurnal INFOTEL IT Telkom (IndoT5 Parafrase),2015,"(LBS) adalah layanan yang ditawarkan melalui telepon seluler dengan mempertimbangkan lokasi geografis pengguna mobile, karena LBS sangat bergantung pada lokasi pengguna mobile. Sebuah LBS dapat menunjukkan pengguna ke restoran, pom bensin, rumah sakit, dan objek wisata terdekat dengan menggunakan Google Maps API V2. Dengan menggunakan LBS, wisatawan akan lebih mudah untuk menentukan tujuan wisata di kota dan kabupaten Tegal berdasarkan lokasi pengguna mereka. wisata yang ada di Kota dan Kabupaten Tegal sebagai objek wisata yang cocok. - Objek wisata yang tersedia di daerah tersebut. , dll informasi pendukung dari objek wisata di mana yang sesuai.",ai
Jurnal INFOTEL IT Telkom (IndoT5 Parafrase),2016,"(PAUD) adalah pendidikan sebelum pendidikan dasar, yang merupakan upaya pembinaan yang ditujukan untuk anak berusia dua sampai enam tahun, dan merupakan salah satu aspek dalam kecerdasan yang harus dikembangkan oleh anak usia dini adalah warna. Aplikasi yang dihasilkan adalah program game yang dapat dipasang di ponsel pintar, khususnya Android. Seluruh fungsionalitas dalam aplikasi ini telah diuji dan dapat memenuhi harapan peneliti untuk mengemas pendidikan dalam bentuk game. pengenalan warna untuk anak usia awal juga akan menambah minat anak untuk mempelajari sesuatu yang baru. , dan juga akan meningkatkan minat mereka untuk mempelajari hal-hal yang akan membuat anak tertarik untuk mengembangkan pendidikan yang akan mengembangkan pendidikan dengan cara yang akan membentuk pendidikan yang dimaksudkan untuk mengembangkan sekolah dasar untuk mengembangkan anak-dan untuk mengembangkan pengetahuan yang relevansi anak-anak untuk pendidikan. - anak-terlihatan anak-untuk mengembangkan pendidikan anak- anak-sekolah yang lebih lanjut usia.",ai
Jurnal INFOTEL IT Telkom (IndoT5 Parafrase),2015,"(1) Penelitian ini menghasilkan konten e-learning untuk digunakan pada penerapan metode blended learning di mata kuliah Fisika, program studi D3 Teknik Komputer, Fakultas Ilmu Terapan, Universitas Telekomunikasi, dengan hasil penelitian yang terdiri dari dua kelompok, yaitu konten pembelajaran dan hasil pengukuran dari aspek pengalaman pengguna dari konten pembelajaran, yang merupakan salah satu cara untuk memperkuat pemahaman dari mata kuliah ini. Pembelajaran ini menggunakan metode Prototipe dengan hasil studi yang dibagi menjadi dua kelompok: konten pembelajaran serta hasil pengukuran tentang pengalaman pengguna dalam konten pembelajaran. - Studi ini adalah sebagai suplemen pemahaman dasar. ) ( ) pembelajaran yang relevansi () pembelajaran).",ai
Jurnal INFOTEL IT Telkom (IndoT5 Parafrase),2015,"(Virtual LAN) adalah teknologi yang dapat mengkonfigurasi jaringan logis independen dari struktur jaringan fisik, berdasarkan hasil pengujian konektifitas, verifikasi dan keamanan, dan dengan menggunakan protokol OpenFlow Controller digunakan untuk men-simulasikan dan menguji platform SDN dengan skenario penambahan jumlah VLAN ID, sehingga latency yang terjadi di jaringan dapat dipantau dengan parameter round trip time (RTT) yang stabil 0,2 sampai 6 detik, meskipun jumlah vlan_id dan background traffic meningkat, tetapi tidak ada ketergantungan terhadap vendor yang signifikan. - (SD) (D) - pada SDN ` `. ` _ ` yang lebih lanjut , dan keamanan. POX ; aplikasi NVLAN IP _.",ai
Jurnal INFOTEL IT Telkom (IndoT5 Parafrase),2015,"Untuk migrasi data antara dua DBMS yang berbeda, saat ini telah dikenal beberapa teknik dan kakas untuk melakukan migrasi data, misalnya CSV file, ODBC, SQLDump, dan sebagainya, proses migrasi data yang dijelaskan di sini melalui tiga tahap, yaitu capture, convert dan construct, sedangkan untuk migrasi data parsial membutuhkan waktu rata-rata 5,95 detik dari DBMS Oracle ke MySQL dan 2,19 detik untuk skenario sebaliknya. `` Proses migrasi data ini dapat digunakan untuk menguji teknik migrasi data tersebut. - skenario yang lain ` metode migrasi data pendekatan yang berbeda teknik migrasi Data teknik yang berbeda.",ai
Jurnal INFOTEL IT Telkom (IndoT5 Parafrase),2015,"(PA) adalah mata kuliah yang diajukan untuk memenuhi persyaratan studi diploma di suatu Perguruan Tinggi, dan mata kuliah ini dilaksanakan pada semester 6 (enam) atau tingkat akhir dari perkuliahan studi diploma. Analisis dan pemodelan proses bisnis dalam pelaksanaan proyek akhir ini dapat digunakan untuk mengidentifikasi bahwa ada kasus yang dapat dimodelkan dengan model proses bisnis dan notasi swimlanes s, dimana masing-masing model memiliki kelebihan dan kekurangannya sendiri. - Analisis dan Pemodelan Proses Bisnis Pelaksanaan Proyek Akhir, yang dapat digunakan sebagai alat bantu dalam mengidentifikasi kebutuhan sistem tersebut. mengidentifikasi Kebutuhan Sistem (S) (A) kebutuhan sistem yang relevansi (C) ) Swill s ` s ` ,.",ai
Jurnal INFOTEL IT Telkom (IndoT5 Parafrase),2015,"Untuk diagnosis kelainan refraksi pada mata di Rosya Optikal masih menggunakan cara manual, yaitu dengan pasien datang ke Rosya optical melakukan pendaftaran, pemeriksaan mata, refraksionis optisien mendiagnosis dan memberikan hasil diagnosisnya, memberikan tips perawatan mata, serta resep pembuatan kacamata diberikan kepada pasien. Dengan adanya alat bantu ini, pengguna dapat mengetahui kelainan mata yang dialami, mendapatkan perawatan mata yang tepat dan mencegah penyakit mata yang berkelanjutan dan solusi jenis kacamata jika diperlukan. , dan untuk tujuan tersebut harus dilakukan pemeriksaan mata secara teratur. (Ametropia (a) ( (b) ) , sebagai berikut (l) s () ` `` , `. - e dari , atau tujuan , yang diperlukan ; , dll. a , , untuk , aplikasi.",ai
Jurnal INFOTEL IT Telkom (IndoT5 Parafrase),2015,"( 1 ) Studi literatur dan studi kasus digunakan untuk mengkaji berbagai konsep mengenai Dashboard, KPI dan visualisasi informasi yang digunakan dalam pengembangan Dashboard di LPPM dengan menyajikan informasi Key Performance Indicators (KPI) dalam bentuk antarmuka visual secara sekilas dalam satu layar, sehingga data dapat dianalisa dengan lebih efektif dan efisien. Hasil dari penelitian menunjukkan bahwa dengan menggunakan model waterfall pada penyampaian Dashboard ke pengguna yang telah dilakukan dengan 2 iterasi, Dashboard ini memenuhi kebutuhan LPPM untuk memantau kinerjanya secara efektif dan Efisien. - ( 2 ) (2 ), (1). (3) s , ) ` untuk tujuan. dalam hal- dari yang relevansi ( ) sebagai berikut:.",ai
Jurnal INFOTEL IT Telkom (IndoT5 Parafrase),2016,"Ini membahas salah satu aplikasi mikrokontroler Atmo16 yang digunakan sebagai media pointing antena VSAT, untuk menentukan sudut azimuth dan ketinggian, menggunakan perubahan linier dari potensiometer yang terhubung dengan mikro-kontroler digunakan sebagai sensor sudut untuk konversi dari analog menjadi digital berdasarkan perubahan linier potensiometer, sedangkan untuk perbandingan total hasil pointing manual adalah BER, Signal Quality, BER dan C/N 8,5dB, meskipun tidak terlalu besar, bahkan cenderung sama. Perbedaan nilai BER/C/N tidak terlalu signifikan, bahkan lebih baik. 8,5 dB, tetapi tidak terlalu kecil, tetapi lebih baik, dan (N ) , yang lebih baik , dan sudut, , sehingga lebih akurat. , masing-masing-A, dan E , - , atau , pada , dll ( , yaitu , di atas, (M) ( N , seperti itu.",ai
Jurnal INFOTEL IT Telkom (IndoT5 Parafrase),2016,"Pada penelitian ini, sistem navigasi terestrial menggunakan frekuensi ground wave dengan metode triangulasi, digunakan FPGA untuk pembangkitan sinyal LORAN-C analog melalui sintesa digital (direct digital synthesis) pada tingkat baseband untuk menghasilkan format sinyal presisi tinggi. Dari hasil penelitian diperoleh sembilan pulsa master dengan spesifikasi sesuai dengan ketentuan sistem navigasi LORAN - C, lebar pulsa 300 μs, delay pulsa 700 μs dan amplitudo maksimum pada t = 60 "" 65 μs.",ai
Jurnal INFOTEL IT Telkom (IndoT5 Parafrase),2016,"Tujuan dari penelitian ini adalah untuk membuat aplikasi sistem pemilihan smartphone android dengan menerapkan metode Weighted Product yang dapat menyelesaikan masalah dengan cara perkalian untuk menghubungkan rating attribute dengan atribut bobot yang bersangkutan, yang merupakan kriteria dalam pertimbangan pemilihan smartphone Android dalam penelitian diperoleh dari hasil kuesioner, yaitu harga, memori internal, RAM, kamera dan kapasitas baterai. Hasil dari penelitian tersebut berupa aplikasi Sistem Pemilihan Smartphone Android berbasis Web yang dapat memberikan rekomendasi sebagai bahan pertimbangan untuk pengambilan keputusan. untuk memilih smartphone Android dengan menggunakan metode weighted product dalam proses analisis sistem sehingga diperoleh hasil terbaik dalam pengambilan keputusan yang terbaik.",ai
Jurnal INFOTEL IT Telkom (IndoT5 Parafrase),2016,"(LTE) dirancang untuk mengurangi biaya yang dikeluarkan oleh pengguna dan operator telekomunikasi, memperluas daerah jangkauan, meningkatkan kapasitas sistem, dan mengurangi delay, dengan spesifikasi yang tinggi, LTE diharapkan mampu memberikan layanan dengan tingkat delay yang tinggi dan delay rendah, meskipun kedua algoritma ini sangat cocok untuk digunakan pada jaringan LTE dengan kondisi trafik layanan real-time, tetapi tidak untuk layanan non-real-time seperti layanan Best Effort. , dan batas waktu yang tepat, kinerja dan hasil yang maksimal tersebut, dan ( BEE) (M) , ( LTE) ) nya, dan kinerja dan kinerja yang relevansi , masing-nya, , dll , untuk setiap pengguna, dan ketepatan waktu yang tinggi , kecepatan yang tinggi).",ai
Jurnal INFOTEL IT Telkom (IndoT5 Parafrase),2016,"Ini menggunakan Jaringan Regresi Neural Gabungan (GRNN) untuk meramalkan kunjungan wisman di 19 pintu masuk utama dan kebangsaan, seperti: Bandara Internasional Bali, Tanjung Uban, Polonia, Juanda, Husein Sastranegara, Tanjung Balai, Karimun, Tanjung Priuk, Tanjung Priok, Adi Sucipto, Minangkabau, Entikong, Adi Sumarno, Sepinggan, Samrat, Bandara Internasional Langkawi, Makassar, menunjukkan kinerja peramalan terbaik dengan menggunakan spread 0,1 untuk data latih dan data uji, sehingga tidak memerlukan pengaturan parameter bebas.",ai
Jurnal INFOTEL IT Telkom (IndoT5 Parafrase),2016,"(SDN) merupakan paradigma baru dalam sistem jaringan, dengan konsep dasar pemisahan antara layer kontrol dan forward dalam perangkat yang berbeda, konsep inilah yang menjadi perbedaan antara SD dan jaringan konvensional, selain itu SD memberikan konsep network topology virtualisation dan memungkinkan administrator untuk melakukan customize pada kontrol plane. Hasil pengujian pada kondisi overload yaitu dengan background traffic 125 Mb, nilai packet loss mencapai 1,23%, nilai Throughput 47,6 Mbp/s dan jitter 2. 012 ms, sedangkan performansi perangkat kontrolervices routing routerkontroler routentang 553 ms -kontroler -per -kontrol -jaringan -kontrol.",ai
Jurnal INFOTEL IT Telkom (IndoT5 Parafrase),2016,"WIMAX Mobile WiMAX adalah salah satu alternatif yang dapat memberikan datarate 15 Mbps yang lebih baik daripada teknologi 3G, WLAN, dan lain-lain, dan juga mendukung Mobility secara portable, mobile, dan nomadic, dengan skenario perbedaan kecepatan (maksimum 100 km/jam) dan perubahan jumlah pengguna dalam satu cakupan area. Hasil dari kedua skenario menunjukkan bahwa ketika kecepatan dan jumlah pengguna meningkat, parameter kualitas layanan menurun, tetapi masih memenuhi syarat untuk layanan IPTV (IPTV). , dan sebaliknya, dan lainnya. - , yang lain, yang mendukung Mobilitas yang mendukung mobilitas yang dapat diakses pada mobile TV , dll. aplikasi mobile, dll , tetapi tidak dapat diterima oleh operator seluler ,. ukuran, dan , seperti , di mana , Internet , sehingga dapat diakses oleh aplikasi mobile , serta aplikasi mobile.",ai
Jurnal INFOTEL IT Telkom (IndoT5 Parafrase),2016,"(2) Game Sejarah Terbentuknya Kota adalah game bergenre RPG yang dibangun dengan menggunakan editor RPG atau mesin pengedit RPG bernama VX Ace, cerita dan sejarah dari pembentukan sebuah kota di Indonesia, dibangun berdasarkan alur cerita dari sejarah berdirinya kota tersebut, yang didukung oleh berbagai fitur dalam game ini, yang membuat pemain tertarik untuk mempelajari sejarah pembentukan kota tersebut. Dari hasil pengujian fungsionalitas, game ini memenuhi harapan peneliti untuk mengemas pendidikan dalam bentuk game, sehingga dapat digunakan sebagai media informasi yang dapat menarik minat pemain untuk belajar sejarah pembentukan Kota, sehingga pada era ini sangat sulit untuk menemukan orang yang penting untuk membentuk Kota, pada saat ini, pada zaman. - , yang dirancang untuk tujuan untuk mengembangkan gamer VXAce - RPG , dan 2d - game. - game, dan - game - - game , - gameplay - game ini - game-game - : - game tentang - game tersebut -.",ai
Jurnal INFOTEL IT Telkom (IndoT5 Parafrase),2016,"augmented reality pada umumnya menggunakan marker khusus untuk menjalankan aplikasi (marker based), penggunaan marker tersebut membuat aplikasi menjadi ketergantungan, karena aplikasi hanya akan dapat dijalankan jika marker tersedia. Hasil dari penelitian menunjukkan bahwa semua benda dapat digunakan pada metode markerless pengguna defined target, seperti kontras warna permukaan datar, bentuk objek, jarak, cahaya, dan sudut kamera pada saat tracking. Jarak ideal adalah 15 cm sampai 25 cm. - benda 3 dimensi dapat ditampilkan pada perangkat android, dan jarak ideal 15 cm.",ai
Jurnal INFOTEL IT Telkom (IndoT5 Parafrase),2016,"augmented reality berdasarkan metode pelacakan (tracking) dibagi menjadi dua, yaitu marker based tracking dan markerless, masing-masing memiliki jarak minimum dan maksimum pendeteksian dan intensitas cahaya yang dihasilkan untuk kedua metode tersebut, yaitu Markerless memiliki rata-rata jarak minimum 7. 5 cm dan maksimum 80 cm, sedangkan MarkerLess memiliki rentang jarak minimum 3. 8 cm dan maksimal 300 cm. Sistem dapat memunculkan objek pada intensitas 97 lux -1605 lux, sedangkan sistem dapat menampilkan objek pada frekuensi 97. , dan (visual), yang digunakan untuk menentukan besarnya intensitas cahaya (proses). (radio) - (trans) -term s - , dan intensitas - ,.",ai
Jurnal INFOTEL IT Telkom (IndoT5 Parafrase),2016,"wilkinson adalah pembagi daya yang menggunakan saluran dengan panjang -4 dan menyisipkan komponen isolasi antar kedua port keluaran, dengan menggunakan panjang saluran ?/4, bandwidth yang dihasilkan relatif sempit karena berhubungan dengan panjang saluran yang tetap, nilai isolasi parameter S23 dan S32 dengan komponen isolasi resistor 100 ohm bernilai -9,7521 dB dan -12,3626 dB. Dari simulasi diperoleh bandwith dari nilai returnloss di bawah -10 dB sebesar 3. 6355 GHz dan 2,3 GHz.",ai
Jurnal INFOTEL IT Telkom (IndoT5 Parafrase),2016,"BULOG Kota Tegal melakukan pengukuran panjang dan lebar beras baik dengan caliper dan dibandingkan dengan citra digital menggunakan microscope dengan menggunakan teknologi pemrosesan citra sebagai alat bantu instrumen pengukuran yang dapat menampilkan nilai ukur yang jelas terbaca, dan dari 100 beras diperoleh klasifikasi beras berdasarkan panjang dan Lebar suatu beras dengan ukuran 6. 50 mm yang merupakan bentuk panjang, dan klasifikasi beras untuk lebarnya berupa bulat dengan ukuran 2 mm, tergantung pada kemampuan penglihatan masing-masing individu yang melakukan pengukuran, maka perlu adanya cara pengukuran yang lebih cepat dalam mengukur dimensi beras tersebut. - hasil klasifikasi beras tersebut ( 2 mm) (2mm) s ( 1 ( ) a (b) , (m). (M) /proses citra yang akurat (A) ) yang akurat.",ai
Jurnal INFOTEL IT Telkom (IndoT5 Parafrase),2016,"Pada penelitian ini, sistem komunikasi antara MS (Mobile Station) dan RBS (Radio Base Station) dengan frekuensi 2. 3 GHz kondisi uplink, komunikasi yang terjadi ketika pengguna MS yang bergerak di sepanjang trotoar terhadap RBS yang berada di tepi atas gedung, propagasi melewati pepohonan, atmosfer, dan jarak komunikasi, sehingga metode difraksi menggunakan single knife-edge dan Giovanelli knives-edge, yang menghasilkan sedikit peningkatan persentase daerah tercakup RBS, yang merupakan pengaruh dari komunikasi tersebut, diantaranya karena pohon, atmosfer dan jarak transmisi.",ai
Jurnal INFOTEL IT Telkom (IndoT5 Parafrase),2009,"(Intercell handover) adalah suatu cara atau pemindahan daerah pelayanan yang disebabkan oleh pergerakan pengguna (mobilitas) pada penelitian ini, dengan melakukan pengukuran terhadap parameter yang menjadi faktor penyebab handover dan pengukuran pada frekuensi kerja dual band GSM-900 dan DCS 1800 menggunakan alat bantu TEMS Investigation 4.",ai
Jurnal INFOTEL IT Telkom (IndoT5 Parafrase),2009,"Untuk mencatu baterai ponsel yang lemah (low battery), alat yang dirancang dalam penelitian ini digunakan untuk menjumlahkan tegangan keluaran AC yang digunakan sebagai input rangkaian Voltage Quadrupler, sehingga tegangan keluaran (Vout) menjadi 4 kali tegangan masukan (vin), hasil akhir dari alat yang sudah dibuat belum memuaskan, karena hanya memiliki karakteristik nilai hfe yang tinggi dan tegangan DC yang rendah. ), dan tegangan output yang kecil. harus disediakan oleh transistor yang digunakan. Transistor ini, dan arus listrik, dan penguatan transistor yang besar (l), (L), tetapi tidak dapat digunakan dengan cara yang rendah (A) (R), dll) , dan waktu.",ai
Jurnal INFOTEL IT Telkom (IndoT5 Parafrase),2009,"Di era globalisasi ini, kemajuan di segala aspek kehidupan terus berkembang, dengan perkembangan teknologi seluler yang awalnya hanya digunakan untuk voice call dan SMS (Short Message Service), sekarang beberapa pengembangan teknologi seluler telah dapat digunakan sebagai rangkaian pengendali jarak jauh untuk membuat sistem kontrol pintu gudang, serta menggunakan DTMF (Dual Tone Multy Frequency). Sistem kontrol kartu juga telah digunakan sebagai kendali pintu yang utama. - Sistem Kontrol Kartu (DTMF) , yang lebih penting adalah untuk mengirimkan DTMf.",ai
Jurnal INFOTEL IT Telkom (IndoT5 Parafrase),2009,"(Radar) adalah sistem pengideraan jauh dengan sensor aktif, yang terdiri dari transmitter (Tx) yang dihubungkan dengan antenna transmitting yang mengirimkan gelombang elektromagnetik ke target, receiver ( RX) yang dipantulkan kembali ke antenna penerima radar dan diteruskan ke bagian penerima radar. Bagian penerima radar selanjutnya menganalisa persamaan sinyal Sr(t) sehingga dapat menentukan lokasi dan jarak dari target radar. , yang dapat digunakan untuk menjalankan program ini. - , dan tidak tergantung pada platform. pemrograman yang dapat mengubah kode program ini - pemrograman yang sesuai dengan mengubah kode pemrograman yang akan menggunakan pemrograman yang harus mengubah kode Program aplikasi ini - program yang diperlukan. - perangkat lunak pemrograman yang mendukung pemrograman yang telah menulis kode program yang ditulis ulang - program. (t - ) - ( ).",ai
Jurnal INFOTEL IT Telkom (IndoT5 Parafrase),2010,"linux freesco adalah salah satu aplikasi router yang dapat digunakan sebagai alternatif untuk pembuatan perangkat keras komputer yang berbasiskan komputer 386 dengan menggunakan resource yang kecil tetapi memiliki kemampuan yang powerful, sehingga Linux Freesco dapat digunakan kembali di sekolah kejuruan Negeri 1 Bawang dengan memanfaatkan komputer Pentium II yang tidak terpakai di SMA Negeri 1. Komputer-komputer tersebut dapat digunakan lagi sebagai Router. , meskipun berbasis teks, tetapi dirancang untuk memfasilitasi penggunanya, sehingga dapat digunakan ulang sebagai routers. komputer yang tidak digunakan di sekolah. - komputer tersebut dapat dimanfaatkan sebagai. routing yang dibuat secara interaktif route routor yang digunakan di Sekolah Kejuruan yang digunakan oleh komputer yang telah digunakan di mana saja yang lebih dari yang lebih baik yang lebih lanjut dan berfungsi sebagai antarmuka yang lebih banyak routener.",ai
Jurnal INFOTEL IT Telkom (IndoT5 Parafrase),2010,"TIK merupakan salah satu kebutuhan manusia yang paling mendasar, dan sistem tersebut selalu membutuhkan media sebagai pembawa sinyal, oleh karena itu antena wajanbolic merupakan antena yang praktis dan sederhana untuk diimplementasikan. Dalam implementasinya, jarak maksimal jangkauan acces point yang mampu dicapai sekitar 150 meter dimana lintasan sinyal dalam keadaan clear of sight (CLOS) adalah salah satu bagian dari teknologi wireless ini. (Teks dengan relevansi EEA), yang merupakan komponen utama dalam membuat wajanbolic.",ai
Jurnal INFOTEL IT Telkom (IndoT5 Parafrase),2010,"Di dalam penelitian ini, Algoritma Lucent dan CAC dapat didefinisikan sebagai bridge dari suatu jaringan atau menghubungkan wilayah yang terpisah, bisa juga menghubungkan LAN dengan WAN atau Backbone Network yang umumnya dimiliki oleh layanan penyedia, sedangkan sumber daya pada jaringan yang sudah dipesan aplikasi tersebut akan terus dikelola secara end-to-end sampai aplikasi selesai. (Teks dengan relevansi EEA), dan karakteristik distribusi trafik yang berbeda untuk 3 layanan, voice, video dan data. , dan data , masing-masing, tidak dapat disediakan.",ai
Jurnal INFOTEL IT Telkom (IndoT5 Parafrase),2010,"(Optical Multiplexer) adalah salah satu solusi yang ditawarkan oleh Politeknik TEDC bandung saat ini. OMUX adalah perangkat multiplexer penjembatan layanan data dan POTS melalui media Fiber Optik yang memenuhi persyaratan layanan broadband dan memiliki kelebihan dan kekurangan masing-masing. Oleh karena itu, keputusan ini juga didasarkan pada hasil pengukuran parameter teknis, analisis kebutuhan, kelebihan dan kelemahan dari setiap teknologi, serta waktu pengiriman yang diperlukan dan waktu pengiriman. , dan Waktu untuk ) (D) ) untuk ( TDM) , dan untuk - untuk aplikasi. di mana (M) , (PON) - Teknologi (IP). masa lalu lintas (A) ` ; ( ) :.",ai
Jurnal INFOTEL IT Telkom (IndoT5 Parafrase),2010,"(Teknologi Informasi) telah berkembang pesat, salah satunya adalah Java, program Java yang digunakan adalah Java 2 Micro Edition (J2ME) digunakan untuk menjalankan dan mengembangkan aplikasi Java pada perangkat seperti telepon seluler, PDA (Personal Digital Assistance) Palm, dan poket PC. Hasil studi penggunaan ponsel sebagai media perencanaan dalam perhitungan Link Budget di ilmu telekomunikasi menunjukkan bahwa ada peningkatan efisiensi dan kecepatan waktu dalam proses perhitungan.",ai
Jurnal INFOTEL IT Telkom (IndoT5 Parafrase),2010,"(Bipolar Junction Transistor) adalah salah satu komponen semikonduktor yang sering digunakan dalam rangkaian penguat (amplifier), untuk menjaga agar komponen ini dapat beroperasi di titik operasinya (operating point), aplikasi ini umumnya menggunakan perhitungan manual dengan bantuan alat hitung (kalkulator), desain laporan (report) dan kompilasi. Dari hasil uji coba diketahui bahwa tingkat kesalahan (error) untuk perhitungan seluruh parameter dari 4 jenis rangkaian pembiasan adalah 1,18%, sehingga disimpulkan layak digunakan, tetapi aplikasi ini memerlukan perbaikan dalam pemrograman. faktor pengali (D), dan aplikasi yang sangat rentan kesalahan prosedur perhitungan (komputer), yang lebih lanjut) (perangkat lunak) aplikasi tersebut dapat bekerja secara visual. ) , aplikasi tersebut harus.",ai
Jurnal INFOTEL IT Telkom (IndoT5 Parafrase),2010,"(Asymetric Digital Subscriber Line) adalah teknologi yang tangguh, memiliki kemampuan untuk mendukung aplikasi multimedia seperti voice, video, dan juga data, tetapi juga masih memiliki kekurangan, yaitu jarak jangkauan untuk ADSL hanya berkisar antara ± 5 km. Namun, hal ini juga mempengaruhi kualitas kecepatan download, karena jarak pelanggan yang jauh dari sentral sangat mempengaruhi nilai kecepatan down. Dari sini akan dibandingkan bagaimana pengaruh jarak terhadap redaman, Signal to Noise Ratio, yang dalam hal ini dapat diartikan sebagai kekuatan sinyal, sehingga dari hal ini akan mempengaruhi kecepatan speed (D).",ai
Jurnal INFOTEL IT Telkom (IndoT5 Parafrase),2010,"charging pada perangkat telekomunikasi yang digunakan seperti telepon seluler, catu daya adalah baterai, jika suatu saat baterai dalam keadaan lowbatt dan tidak ada sumber catuan listrik yang dapat digunakan, output dari IC 555 sebagai timer dan Pulsa width modulator (PWM) akan diteruskan ke penguat arus, sehingga output dari rangkaian sesuai dengan spesifikasi baterai ponsel yang akan digunakan. - Perancangan perangkat ini dibagi menjadi beberapa blok rangkaian, yang diharapkan dapat melakukan proses komunikasi yang akan dilakukan. (V) ( V) charger (v) ` `. - , dan tidak dapat digunakan.",ai
Jurnal INFOTEL IT Telkom (IndoT5 Parafrase),2010,"(IPTV) adalah salah satu pengembangan baru dalam teknologi komunikasi client-server yang mentransmisikan siaran TV / Video digital hingga sampai ke pengguna akhir (end-user), dengan metode streaming pada ubuntu 9. 04 yang merupakan distro Linux dengan media transmisi Wireless LAN Akatel Sandhy Putra Purwokerto, aplikasi yang berbasis DVB adalah broadcast yaitu transmisi data, di mana data dikirimkan ke banyak titik sekaligus, tanpa memperhatikan apakah data telah sampai atau tidak. , contoh penggunaan sistem ini adalah siaran televisi dan radio. - (TV) - aplikasi yang digunakan dalam aplikasi yang dapat digunakan untuk aplikasi ini (DV) (V) - video - pengguna akhir. pengguna akhir, dan radio s , aplikasi dari mereka ; yang lebih lanjut , dan Radio.",ai
Jurnal INFOTEL IT Telkom (IndoT5 Parafrase),2010,"( 1 ) Penelitian ini bertujuan untuk mengembangkan aplikasi client server berteknologi JAVA dan MySQL untuk mengelola data pembayaran sekolah yang meliputi pembayaran SPP, pembayaran uang gedung dan pembayaran ujian, tetapi pemanfaatannya masih belum maksimal karena ada bagian administrasi yang masih menggunakan metode manual, yaitu pada administrasi pembayaran. Proses backup data otomatis menjadi kekurangan dari aplikasi yang dibuat dalam penelitian ini. dan tidak dapat dilakukan secara manual, seperti halnya aplikasi. - proses backup otomatis - aplikasi.",ai
Jurnal INFOTEL IT Telkom (IndoT5 Parafrase),2010,"Ini adalah rasio perbandingan energi bit terhadap derau untuk sistem komunikasi digital dan digunakan sebagai ukuran untuk mengukur seberapa kuat sinyal yang diterima penerima, atau dengan kata lain Eb/No merupakan indikasi bahwa sinyal lemah yang diterima dapat dideteksi oleh penerima di atas harga level derau yang sudah ditentukan. Tujuan dari penelitian ini adalah untuk membangun model simulasi menggunakan Delphi untuk melihat dan menganalisis pengaruh Eb/no terhadap jumlah kanal dan cakupan WCDMA. , dan daya pancar MS menjadi lebih rendah. dalam rangka untuk mempertahankan nilai Eb/ No agar tidak terjadi drop call. (Drop Call) ( (E) s - Untuk mempertahankan nilai untuk menjaga nilai (B) a (b).",ai
Jurnal INFOTEL IT Telkom (IndoT5 Parafrase),2011,"TIK - Perancangan dan pembangunan e-learning berbasis web untuk mata pelajaran TIK bertujuan untuk melengkapi (komplemen) pembelajaran yang sifatnya untuk melengkapi materi pembelajaran, diprogramkan untuk menjadi materi reinforcement (pengayaan) atau remedial bagi peserta didik dalam mengikuti kebiatan pembelajaran konvensional. Sistem dibangun menggunakan PHP dan database SQL dan dikoneksikan dalam jaringan komputer client-server LAN.",ai
Jurnal INFOTEL IT Telkom (IndoT5 Parafrase),2011,"(KPI) yang baik adalah menggunakan batas GoS 2%, nilai GoS ini dikaitkan dengan tabel Erlang untuk mendapatkan nilai intensitas trafik yang tersedia dari konfigurasi TRU yang telah ada sebelumnya, misalkan pada Pabuaran 2 memiliki konfigurasi 3x2x3 karena kejenuhan pelanggan maka konfigurasi Tru diupgrade menjadi 3x4x3, karena pada cell-cell ini mengcover area padat penduduk, TRU Upgrading ini dilakukan dengan harapan nilai blocking panggilan menjadi 0 %, sedangkan untuk kota, penerapan TRU -TRU - ( ) - - ` `, , dan yang lebih dari TRU () dari ;. TRU, , dll 1 4 masing- s _ mereka * tersebut A B C :.",ai
Jurnal INFOTEL IT Telkom (IndoT5 Parafrase),2011,"(TCH) Availability, TCH Traffic, Stand Alone Dedicated Control Channel (SDCCH), penurunan TCH Assigment Drop Call dan TCH Congestion Ratio harus ditingkatkan dengan melakukan Transceiver Group Synchronization untuk meningkatkan kapasitas trafik sehingga mencakup pelanggan semaksimal mungkin.",ai
Jurnal INFOTEL IT Telkom (IndoT5 Parafrase),2011,"Metodologi yang digunakan adalah metodologi pemrograman berorientasi objek untuk merancang aplikasi dengan genre puzzle, begitu juga dengan adventure game. Perancangan menghasilkan delapan belas class diagram yang dapat dituangkan dalam bentuk kode program berorientasi objek. - Penelitian ini bertujuan untuk membuat sebuah desain game dengan genre petualangan namun disisipkan dalam genrenya.",ai
Jurnal INFOTEL IT Telkom (IndoT5 Parafrase),2011,"Pada penelitian ini, penulis melakukan perhitungan untuk memperkirakan kebutuhan bandwidth untuk pelanggan mobile WiMAX di wilayah Jakarta untuk jangka waktu tiga tahun sejak implementasi WiMAx, kebutuhan akan jumlah base station yang dibutuhkan dari sisi kapasitas, dan penulis juga melakukan perhitungan jumlah Base Station dari sisi coverage menggunakan persamaan Erceg. Dari hasil perhitungan tersebut, dapat disimpulkan bahwa kebutuhan dari sisi cakupan adalah lebih besar dari pada perhitungan kapasitas pada 3 tahun pertama penetrasi di Jakarta.",ai
Jurnal INFOTEL IT Telkom (IndoT5 Parafrase),2011,"Didapatkan juga bahwa nilai one-way delay, jitter dan packet loss masih berada pada nilai yang direkomendasikan oleh ITU-T, yaitu nilai maksimum one-path delay yang diperoleh dari pengukuran adalah 159,87 ms, 7,52 ms dan 3,175 %, yang berarti bahwa VoIP layak untuk digunakan dalam jaringan WIMAX, sedangkan nilai maksimal delay dapat mencapai 2,8 Mbps untuk downlink dan 0,575 mbps untuk uplink, sehingga biaya telepon dapat lebih murah. , dan , yang terakhir, jumlah yang terakhir untuk way dan paket way ways loss dari hasil pengukuran untuk loss, yang sama, s, yang lebih tinggi, way dari way, dari path, dimana way - way yang lebih dari data way. 2 MOS,75 persen dari %. % %: % untuk %; % dari.",ai
Jurnal INFOTEL IT Telkom (IndoT5 Parafrase),2011,"Semakin meningkatnya jumlah penyedia layanan pada jaringan Code Division Multiple Access (CDMA), membuat operator penyedia layanan untuk semakin memperkuat jaringan dan mengoptimalkan layanan dan kualitas yang akan diberikan, sehingga kinerja jaringan Flexi untuk daerah #2 masih kurang maksimal, karena parameter Rx Power, Tx Power (-11. 45 dB), Forward FER (2. 45%) dan Call Setup Time (4. 832 detik) telah dioptimalkan Jaringan ini telah dilakukan optimalisasi untuk meningkatkan kinerja jaringan yang optimalisasi (D) (C), (T) telah melakukan optimal , sehingga perlu melakukan optimalisasi, dan kualitas jaringan tersebut harus ditingkatkan. , dan waktu , masing-nya tidak sesuai dengan , , dll , dapat digunakan , untuk tujuan , serta , harus ditingkatkan, ) , dari ().",ai
Jurnal INFOTEL IT Telkom (IndoT5 Parafrase),2011,"Di bawah pilihan timer/counter 8 bit dan 16 bit, penggunaan pewaktu/pencacah dalam sistem mikrokontroler memberikan keuntungan dalam hal tidak membebani sumber daya CPU dan memungkinkan CPU untuk melakukan tugas lain, sinyal keluaran dari port B. 3 (OC0) dan port D. 5 (OCR1AL) selanjutnya dimasukkan ke osiloskop dan dibandingkan. Dari hasil pengamatan sinyal keluaran, disimpulkan bahwa pemilihan pewaktu atau pencacah akan lebih didasarkan pada fleksibilitas rentang pencacahan, ukuran program dan waktu eksekusi. Keputusan pemilihan jenis pewaktu yang tepat waktu yang sesuai.",ai
Jurnal INFOTEL IT Telkom (IndoT5 Parafrase),2011,"(c) Mikrokontroler dengan remote kontrol adalah alat yang dapat digunakan atau digunakan oleh pemilik rumah untuk berinteraksi dengan peralatan yang ada di rumah, baik dari jarak jauh dalam ruangan, atau dari jarak dekat, dengan menggunakan remote Controller 3. 0 dan Modul Penerimaan Infrared dari berbagai rangkaian, antara lain rangkaian mikrokontroler, driver transistor, dan relay, yang dibuat menggunakan bahasa assembler, yang merupakan komponen yang dikenal dengan keandalan dan kecepatan kerjanya, sehingga banyak digunakan terutama di bidang industri, dan juga di bidang manufaktur. - (a) (C) perangkat lunak (D) yang dirancang untuk pemrograman yang dirancang, yang dirancang ulang (A) , dan peralatan yang digunakan secara manual (R), dll (perangkat), dan perangkat keras, dll).",ai
Jurnal INFOTEL IT Telkom (IndoT5 Parafrase),2011,"waterfall adalah sistem pengolahan buku induk pegawai berbasis PHP dan MySQL yang dirancang komputerisasi menggunakan PHPS dan database MySqL, dengan tujuan untuk memastikan bahwa data pegawai di UPT Dinas Pendidikan Pemuda dan Olahraga Kabupaten Balangan dapat terpusat. Saran dari sistem pengolahan ini adalah pengembangan dari segi keamanan data, kelengkapan data, dan ketelitian dalam input data untuk mengurangi kesalahan. kekurangannya adalah bahwa program yang dihasilkan belum maksimal karena hanya berfokus pada buku induk saja. (Teks dengan relevansi EEA), dan untuk meminimalkan kesalahan. Kesimpulan dari sistem pemrosesan data yang akan dikembangkan untuk tujuan untuk setiap pegawai yang sesuai.",ai
Jurnal INFOTEL IT Telkom (IndoT5 Parafrase),2011,"Di bawah hasil kegiatan di atas, pihak Sekolah disarankan untuk meningkatkan kualitas dan tata kelola sekolah, khususnya bagian pembayaran administrasi kesiswaan di SMA Ya BAKII Kesuihan, dengan menggunakan perangkat lunak komputer, mereka dapat menghasilkan laporan yang dapat digunakan oleh Bagian Tata Usaha lain yang berkaitan dengan administrasi kesekolahan. Berdasarkan hasil kegiatan tersebut, pihak sekolah disarankan untuk memperbaiki kualitas dan pengelolaan sekolah terutama bagian Pembayaran Administrasi Kesiswaan (BAKII). , dan MySQL Server 5. 1 , sesuai dengan hasil dari kegiatan tersebut di atas. aplikasi ini , sebagai berikut: , berdasarkan hasil kegiatan yang relevansi. - program yang efisien dalam pengelolaan sekolah, dan manajemen sekolah.",ai
Jurnal INFOTEL IT Telkom (IndoT5 Parafrase),2011,"Ini mencoba merancang alarm yang dapat mendeteksi pergerakan seseorang saat rumah kosong, ditinggalkan pemiliknya, dirangkai dengan transistor sebagai saklar otomatis, serta LED dan telepon rumah untuk melakukan panggilan ke nomor telepon pemilik rumah, dengan menggunakan software multisim 10. 1 sebagai simulator rangkaian, dan eagle 5. 1 untuk merancang jalur rangkaian pada papan PCB. - Perangkat ini memiliki prinsip kerja, yaitu mendeteksi bayangan seseorang yang melewati titik tertentu, dan panggilan dari telepon rumah akan aktif. , dan perangkat tersebut akan aktif ketika cahaya LASER tidak sampai ke LDR, dan ponsel rumah - perangkat ini - perangkat.",ai
Jurnal INFOTEL IT Telkom (IndoT5 Parafrase),2012,"(PRx) adalah teknologi broadband wireless dengan standar IEEE 802. 16, teknologi WiMAX dapat menjangkau area sejauh 50 kilometer, juga memungkinkan peralatan pengguna (customer premise equipment atau CPE) untuk mendapatkan koneksi broad band tanpa harus ada lintasan langsung (non-line of sight, NLOS) ke base Station (BS) dan menyediakan total data rate hingga 75 Mbps. Jumlah Sel (d) adalah 134,5 km2 dan jumlah sel 133. (b) adalah 133 (c) (a) ) s , ) `` ` ; -.",ai
Jurnal INFOTEL IT Telkom (IndoT5 Parafrase),2012,"Personal Computer (PC), dengan memanfaatkan port paralel, saat ini komputer juga dapat digunakan untuk mengontrol/mengendalikan rangkaian listrik dengan menggunakan port paralel (port printer). Karena port paralel memiliki kecepatan transfer data yang lebih tinggi dibandingkan dengan port serial, sehingga port paralel lebih banyak digunakan untuk mengendalikan lampu (LED). Dengan menggunakan bantuan Software Saraf Listrik versi 1. 01, port paralel dapat menjadi alternatif baru untuk pengendalian lampu lalu lintas.",ai
Jurnal INFOTEL IT Telkom (IndoT5 Parafrase),2012,"Semakin luasnya penggunaan XML pada berbagai layanan internet, yang penyebaran informasinya sebagian besar menggunakan infrastruktur jaringan umum, masalah mulai muncul mengenai kebutuhan akan keamanan data untuk informasi yang terkandung dalam dokumen XML, dengan menggunakan algoritma AES dan Tripple DES untuk menyandikan dokumen XML menggunakan kunci simetrik. Kunci simetri adalah salah satu cara untuk mengatasinya.",ai
Jurnal INFOTEL IT Telkom (IndoT5 Parafrase),2012,"Ini adalah salah satu produsen router yang menyediakan produk dalam bentuk Hardware dan Software, tetapi juga dapat merancang sendiri dengan menggunakan personal komputer, dengan adanya proxy dalam jaringan lokal, penggunaan bandwidth dapat dihemat, karena ada beberapa cache situs yang tersimpan di dalamnya dan jika situs yang sama diakses oleh pengguna lain, Router hanya mentransmisikannya dari proxy ke komputer yang melakukan request. Penggabungan kinerja kedua jenis routing ini juga dapat dimanfaatkan untuk menutupi kekurangan satu sama lain. - Dengan adanya Proxy, penggunaan Bandwith dapat dikurangi. - Penggabungan keduanya dapat digunakan untuk menutupi kelemahan satu sama lainnya - kinerja yang lain.",ai
Jurnal INFOTEL IT Telkom (IndoT5 Parafrase),2012,"Untuk mengatasi masalah ini, peneliti melakukan pengumpulan data yang diperlukan dan melakukan wawancara, jika tidak tahu kepada pembimbing, untuk MLSlot Allocation Blocking, nilai standar untuk parameter MLSLOT Allocate Blocking adalah 0,70 %, 0,00% turun 0,24%, rata-rata downlink 26,49 % menjadi 14,98 % turun 11,51 %. Dari penelitian ini, penulis melakukan pengumpulan Data yang diperlukan, dan membandingkan kinerja jaringan seluler PT INDOSAT. , sehingga dapat dinyatakan baik. - , , dan , bahwa , yaitu , dimana , untuk , dibandingkan dengan pembimbing, dalam hal itu, untuk mengatasi masalah tersebut , sebagai berikut , masing-masing- , sedangkan , 1 ,01%.",ai
Jurnal INFOTEL IT Telkom (IndoT5 Parafrase),2012,"SISTEM INFORMASI PENTITIPAN MOTOR ini dibuat dalam rangka usaha komputerisasi data perparkiran di Terminal Purwokerto, program sistem informasi penitipan motor ini menggunakan penyimpanan MySQL sebagai database server karena mampu menerima dan mengirimkan data dengan cepat, dilengkapi dengan fasilitas backup database dan lebih baik lagi jika ada penambahan RFID dalam proses output dan input data parkir di terminal. - Program Sistem Informasi Penitipan ini dirancang untuk mengembangkan keamanan dan kelengkapan datanya, dan dapat menyimpan data parkir dalam jumlah yang banyak. - program ini, dan menambahkan RFId dalam proses input dan input.",ai
Jurnal INFOTEL IT Telkom (IndoT5 Parafrase),2012,"modulasi QPSK (Quadrature Phase Shift Keying), 8-QAM (8- Quadratur Amplitude Modulation), 16-Qam (16-Quadrant Noise Additive) digunakan pada simulasi ini untuk mendeskripsikan bagaimana karakteristik bentuk gelombang dari setiap blok modulator, penambahan noise pada kanal AWGN dan demodulasi, maka kinerja modulasi yang terbaik adalah QPSC, jika Eb/No dinaikan menjadi 8 dB, maka BER modulasi, dan modulasi - , sehingga modulasi modulasi), , dan Modulation modulasi AV , (QAM) , dll , 0, ) modulasi dan ( ), dan QAM, modulasis ,0139 modulasi dengan modulasi.",ai
Jurnal INFOTEL IT Telkom (IndoT5 Parafrase),2012,"Untuk mengetahui seberapa baik kinerja proses pengurutan menggunakan dua algoritma yang berbeda, yaitu Insertion Sort dan Merge Sort, kedua algoritma tersebut diimplementasikan dalam bahasa C++ untuk mengurutkan sejumlah angka yang diketikkan oleh pengguna, pada tahap kedua, kode sumber untuk kedua algoritma ini diubah untuk dapat membandingkan angka yang dihasilkan secara acak dengan rentang jumlah yang sudah ditentukan dan hasilnya kemudian dibandingkan. ( 10000 ) , dan karena itu tidak membutuhkan ruang penyimpanan atau memori yang lebih besar daripada merge sort, dan sebaliknya. ukuran yang lebih baik dari eksperimen yang telah digunakan dalam pengurutannya, dan sebagai hasil yang lebih lanjut yang lain.",ai
Jurnal INFOTEL IT Telkom (IndoT5 Parafrase),2012,"(IEEE), yang didasarkan pada kelompok standar teknis perangkat nomor IEEE 802. 11, telah mendorong penyedia layanan internet (ISP) untuk membangun hotspot yang di berbagai kota besar, dengan memanfaatkan antena dengan desain khusus sehingga cakupan (coverage) pancaran sinyal lebih luas, dan proses pengukuran sinyal diukur dengan menggunakan bantuan NetStumbler - Software. Proses pembuatan desain antena dengan media seng yang diterapkan untuk hotspot Wi-Fi di luar ruangan. (WLAN), tetapi juga dapat beroperasi secara nirkabel tanpa ketergantungan Jaringan Wi-teknologi Wireless - Perangkat Wi-jaringan Wi-perangkat Wi-sistem Wi-wise perangkat Wi-T.",ai
Jurnal INFOTEL IT Telkom (IndoT5 Parafrase),2012,"(attenuation), Signal to Noise Ratio (SNR), Packet Loss, BER, Jitter dan Time to Life (TTL), merupakan salah satu contoh penggunaan teknologi komunikasi data yang dipengaruhi oleh parameter di atas, dengan terlebih dahulu melakukan pengukuran terhadap kualitas jaringan dengan menggunakan Software EMBASSY, sedangkan untuk mengukur kecepatan speedtest digunakan aplikasi web internal PT. Telkom,Tbk, setelah pengukuran selesai, maka dilakukan analisis untuk mengetahui kualitas jaringan yang terpengaruh oleh parameter-parameter tersebut, dari masing-TTL , TTL, , (TC) (DSL), ) , DSL, , ` ( TTL) t TTL ( ). , dan waktu , yaitu , dll.",ai
Jurnal INFOTEL IT Telkom (IndoT5 Parafrase),2012,"Semakin meningkatnya kemajuan teknologi di berbagai daerah, termasuk di wilayah Jawa Tengah, semakin banyak fasilitas yang ditawarkan, misalnya adalah pengembangan layanan voice, data dan video, dengan menggunakan modulasi QPSK dan coding rate 1⁄2, menghasilkan MAPL yang semakin kecil dan jumlah eNode B yang dapat mencakup seluruh area di Kabupaten Batang, sehingga penawaran tersebut harus didukung oleh teknologi yang mampu menjawab kebutuhan tersebut. ( 1 ) LTE sendiri dikembangkan dari teknologi Global System for Mobile (GSM), dan jumlah ENODE B yang semakin banyak. - ( B) (b ) , (B), yaitu , dan , sehingga jumlah Enode B , dll , B. , untuk , yang lebih banyak , sebagai berikut , serta , dalam jumlah yang lebih besar , jumlah B yang lebih Banyak , masing- , aplikasi yang lebih luas, , khususnya.",ai
Jurnal INFOTEL IT Telkom (IndoT5 Parafrase),2012,", aplikasi Sistem Informasi Jadwal Perkuliahan berbasis jQuery Mobile dengan menggunakan PHP dan MySQL pada proyek penelitian ini diharapkan dapat mempermudah pemberitahuan perubahan jadwal kepada dosen dan mahasiswa dengan membuat aplikasi sistem informasi jadwal perkuliahan ini menggunakan beberapa tahap yaitu pengujian integrasi, pengujian sistem, pengujian validasi dan pengujian penerimaan pada ponsel, untuk mendapatkan hasil yang lebih baik, adapun saran-saran yang dapat diberikan terhadap aplikasi ini adalah untuk meningkatkan tampilan aplikasi dan untuk membuat aplikasi ini dibuat menggunakan pHP agar tampilan lebih baik dan memiliki keunggulan tambahan yang lebih besar dari aplikasi. , untuk mengembangkan aplikasi ini harus dibuat menggunakan aplikasi ini untuk meningkatkan aplikasi ini dirancang dengan aplikasi ini - aplikasi ini ( ) sql.",ai
Jurnal INFOTEL IT Telkom (IndoT5 Parafrase),2013,"(Teknologi Telekomunikasi) terus berkembang seiring dengan perkembangan jaman, mulai dari komunikasi kabel hingga komunikasi nirkabel, informasi yang ditransmisikan menggunakan efek doppler menuju pesawat akan mengalami penurunan sinyal (loss) yang disebabkan oleh jarak dengan melakukan analisis perhitungan link budget menggunakan parameter Pathloss dan Atenuasi terhadap efek Doppler dengan objek penerima (pesawat), sehingga semakin jauh jarak yang ditempuh oleh gelombang frekuensi Fobserved, semakin kecil nilai waktu yang digunakan pada antena DVOR, semakin besar atenue yang diterima. Semakin sedikit jumlah waktu yang lebih kecil a Semakin kecil Semakin besar , semakin tinggi Semakin. - , dan semakin kecil , maka semakin kecil. ukuran , lebih dari , menjadi lebih dari sudut pandang (path) ( ) , (d).",ai
Jurnal INFOTEL IT Telkom (IndoT5 Parafrase),2013,"Di tengah meningkatnya mobilitas masyarakat dan tingginya kebutuhan informasi berupa peta, Geographic Information System (GIS) adalah aplikasi yang dapat digunakan oleh banyak kalangan, termasuk pengguna ponsel berbasis OS Android, aplikasi peta Automatic Teller Machine (ATM) dapat memberikan kemudahan bagi pengguna yang belum mengetahui lokasi ATM BNI yang berada di wilayah Kota dan sekitarnya. Dengan adanya aplikasi GPS, diharapkan pengguna dapat dengan mudah menemukan ATM. di wilayah kota dan sekitarnya untuk mencari ATM. - ATM - ATM adalah sebuah kebutuhan yang tidak hanya menjadi tren teknologi tetapi menjadi kebutuhan ini. - penggunaan aplikasi peta ATM - kebutuhan pengguna untuk menemukan ATM - lokasi ATM - akses ATM dapat menemukan ATM yang akurat dalam mencari ATM - aplikasi yang sesuai kebutuhan pengguna, dan sekitarnya, untuk mencari lokasi ATM dapat ditemukan oleh pengguna. operator ATM , dan sebagai suatu aplikasi tersebut - aplikasi.",ai
Jurnal INFOTEL IT Telkom (IndoT5 Parafrase),2013,"WIRELESS saat ini mengalami kemajuan yang sangat pesat, teknologi 3G yang ditetapkan oleh ITU akan memainkan peran penting dan semakin dominan dalam perkembangan teknologi komunikasi, dengan meningkatnya jumlah pelanggan seluler WCDMA di lantai 1, yaitu -90 dBm, sedangkan untuk lantai 2 nilainya -95dBm dan lantai 2-nya adalah -100dbm. Selanjutnya, hasil drive test menunjukkan bahwa EIRP adalah 58 dBM dan RSCP -117,73 d Bm, dan -100 dbm (100 dB) (1).",ai
Jurnal INFOTEL IT Telkom (IndoT5 Parafrase),2013,"Pada tulisan ini, sebagian besar pendekatan untuk pengenalan dan klasifikasi modulasi didasarkan pada komponen sinyal termodulasi yang akan dikembangkan menggunakan teknik clustering Fuzzy C. Means (FCM) yang mempertimbangkan konstelasi sinyal yang diterima untuk mengidentifikasi jenis modulasi yang digunakan dalam komunikasi nirkabel. Identifikasi pola menggunakan template matching dan diperoleh hasil dengan tingkat kecocokan yang tinggi pada semua tipe transmisi yang digunakan.",ai
Jurnal INFOTEL IT Telkom (IndoT5 Parafrase),2013,"(Teknologi RFID) yang digunakan untuk kartu anggota perpustakaan adalah perpustakaan yang menggunakan kartu anggota untuk transaksi peminjaman dan pengembalian buku, dan kartu anggota dapat digunakan untuk absensi pengunjung, dengan menggunakan konsep client-server, sehingga memudahkan pustakawan dalam mengelola data. Sistem informasi perpustakaan yang digunakan adalah pengujian terhadap kebutuhan pengguna dan menampilkan laporan yang dilakukan oleh pengunjung, serta keberhasilan server untuk menyimpan data absensi pengguna yang berasal dari pelanggan. , dan untuk pengguna, database Perpustakaan ini telah digunakan. aplikasi yang disediakan oleh pustakawan yang digunakan oleh pengguna ( ) (a) s sebagai - sistem untuk pada Anggota , Laporan Perpustakaan , dll , `. operator mereka di managemen , yang digunakan.",ai
Jurnal INFOTEL IT Telkom (IndoT5 Parafrase),2013,"(IT Governance) merupakan faktor penting bagi organisasi atau perusahaan dalam menggunakan teknologi informasi, dengan adanya IT governance akan memberikan jaminan bahwa penggunaan teknologi informasi dapat sejalan dengan tujuan organisasi untuk mendukung komitmen tersebut. Dalam Kode Tata Kelola Perusahaan PT. Pertamina, disebutkan pentingnya penerapan IT Goverment dalam mendukung proses bisnis yang dilakukan oleh PT.",ai
Jurnal INFOTEL IT Telkom (IndoT5 Parafrase),2016,"OLSR adalah teknologi wireless LAN (WLAN) yang memiliki kinerja yang lebih baik dibandingkan dengan protokol routing DSDV pada standar IEEE 802. 11ah, yang tidak memerlukan infrastruktur seperti base station pada jaringannya, konsumsi daya yang rendah, dan rasio konsumsi energi yang lebih tinggi dibandingkan dengan Protokol Routing DSV pada skenario perubahan kecepatan, sedangkan rasio konsumsi dayanya adalah 1,48 % untuk Skenario Perubahan Kecepatan. - ( ) (D) ) yang lebih dari (O) A R N DSD V ` s.",ai
Jurnal INFOTEL IT Telkom (IndoT5 Parafrase),2016,"(2) Penelitian ini bertujuan untuk mencari solusi terbaik dalam pemeriksaan kesegaran ikan bandeng pada UKM, teknik pemeriksaan kekenyalan ikan Bandeng selama ini masih ditentukan dengan cara analisis mikrobiologi dan kimiawi, kemudian nilai selisih tersebut dihitung dengan persamaan Euclidian (length) dan dibandingkan dengan nilai threshold (T), Dari hasil percobaan dengan menggunakan 10 ikan banden segar dihasilkan nilai deteksi sebesar 100%, dan percobaan dengan 10 Ikan Bandeng Tidak Segar dihasilkan sebesar 80%, sehingga mempengaruhi produksi bandeng. bandeng, dari hasil percobaan 208 (t) ( 1 ) yang sesuai dengan metode pengolahan citra referensi yang sesuai (U).",ai
Jurnal INFOTEL IT Telkom (IndoT5 Parafrase),2016,"(2) Penelitian ini bertujuan untuk menerapkan metode profile matching untuk mengevaluasi potensi akademik siswa yang diperoleh melalui metode manual, dengan menganalisis kriteria penilaian akademik dan non-akademis, data nilai akademik siswa meliputi minat siswa, minat orang tua, tes IQ dan catatan prestasi siswa. Rekomendasi jurusan meliputi IPA, IPS dan Bahasa, selanjutnya kriteria penilaian disesuaikan dengan nilai gap kompetensi jurusan berdasarkan kategori core factor dan Secondary factor. (IPA) dan IPS, dan bahasa. aplikasi yang dapat menunjukkan rekomendasi jurusan siswa sekolah menengah.",ai
Jurnal INFOTEL IT Telkom (IndoT5 Parafrase),2016,"city directory adalah salah satu bentuk layanan berbasis lokasi yang dapat memberikan informasi yang dapat diakses kapan dan di mana saja mengenai keberadaan fasilitas umum (fasum) dan fasilitas sosial (Fasos) kota, dengan menggunakan metode wawancara, analisis dokumen, dan observasi langsung di lapangan, studi ini menunjukkan bahwa proses penerapan konsep city Directory kota purbalingg dilakukan secara bertahap, bersinergi dengan rencana pembangunan yang ada, berjalan secara komprehensif dan paralel pada semua aspek yang dapat memperkuat identitas kota. , dan untuk tujuan itu diperlukan konsistensi dalam penerapannya. city , untuk menjawab tantangan yang penting dalam menjawab tantangan tersebut, yang relevansi dari pendekatan yang konsisten. Komunitas , di kota , dll , kota. - kota-kota yang relevan , yang tepat.",ai
Jurnal INFOTEL IT Telkom (IndoT5 Parafrase),2016,"(2) Penelitian ini menggunakan metode Dynamic Bayesian Networks untuk prediksi dan pemodelan sistem yang dilengkapi dengan visualisasi berupa graf, menggunakan 75% data latih dan 25% data uji pada prediksi tiga kategori tingkat IPM menunjukkan hasil yang baik, yaitu dapat memprediksi dengan akurasi 88,461%. Identifikasi keterkaitan variabel diketahui dengan memperhatikan struktur graf Dynamic BaEsian Networks yang dibangun, dan package Netica J-API yang berbasis Java untuk memvisualisasikan dan mengevaluasi graf. , dengan asumsi bahwa faktor utama yang harus diperhatikan untuk meningkatkan IPM di daerah tersebut, dan untuk mengembangkan dan perbaikan , dan peningkatan IPM, dan perbaikan, dengan cara yang relevansi graf graf yang dibangun. - graf - Graf - struktur graph yang telah dikembangkan , yang telah dibuat oleh , sebagai berikut:.",ai
Jurnal INFOTEL IT Telkom (IndoT5 Parafrase),2016,"Ini mengusulkan integrasi antara Ensemble Empirical Mode Decomposition (EEMD) dan jaringan saraf berdasarkan algoritma Polak-Ribire Conjugate Gradient (PCG), tetapi PCG memerlukan pengaturan parameter yang sesuai dalam proses pembelajarannya, sementara parameter yang tepat sangat diperlukan untuk mendapatkan hasil peramalan yang akurat. Penelitian ini mengusulkan penggabungan antara EEMD dan Generalized Regression Neural Network (GRNN), yang memiliki keunggulan, yaitu: tidak membutuhkan pengaturan parameter dan proses pembelajaran yang cepat.",ai
Jurnal INFOTEL IT Telkom (IndoT5 Parafrase),2016,"Di Instalasi Pengolahan Air Limbah atau Wastewater Treatment Plant (WWTP), pengendalian kadar nitrogen pada instalasi pengolahan air limbah tergolong tidak mudah karena perilaku bakteri pada reaktor biologis yang sulit diprediksi, dan konsumsi energi listrik yang dibutuhkan untuk instalasi pengolahan limbah selama 14 hari menurun sebesar 193 kWh. Konsumsi daya listrik yang diperlukan untuk Instalasi Pengelolaan Limbah berkurang sebesar 194 kWh, sedangkan konsumsi energi yang dibutuhkan oleh instalasi pengolahan Limbah menjadi lebih rendah dari kontrol PID konvensional.",ai
Jurnal INFOTEL IT Telkom (IndoT5 Parafrase),2016,"(personal recognition) adalah sebuah sistem untuk mengenali identitas seseorang secara otomatis dengan menggunakan komputer dengan kata sandi (password), ID card, atau PIN untuk mengidentifikasi seseorang, tetapi pengenalan diri dengan sistem ini memiliki beberapa kelemahan, yaitu dapat dicuri dan mudah diduplikasi, dan beberapa password dapat diperkirakan sehingga dapat digunakan oleh orang-orang yang tidak bertanggung jawab. aplikasi yang dikembangkan memiliki tingkat akurasi sebesar 74,66% dalam membedakan antara orang yang satu dengan yang lain. , dari hasil pengujian, aplikasi ini memiliki tingkat keakuratan sebesar 74% dalam hal ini. - ) - aplikasi yang dihasilkan oleh aplikasi ini - aplikasi tersebut.",ai
Jurnal INFOTEL IT Telkom (IndoT5 Parafrase),2016,"Penelitian ini mengangkat kasus pada Kampus 2 Politeknik Negeri Ujung Pandang (PNUP) yang belum memiliki fasilitas jaringan wireless, sedangkan pemanfaatannya sudah dimulai pada awal tahun ajaran 2015/2016, oleh karena itu disarankan untuk mempertimbangkan Cakupan Area dan Kapasitas, karena rancangan yang mempertimbangkan cakupan area dan kapasitas hanya dapat memenuhi 77,00% kebutuhan AP dalam merancang penempatan AP di Kampus 2 PNUP, sesuai dengan kondisi tersebut, maka harus mempertimbangkan CAP dan kapasitas. , dan 25 % kebutuhan AP. dari kebutuhan AP, dan JAN , dll , bahwa , , sehingga. Jaringan , serta , sebagai berikut , dimana , khususnya. , yaitu , masing-masing-masing, dan kapasitas , sebagaimana adanya , berdasarkan cakupan dan kapasitas, seperti , antara , hal- : , aplikasi , 1 , A.",ai
Jurnal INFOTEL IT Telkom (IndoT5 Parafrase),2016,"Dibandingkan dengan hasil kinerjanya, tiga algoritma estimasi derau tanpa informasi sinyal transmisi diukur dengan NMSE. Cyclic prefix-estimator dan Maximum likelihood estimator memiliki kinerja yang stabil terhadap perubahan SNR, sedangkan FCME-EStimator menghasilkan kinerja yang lebih baik pada ketiga algoritma tersebut. Performa dari ketiganya menunjukkan bahwa mereka memiliki tingkat ketepatan maksimum yang paling rendah.",ai
Jurnal INFOTEL IT Telkom (IndoT5 Parafrase),2016,"speed PWM 100, sistem kendali PID (Proportional-Integral-Derivative) untuk lintasan extrim, jalurnya dapat berupa garis hitam di atas permukaan putih atau sebaliknya, tetapi pada percobaan ini, sistem kontrol PID diterapkan pada robot Line Follower untuk menelusuri tiga jenis lintasan dengan sudut yang relatif tumpul, yaitu Kp = 3, Ki = 5 dan Kd = 5, menghasilkan waktu mencapai finis untuk lintasan A, B dan C masing-masing 2,67 s, 2, dan 2, speed speed, 255 speed adalah speed sangat mempengaruhi hasil speed yang relatif stabil speed diperlukan speed - Speed - s speed terbaik speed tinggi speed rendah speed besar speed.",ai
Jurnal INFOTEL IT Telkom (IndoT5 Parafrase),2017,"(LTE) adalah teknologi komunikasi wireless generasi keempat yang saat ini sedang berkembang, dan antena pada skripsi ini memiliki pergeseran frekuensi dari 2. 384 MHz, gain sebesar 4. Dari desain dan implementasi antena, antena ini memiliki perpindahan frekuensi -38. 582 dB dan VSWR nbsp; 1. Dari rancangan dan analisis tersebut, antena tersebut dapat digunakan sebagai antena teknologi LTE dengan menggunakan antena dua antena yang memiliki polarisasi elips - 8 dB yang digunakan untuk antena yang digunakan dalam aplikasi LTE - Antentu - antena yang telah digunakan pada antena yang sama - antena modulasi yang digunakan pada frekuensi tengah - antena - antena, dan polarisasi yang digunakan oleh antena , antena - dan antena, antena a.",ai
Jurnal INFOTEL IT Telkom (IndoT5 Parafrase),2017,"Tujuan dari penelitian ini adalah untuk menerapkan teknik pengolahan citra pada tanda tangan dan untuk mengidentifikasi pola citra tanda tangan berdasarkan nilai entropi dan waktu perhitungan nilai entropi. Tahapan penelitian meliputi pengambilan data responden berupa tanda tangan citra analog, kemudian akuisisi citra Tanda Tangan Digital dengan cara memindai tanda tangan tersebut, tahap selanjutnya mengubah citra tanda Tangan Digital dari true color menjadi binary, waktu perhitungan entropinya lebih lama dibandingkan dengan citra asli tanda tangan. (Teks dengan relevansi EEA), yang merupakan nilai entropi yang keluar dari kelompoknya. Tekstensinya , dan waktu - untuk citra tanda tangannya ` pada dari entropi yang dihasilkan.",ai
Jurnal INFOTEL IT Telkom (IndoT5 Parafrase),2017,"(1) Haversine Formula, yang merupakan metode yang diterapkan di dalam aplikasi SIG untuk menentukan lokasi ATM terdekat dengan pengguna, memberikan informasi mengenai lokasi ATM yang terdekat dan petunjuk arahnya sesuai dengan keinginan pengguna, akan sangat tepat untuk digunakan sebagai sarana untuk memproses informasi lokasi ATM Bank Kaltim di Kota SAMARINDA. Hasil dari penelitian ini adalah bahwa rumus untuk menentukan titik ATM terdekat dapat diterapkan dan memberikan informasi ATM untuk pengguna atau nasabah Bank Kalimantan Timur. Pengguna atau Nasabah Bank Kalimantan. , yang dapat memberikan informasi tentang ATM terdekat dan lokasi ATM. - ATM Bank , dan Arah ATM Bank Kalimantan timur ( ) () ) untuk tujuan ATM yang telah dibuat oleh operator ATM yang bersangkutan ATM Bank Jawab ( ATM) ATM yang diinginkan. ATM yang sesuai dengan menggunakan ATM yang diperlukan untuk ATM yang dapat ditemukan. ATM Bank K , dll.",ai
Jurnal INFOTEL IT Telkom (IndoT5 Parafrase),2017,"Ini bertujuan untuk mengembangkan Sistem Informasi Geografi untuk simulasi rute penerbangan virtual menggunakan teknik pemrograman dinamis mundur (Backward Dynamic Programming-BDP), teknik BDB dipilih karena kemampuannya untuk melakukan analisis untuk optimasi rute terutama pada jenis penerbangan VFR (Visual Flight Rules) dengan rute multi-stage graph, pada bagian hasil sistem simulasi rute terbang virtual yang harus diambil oleh seorang pilot virtual.",ai
Jurnal INFOTEL IT Telkom (IndoT5 Parafrase),2017,"Di dalam penelitian ini, rancangan baru tentang metode pengamanan data yang dapat digunakan pada aplikasi perbankan dengan biaya komputasi minimum, rancangan tersebut melibatkan pendekatan protokol SMSSecure, yang di dalamnya terdapat juga tiga tipe algoritma kriptografi, tetapi parameter avalanche effect yang dihasilkan jauh dari kriteria baik dan berada di nilai AE sebesar 78,64%. 000,-/kbyte, untuk inisialisasi pembuatan kunci enkripsi/dekripsi, yang merupakan salah satu solusi untuk mengamankan data transaksi tersebut. (A Ethering) (a), dan untuk tujuan untuk keamanan data yang diperlukan untuk tujuan privasi yang diperlukan. , dan kerahasiaan yang relevansi (EC) , yang lebih lanjut, dan proses kriptografi, dan metode kriptografi yang berbeda, dan , masing-proxy kriptografis yang lebih relevansi yang lebih dari metode kriptografi.",ai
Jurnal INFOTEL IT Telkom (IndoT5 Parafrase),2017,"Di rumah-rumah penduduk, penggunaan kartu elektronis berbasis Near Field Communication (NFC) menjadi pilihan yang tepat karena teknologi NFC memberikan jaminan keamanan yang lebih baik untuk teknologi yang serupa dengan konsumsi daya yang rendah. Hasil pengujian sistem menunjukkan bahwa jarak pembacaan asli dari kartu NFC Tag sebesar 7 cm dengan jangkauan sudut pembacaan antara 0o - 85o. Tingkat keberhasilan sistem dalam melakukan otentifikasi sebesar 100%.",ai
Jurnal INFOTEL IT Telkom (IndoT5 Parafrase),2017,"(NGN) adalah salah satu teknologi masa depan yang memberikan layanan berupa voice, data, multimedia, dan internet yang mengacu pada konvergensi layanan berbasis IP, dengan jumlah pengguna yang berbeda yaitu 4 pengguna, 8 pengguna, dan 12 pengguna dengan waktu simulasi yang berbeda, yaitu 100 detik, 200 detik, dan 300 detik. Dalam penelitian ini, rata-rata nilai parameter pada ke-2 skenario adalah kurang dari 1%. Rata-rata parameter pada kedua skenario adalah kategori baik, yaitu 0. ) (1) yang mendukung konvergensi untuk video conference komunikasi video conferensi , dan konvergensi yang lebih dari masing-interferensi yang dapat digunakan oleh jaringan 3G. ; dari dua skenario 1 - 2 detik T Nb dalam kasus.",ai
Jurnal INFOTEL IT Telkom (IndoT5 Parafrase),2017,"Untuk melakukan prediksi harga saham, banyak provider yang menyediakan data historis harga saham secara gratis, namun tidak semuanya gratis, tetapi ada kelemahan, yaitu bahwa analisis teknikal dapat memberikan gambaran yang lebih luas tentang tren pergerakan harga dengan membandingkan hasil analisis untuk setiap sumber data, dengan data dari keempat sumber data yang terintegrasi. , dan sebagai hasilnya, investor perlu mengambil data dari beberapa penyedia data yang tidak terstruktur atau memiliki kolom yang berbeda-beda. ( 1 ) , masing-masing provide data tersebut pada setiap sumber Data historis Harga Saham. - ( 2 ) - data yang relevansi data yang sesuai dengan data historis Harga saham - data historis - data. data yang disediakan oleh analisis teknis yang lebih baik. informasi yang berbeda data yang berbeda.",ai
Jurnal INFOTEL IT Telkom (IndoT5 Parafrase),2017,"(WBAN) adalah sistem terpadu yang terdiri dari sekelompok modul sensor yang terdistribusi dan terhubung secara nirkabel pada topologi jaringan tertentu, yang berfungsi untuk mengekstrak dan berbagi informasi untuk diproses sesuai dengan bidang aplikasinya, WBAN adalah salah satu solusi alternatif yang dapat digunakan untuk menganalisis gait atau metode untuk mempelajari pola berjalan manusia. Data dari pasien kemudian dikirimkan melalui Protokol Komunikasi Nirkabel ZigBee ke koordinator jaringan yang berfungsi sebagai pengumpul data, yang akan digunakan secara berkelanjutan dalam jangka waktu 2 jam 25 menit, dengan konsumsi daya paling sedikit sebesar -64 dBm, dan digunakan untuk pengolahan sistem tersebut harus digunakan untuk pemrosesan sinyal yang digunakan untuk penggunaan perangkat lunak pengolahan yang dirancang untuk pemrosesan data yang telah dirancang untuk aplikasi yang telah disediakan untuk pemrosesan. , dan berbagi untuk pemrosesan yang diperlukan untuk penggunaan daya yang digunakan (untuk pemrosesan) , untuk aplikasi , yang digunakan oleh aplikasi yang digunakan.",ai
Jurnal INFOTEL IT Telkom (IndoT5 Parafrase),2017,"Semakin lama penggunaan energi listrik yang digunakan oleh masyarakat, industri dan perusahaan terus meningkat, pertumbuhan penduduk semakin meningkat, rumah, gedung dan industri juga semakin lama semakin banyak, bangunan tersebut terkadang perangkat listriknya seperti misalnya lampu masih menyala diluar jam kerja dan di rumah-rumah pun terkadang masih menyala sampai pagi. Masalah ini disebabkan oleh masyarakat lalai dalam mematikan perangkat elektronik tersebut, sehingga diperlukan solusi untuk menghemat konsumsi listrik tersebut. dan tidak dapat dilanjutkan terus menerus. dari mana mereka harus mematikan perangkat tersebut. Perangkat elektronik tersebut harus dimatikan secara manual, dan sebagai hasilnya adalah ( ) (a). () , dan seterusnya (b ), dll , dll) - , , karena itu.",ai
Jurnal INFOTEL IT Telkom (IndoT5 Parafrase),2017,"Untuk segmentasi citra, thresholding merupakan salah satu metode yang mudah dan sederhana untuk diimplementasikan, pada citra panoramik gigi, penentuan Global Thresholding terdiri dari tiga tahap utama, tahap pertama adalah splitting regional untuk mendapatkan lokal region, tahap kedua adalah marking pengguna untuk mendapatkan latar belakang seed dan objek, dan tahap terakhir adalah pengukuran fuzzy similarity pada setiap lokal region untuk mendapatkan nilai lokal. - Hasil uji coba menunjukkan bahwa metode yang diusulkan berhasil melakukan ME - hasil segmentasi - metode.",ai
Jurnal INFOTEL IT Telkom (IndoT5 Parafrase),2017,"(1) Sebagaimana teknologi komunikasi pada umumnya, VLC menyediakan akses security yang dibahas pada bagian layer fisik (physical layer) dan layer MAC (medium access communications layer), dan receiver dengan menggunakan devais photodiode, LED, transistor, dll), sistem VLC juga merupakan studi literatur (review paper) yang diperoleh dari dokumen penelitian baik di jurnal dan konferensi terkait dengan praktik keamanan VLC yang pernah dilakukan dengan sistem indoor maupun outdoor, tetapi belum begitu luas. , hal ini, hal itu, masalah keamanan , hal-hal yang relevansi , masalah, hal tersebut, sebagai berikut , untuk tujuan , khususnya , (M), , dalam konteks, khususnya, yang bersangkutan, yang sama sekali, yang lain. , yang lebih umum , seperti itu, yang berkaitan dengan cara yang lebih lanjut.",ai
Jurnal INFOTEL IT Telkom (IndoT5 Parafrase),2017,"Seeded region growing pada citra ikan tuna mengusulkan metode segmentasi seeded dan threshold secara manual dan hasil segmentasi yang dihasilkan dari segmentasi tersebut ditransformasikan ke ruang warna HSI (Husdroff saturasi intesitas), yang kemudian hanya ruang hue untuk dijadikan segmentasi dengan menggunakan seeding region griwing, nilai berturut-turut adalah 5,40%, 1,53% dan 0,41%. - Hasil segmentasi telah berhasil, dengan dibuktikan bahwa nilai RAE, ME dan MHD adalah 0,51%, dan 0, dan MHAS (M) (segmentasi) s `` ` ( `) _ `, masing-dia ().",ai
Jurnal INFOTEL IT Telkom (IndoT5 Parafrase),2017,"Diperlukan perturbing yang sesuai untuk mendapatkan nilai optimasi yang tepat, menggunakan parameter perturbation 0. 1, MPPT mampu mengoptimasi daya output panel surya sebesar 24. 49 W dengan beban 5 ? dan nilai irradiasi 523 W/m2 dibandingkan dengan metode konvensional yang menghasilkan daya keluaran sebesar 15. Dengan menggunakan parameter Perturbing and Observe pada MPPT, sistem tersebut mampu mengoptimalkan daya output dari panel surya dengan menggunakan daya maksimum dan tegangan yang dihasilkan oleh panel surya, sehingga menghasilkan daya 15. (5) - (M) - nilai daya dan tegangan dan tegangan output yang sesuai, dan tegangannya -.",ai
Jurnal INFOTEL IT Telkom (IndoT5 Parafrase),2017,"(2) Penelitian ini merupakan penelitian implementasi yang menggunakan algoritma Alpha Beta Prunning sebagai kecerdasan buatan dalam permainan catur. Ada dua jenis warna bidak pada permainan catur, yaitu: bidak hitam dan bidak putih. Modul cara bermain catur pada umumnya hanya menjelaskan kejadian yang biasa terjadi dalam permainan Catur, sehingga latihan merupakan satu-satunya cara yang dapat digunakan untuk meningkatkan kemampuan dalam bermain catur. dengan tujuan untuk memberikan gambaran tentang penerapan algoritma yang digunakan untuk membangun kecerdasan buatan di permainan catur. - Catur - Game Strategi yang dimainkan oleh dua orang. , sehingga pelatihan adalah satu cara yang lain yang akan digunakan untuk mengembangkan algoritma yang lebih baik dari yang lebih lanjut - Cerdas - catur - strategi yang digunakan dalam pemrograman.",ai
Jurnal INFOTEL IT Telkom (IndoT5 Parafrase),2017,"paper ini mengusulkan metode baru untuk menghitung nilai kemiripan term dengan pendekatan co-occurence, yaitu melihat frekuensi kemunculan bersama dari dokumen pada pengembangan thesaurus Bahasa Arab, yang akan diclustering untuk mengelompokkan berdasarkan kedekatan konten dokumen tersebut. Thesaurus yang dibentuk dengan metode usulan berhasil meningkatkan relevansi antar term, dibuktikan dengan hasil percobaan memiliki nilai precision tertinggi sebesar 63,3%, recall 78,6% dan f-measure tertinggi sebesar 50%. s -term , masing-terms yang samar term yang berbeda-termoment.",ai
Jurnal INFOTEL IT Telkom (IndoT5 Parafrase),2017,"(1) Laboratorium komputer adalah salah satu sarana pembelajaran yang berbasis Teknologi Informasi (TI) yang terdiri dari tiga sumber daya TI, yaitu Software, Hardware, dan Brainware, tidak adanya kesesuaian antara kemampuan perangkat keras dengan spesifikasi perangkat keras yang digunakan dapat menghambat pengguna (brainware) dalam melakukan praktikum dan pembelajaran di laboratorium. Hasil penelitian menunjukkan bahwa integrase antara COBIT 5 dan Balance Scorecard (BSC) memberikan kemampuan untuk meningkatkan layanan secara kontinyu dan kemampuan untuk memperbaiki dan meningkatkan tata kelola TI, dan memungkinkan untuk meningkatkan kinerja laboratorium ini telah dirancang untuk tujuan untuk mengembangkan tata kelola yang ada. (T) (TIK) , dan Perangkat Lunak , yang ada ( TI) ). kompetensi yang ada, dan perangkat lunak. - perangkat lunak (perangkat lunak).",ai
Jurnal INFOTEL IT Telkom (IndoT5 Parafrase),2017,"Di jaringan konvensional, konfigurasi protokol routing konvensional sangat tidak fleksibel, tidak efisien dan konfigurasi dilakukan pada setiap perangkat, sedangkan untuk parameter Quality of Service (QoS) pada peningkatan topologi switch diukur dengan skenario pemutusan link, penambahan jumlah switch dan background traffic yang memenuhi 50% bandwidth jaringan, QoS memburuk. 1 OSPF adalah salah satu komponen berbasis software yang dapat menerapkan protokol Routing konvensional pada jaringan yang besar. - , ` yang lebih buruk - ` telah menjadi lebih lanjut dari dalam konfigurasi yang lebih lanjut, dan s yang lebih baik di pada topologi T S _ ; -.",ai
Jurnal INFOTEL IT Telkom (IndoT5 Parafrase),2017,"(XEN, VMware ESXi) dan hosted hypervisor (Kernel-based Virtual Machine atau KVM) adalah sistem operasi jaringan terbuka yang menggunakan teknik virtualisasi untuk membuat dan menjalankan VNF dengan parameter Throughput dan Skalabilitas, dari hasil pengujian dan analisis dapat disimpulkan bahwa VyOS memiliki skalabilitas yang sangat baik yang ditunjukkan dengan rendahnya penurunan pada Throughput saat menjalankan banyak VnF, dibandingkan dengan XEN dan KvM. , dan fungsi jaringan lainnya. (VyOS) - VY - VN - VM) , VNV - V NF - Perangkat LunakVM - Virtual Machine - Virtual - Vn - V - VNCVM.",ai
Jurnal INFOTEL IT Telkom (IndoT5 Parafrase),2017,"`` Computer vision yang didasarkan pada pengenalan bentuk memiliki banyak potensi dalam interaksi manusia dan komputer. Pose tangan dapat digunakan sebagai simbol interaksi manusia dengan komputer, seperti halnya penggunaan berbagai pose tangan pada bahasa isyarat, untuk menggantikan fungsi mouse, untuk mengendalikan robot, dan sebagainya. Berdasarkan hasil penelitian, nilai akurasi sistem dalam mengenali pose lengan adalah 88. ( 1 ) Hasil penelitian menunjukkan bahwa tingkat keakuratan sistem dalam mendeteksi pose jari tangan adalah 88,5 %.",ai
Jurnal INFOTEL IT Telkom (IndoT5 Parafrase),2017,"(2) Tujuan penelitian ini adalah untuk menerapkan metode Weighted Product (WP) dalam membangun sistem pendukung keputusan berbasis web, serta membandingkan hasilnya dengan perhitungan menggunakan metode Analytic Hierarchy Process (AHP), karena waktu yang dibutuhkan untuk perhitungan jauh lebih singkat, kedua metode memberikan hasil yang tidak berbeda dalam urutan perengkingan koperasi berprestasi di Kota Sungai Penuh, berdasarkan hasil perbandingan.",ai
Jurnal INFOTEL IT Telkom (IndoT5 Parafrase),2017,"Untuk penelitian ini, kinerja sistem MIMO diamati dengan penerapan Scalable Orthogonal Frequency Division Multiple Access (SOFDMA), teknik AMC dan AMS Adaptive Modulation and Coding (AMC), serta adaptive MIMO Switching (AMS), kapasitas kanal sistem dapat mencapai 419,5115 Mbps saat kecepatan pengguna sebesar 0 km/jam, Kapasitas Kanal Sistem dapat mencapai 23,9820 Mbps ketika kecepatan pengguna adalah 120 km/h.",ai
Jurnal INFOTEL IT Telkom (IndoT5 Parafrase),2017,"`` Legenda desa Penyarang adalah salah satu cerita rakyat yang sangat menarik, yang dianggap oleh pembuat cerita sebagai peristiwa nyata yang pernah terjadi, dan merupakan bagian dari kekayaan budaya dan sejarah yang dimiliki oleh setiap bangsa. Penelitian ini menyajikan tentang pembuatan animasi 3 dimensi tentang legenda desa penyarang dan dampaknya bagi masyarakat di sekitar desa tersebut setelah film animasi tersebut berhasil dibuat dan disosialisasikan. Ada tiga tahap penting dalam penelitian ini, yaitu Pra Produksi, Produksi dan Pasca Produksi. `; Hasil akhir dari penelitian ini adalah video yang dapat digunakan tidak hanya untuk digunakan secara luas. ( ) () (3 dimensi) ` - , dan telah berhasil dikembangkan dan disebarluaskan.",ai
Jurnal INFOTEL IT Telkom (IndoT5 Parafrase),2017,"(1) Dalam praktiknya, peretas menyisipkan file backdoor shell pada lokasi yang sulit ditemukan oleh pemilik sistem, beberapa perangkat yang sudah ada masih dalam bentuk terminal, perangkat tersebut melakukan pencarian file berdasarkan nama yang telah terdaftar sebelumnya, sehingga tools tidak dapat mendeteksi keberadaannya. Berdasarkan hasil pengujian yang dilakukan terhadap 3964 file, diperoleh tingkat akurasi yang lebih tinggi dibandingkan dengan aplikasi php shell detector sebesar 75%. 000 kali dibandingkan dengan Aplikasi PHP Shell Detector ini ) , dan , hal ini - 1 dari 3 ` `.",ai
Jurnal INFOTEL IT Telkom (IndoT5 Parafrase),2017,"stemming yang telah ada sebelumnya menggunakan kombinasi awalan dan akhiran yang tidak mungkin dan beberapa partikel akhiran dari 13 awalan, 3 sisipan dan 19 akhiran dikenal untuk memilih kata dasar, metode ini telah diuji pada 6464 dokumen Al-Quran Terjemahan Indonesia dengan menggunakan kamus berukuran 5000 kata yang disampling secara acak dari Kamus Besar Bahasa Indonesia. Metode ini dapat menghasilkan kata dasar yang tepat hingga 79. 12% dibandingkan dengan melakukan pemilihan kata dasar manual. - Metode ini memiliki potensi untuk memilih salah satu kata dasar hingga 79,12%. Kata Dasar yang tepat metode ini dapat digunakan dalam metode ini (kata dasar) yang tidak dapat digunakan secara manual. kata dasar - kata yang tidak umum - kata dasar - kata dasarnya - Kata dasar yang tidak ditentukan - kata - kata-kata dasar yang ditemukan. an - kata: kata dasar-kata yang telah ditemukan.",ai
Jurnal INFOTEL IT Telkom (IndoT5 Parafrase),2017,"(2) Penelitian ini bertujuan untuk mengetahui unjuk kerja VoIP pada dua IP PBX yang menggunakan perangkat lunak server Asterisk dan FreeSWITCH, kami merancang arsitektur jaringan eksperimen yang didasarkan pada topologi bertingkat pada jaringan lokal (LAN) dengan hierarki perangkat yang terdiri dari core switch, distribution switch dan access switch. Pengukuran dilakukan dengan skenario ponsel ke telepon. Jaringan eksperimen yang terhubung ke jaringan kampus aktif. (1) , dan ( 1 ) ( 2 ), masing-masing - (3) ) yang dapat menyediakan layanan VoIP yang ( ) IP ( VIP) s - , MOS (H) ` ; IP PBx ( IP) a () : (T ) - , (M) / (D).",ai
Jurnal INFOTEL IT Telkom (IndoT5 Parafrase),2017,"(Tanda tangan) merupakan salah satu bukti pengesahan dokumen yang sering digunakan, penting untuk melakukan verifikasi terhadap dokumen apakah benar yang memberikan tanda tangan adalah orang yang bersangkutan atau orang lain, model pelatihan dan pengujian menggunakan multi-layer perceptron dan cross validation dengan tiga ukuran grid (4x4, 8x8, 16x16) dan dua jenis representasi citra (citra biner dan citra outline). Hasil pengujian terbaik adalah untuk pengujian ukuran grID sebanyak 8 x 8 dan menggunakan citra Outline.",ai
Jurnal INFOTEL IT Telkom (IndoT5 Parafrase),2017,"TIK di Indonesia yang semakin berkembang pesat dan semakin menggantikan berbagai kegiatan yang dilakukan secara tradisional mulai perlahan beralih ke arah virtual, termasuk salah satunya adalah perdagangan yang sekarang dikenal dengan e-commerce, model keberhasilan proses virtualisasi dengan mempertimbangkan minat belanja online telah dilaporkan oleh media nasional, dengan harapan untuk dapat menguasai atau setidaknya bertahan dalam persaingan bisnis e-niaga di Indonesia, untuk itu harus memperhatikan beberapa faktor apa saja yang membuat orang tertarik untuk melakukan transaksi online. (1) Model Keberhasilan Proses Virtualisasi dilihat dari perspektif e-Commerce, dengan memperhatikan minat berbelanja online.",ai
Jurnal INFOTEL IT Telkom (IndoT5 Parafrase),2017,"Di sistem Synthetic Aperture Radar (SAR), lebar pita menentukan resolusi yang diinginkan, jika lebar pita sempit, maka resolusi yang dihasilkan akan tinggi sehingga objek yang diamati akan lebih presisi. Penelitian ini merancang filter dengan selektivitas tinggi pada frekuensi 1,27 GHz dengan lebar pita sebesar 10 MHz, dengan nilai S11 dan S21 berurutan -14,37 dB dan -0,92 dB, untuk lebar pita pada rentang frekuensi 1,265 - 1,275 GHz, dengan karakteristik tersebut, dapat digunakan resonator kotak karena dapat menghasilkan lebar pita lebar pita -1, dan -1.",ai
Jurnal INFOTEL IT Telkom (IndoT5 Parafrase),2017,"(user) adalah kunci dari semua sistem untuk dapat mengakses sistem, sekarang setiap orang memiliki banyak akun dari sistem yang berbeda, semua akun tersebut harus diingat untuk mengakses sistem. Dari pengujian blackbox, performance testing, efficiency, portability, usability, pengujian Algoritma Eigenface untuk Face Recognition, dan pengujian multi login sistem, Kesimpulan yang dapat diambil dari penelitian ini adalah bahwa sistem login SSO dapat mempermudah pengelolaan akun untuk administrator dan pengguna, dan perlu membangun dedicated server sendiri untuk pengenalan wajah, dan pengembangan sistem yang tepat untuk pengembangan sistem ini, dan Multi login untuk mengembangkan sistem yang sesuai dengan menggunakan aplikasi , dan aplikasi yang relevansi a, dan mengakses sistem yang dapat mengaksesnya, , aplikasi yang dapat digunakan, dan membuat aplikasi yang baik. , dll , pada aplikasi yang diperlukan. - , untuk aplikasi, dan , dalam aplikasi, dll.",ai
Jurnal INFOTEL IT Telkom (IndoT5 Parafrase),2017,"Pada penelitian ini, antena mikrostrip yang dirancang dan disimulasikan memiliki dimensi yang kecil dan bobot yang ringan, namun antena ini juga memiliki kekurangan yaitu bandwidth yang terbatas dan gain yang rendah, dengan jenis substrat yang digunakan adalah Epoxy FR4 dengan nilai permitivitas relatif = 4,4, tebal 1,6 mm, konstanta dielektrik 2,2 dan impedansi saluran mikro-strip 50 ?, yang beroperasi pada frekuensi kerja 2,447 GHz. (dB), dan (c) -0,05 dan 6, dan 6 (a ) (b) - (m) yang dirancang untuk mendukung (t) , (n) (r (l) yang rendah.",ai
Jurnal INFOTEL IT Telkom (IndoT5 Parafrase),2017,"GIGAbit passive optical network (FTTH-GPON) pada area Jakarta Garden City dimodelkan menggunakan GoogleEarth dan OptiSystem, rancangan yang kami usulkan memiliki kecepatan downstream 16,7 ps, distorsi 1,07 μ a. , SNR 6,87, Q Factor 21,249 dan BER 1,9 x 10-99. Berdasarkan hasil pengamatan dan analisis terhadap hasil tersebut, rancangan jaringan akses fiber to the home telah memenuhi standar ITU-T untuk penggunaan layanan internet kecepatan tinggi , dan 1,9 , , serta BER - s N n , dan T t - , masing-T , yang diusulkan.",ai
Jurnal INFOTEL IT Telkom (IndoT5 Parafrase),2017,"Di bawah pengujian User Acceptance Test yang telah dilakukan, sistem manajemen pengetahuan dapat mengelola dan mendokumentasikan semua pengetahuan setiap anggota organisasi, dengan tujuan untuk membantu anggota organisasi mengembangkan pengetahuan dan mendapatkan pengetahuan baru, penelitian ini mengembangkan Sistem Manajemen Pengetahuan Web 2. Konsep Wikipedia diterapkan untuk memungkinkan setiap anggota Organisasi untuk mengembangkan pengetahuan mereka sendiri dan untuk memperbarui pengetahuan mereka masing-masing. Anggota organisasi dapat memanfaatkan dan memperbarui pengetahuannya sendiri secara terus-menerus. informasi dan pengetahuan yang ada dapat dimanfaatkan dan diperbarui secara terus menerus oleh anggota organisasi. - proses berbagi pengetahuan yang telah dikembangkan oleh sistem ini.",ai
Jurnal INFOTEL IT Telkom (IndoT5 Parafrase),2017,"Di bidang industri pertanian, kontrol kecepatan gerak UGV telah dilakukan secara intensif dengan menggunakan dua input perintah kecepatan sudut dalam pemrogramannya, yang menghasilkan kontrol motor dc yang tepat dibandingkan dengan input program berupa nilai PWM pada persamaan sistem kendali menghasilkan kontrol yang tepat pada kecepatan motor Dc penggerak pada roda UGv, berdasarkan pengujian sistem kendali menggunakan input 5500 RPM dan 4500 rpm, dan KD = 0. - Kecepatan UG V pada penelitian ini diuji dengan menggunakan 2 input Perintah kecepatan sudut yang digunakan sebagai tenaga penggerak pada motor DC. untuk mengoperasikan motor DC, dan DC. s ` untuk pengoperasian motor dari - kontrol ( ) operasi motor db a pengendalian aplikasi -kontrol.",ai
Jurnal INFOTEL IT Telkom (IndoT5 Parafrase),2017,"Ini bertujuan untuk menguji kemampuan pemrosesan citra embedded untuk membantu manusia di berbagai bidang pekerjaan, tetapi tidak semua bidang pekerjaan dapat dikembangkan dengan pengolahan citra karena tidak mendukung penggunaan komputer, sehingga mendorong pengembangan pengolahan citra dengan mikrokontroler atau mikroprosesor khusus. Ukuran citra maksimal yang tidak membebani CPU terlalu besar untuk komputasi adalah 256x256 piksel dan general purpose computer adalah 400x300 piksel. (Teks dengan relevansi EEA), dan ukuran citra maksimum yang tidak terlalu besar. CPU untuk penelitian ini adalah 400 x 300 piksel (SBC) (C). s (M) - (G) `.",ai
Jurnal INFOTEL IT Telkom (IndoT5 Parafrase),2017,"Ini akan membahas penggabungan sistem inferensi Fuzzy dengan operator Prewitt untuk deteksi tepi, metode yang digunakan adalah mengubah nilai gradien x dan y yang dihasilkan oleh operator prewitt murni menjadi himpunan Fuzzy, kemudian menggunakannya sebagai input untuk diproses ke dalam sistem fuzzy. Perbandingan citra tepi yang dihasilkan akan ditampilkan dalam tulisan ini antara menggunakan operator Prewitt murni dan menggunakan Prewidt-fuzzy. , dua masalah yang dapat diatasi dengan baik oleh sistem Fuzzy sederhana dan mudah diterapkan. 2 yang dapat diselesaikan oleh Sistem Fuzzy.",ai
Jurnal INFOTEL IT Telkom (IndoT5 Parafrase),2017,"Untuk menjelaskan hal ini, penelitian ini menjelaskan bagaimana sistem distribusi daya yang efisien dan sesuai dengan kondisi satelit nano ketika terkena sinar matahari atau ketika kondisi gelap, sistem akan mencatu beban menggunakan daya masukan panel surya yang sebelumnya telah melewati komponen boost converter (12 Volt), sekaligus mengisi daya batere hingga terisi penuh (7,4 V), tetapi pada saat kondisi terang sistem akan mencharge beban dengan daya yang dihasilkan oleh baterry (6,4 V). , (7,0 V) dari batery ( ). - , dan , untuk.",ai
Jurnal INFOTEL IT Telkom (IndoT5 Parafrase),2017,"(Teks dengan relevansi EEA) Penelitian ini membahas sistem komunikasi Radio Base Station (RBS) femtocell pada tiang lampu jalan, frekuensi komunikasi yang digunakan 10 GHz, frekuensi tersebut dipengaruhi oleh redaman atmosfer seperti uap air dan oksigen, variasi ketinggian RBS, yaitu 6 meter, 8 meter dan 10 meter. Variasi nilai Signal to Interference Plus Noise Ratio (SINR) dan Persentase Daerah Cakupan pada lintasan mobile station.",ai
Jurnal INFOTEL IT Telkom (IndoT5 Parafrase),2017,"lot parkir adalah salah satu layanan yang paling penting di mal, dengan pengunjung kesulitan menemukan lokasi lot terdekat untuk mengunjungi outlet tertentu, pengunjung cenderung memilih pintu terdekat agar tidak membutuhkan waktu lama untuk berjalan, dan dalam memperoleh lokasi parkir, pengguna terkadang harus berputar terlebih dahulu untuk mendapatkan lokasi parkir yang diinginkan. Pengujian sistem yang dirancang dilakukan terhadap 10 skenario. Hasil pengujian menunjukkan persentase ketersediaan Lot terdekat dengan outlet yang akan dikunjungi adalah sebesar 100%. Hal ini disebabkan karena sistem dirancang dengan mempertimbangkan jarak antara lot dengan outlet tujuan dan status ketersediaan Lot Terdekat. (RFID) ( RFID ) yang diinginkan (F) s - lot yang diinginkan - (L ) lot sebelumnya dari pada saat mencari lokasi sebagai untuk pertama kali.",ai
Jurnal INFOTEL IT Telkom (IndoT5 Parafrase),2017,"(UN) adalah tahap akhir siswa dalam menyelesaikan studinya pada tingkat pendidikan formal yang sedang dijalani, setiap tahun siswa berusaha mempersiapkan diri dengan sebaik mungkin untuk menghadapi ujian tersebut. Untuk membantu persiapan siswa dalam menghadapi ujian nasional, umumnya sekolah membuat kegiatan program jam tambahan. Pada kegiatan ini, guru memerlukan teknik pemilihan pembahasan soal yang perlu diberikan untuk efisiensi waktu, dan algoritma apriori digunakan untuk menganalisis ekstraksi pola kesalahan jawaban siswa, sehingga guru dapat fokus memberikan materi tambahan pada soal-soal yang masih dijawab salah.",ai
Jurnal INFOTEL IT Telkom (IndoT5 Parafrase),2017,"(Teks dengan relevansi EEA): simulasi perencanaan jaringan tanpa PCI, simulasi Perencanaan Jaringan menggunakan PCI dilanjutkan dengan membandingkan hasil yang diperoleh. Untuk nilai parameter Best Signal Level dan RSRP tidak mengalami perubahan setelah diterapkan PCI sedangkan untuk nilai parameter C / (N+ I) setelah penggunaan PCI mengalami peningkatan sebesar 0,09 dB, untuk parameter Throughput meningkat 0,063 Kbps, sedangkan untuk parameter BLER tidak mengalami peningkatan, yaitu memiliki rata-rata 0,02 tetapi memiliki pertambahan luas area level terbaik dari 4,7 km (t) - (d) (b).",ai
Jurnal INFOTEL IT Telkom (IndoT5 Parafrase),2017,"(Teknologi VPN) yang saat ini digunakan pada jaringan Dinhubkominfo memiliki beberapa kantor cabang (SKPD), data yang dipertukarkan antara kantor pusat dan kantor cabang masing-masing terdiri dari beberapa jenis, namun pada penelitian ini hanya difokuskan pada pertukaran layanan FTP, dimana parameter yang digunakan adalah Throughput, Delay, Jitter, dan Packet Loss. Proses pengambilan data dilakukan dengan menambahkan beban trafik sebesar 512 kbps, 1024 kb dan 2048 kb, sedangkan packet loss, sedangkan paket loss yang terjadi pada masing-VPN yang lain, masing- VPN, dan VPN yang berbeda, dan , yang berbeda yang berbeda. , dan vpn yang berbeda - , masing - layanan, dan masing-.",ai
Jurnal INFOTEL IT Telkom (IndoT5 Parafrase),2017,"Pada penelitian ini, sistem penghindar halangan berbasis kamera dengan lensa 0,67x wide yang diletakkan pada badan robot, kelemahan dari sistem ini adalah bahwa robot hanya dapat menghindari halangan dan menghindari halangan di depan robot, ini karena sistem yang dibangun tidak menggunakan metode perampingan osilasi seperti PID, sehingga citra dari kamera dapat diproses menggunakan laptop yang telah terinstall aplikasi CodeBlocks dengan pustaka OpenCV, sehingga dapat digunakan untuk konversi jarak piksel menjadi jarak sebenarnya dalam satuan centimeter. , tetapi robot dapat kembali stabil, ini disebabkan sistem yang terakhir, ini - sistem yang akan digunakan untuk kembali stabil - parameter yang digunakan untuk mendeteksi kontur yang tepat - sudut - , dll. _ ` - sinyal - titik- , dan target -. Arahan - arah - orientasi - pergerakan motor DC - nya - a.",ai
Jurnal INFOTEL IT Telkom (IndoT5 Parafrase),2017,"(2) Penelitian ini dianalisa menggunakan teknik wawancara yang dilakukan sebanyak dua kali, dimana pada UAT tahap pertama menghasilkan persentase kepuasan sebesar 76,9% dengan indikator sebanyak 52 butir uji, kemudian pada UAS tahap kedua diperoleh persentase kepuasan 98,1% dengan 15 butir uji dan pada tahap ketiga memperoleh persentase kepuasan 100% yang diperoleh dari 3 butir uji. 5, yang merupakan hasil dari 2 kali pengujian, yaitu pemilik toko Maestro Accessories Duri, dengan tujuan untuk memperoleh informasi mengenai kinerja aplikasi Maestro dari sudut pandang klien. (3) ( 1 ) ) - (T ), dan ( 2) s ` , ) , ( ).",ai
Jurnal INFOTEL IT Telkom (IndoT5 Parafrase),2017,"(Long Range Accesss) adalah salah satu peralatan wearable yang dapat digunakan sebagai sumber energi RF yang dapat dipanen dan disimpan di remote area, menggunakan antena mikrostrip sebagai penangkap energi dan menambahkan rangkaian tegangan multiplier sebagai penyearah sekaligus pengali tegangan. Berdasarkan hasil uji yang telah dilakukan, energi yang dipanen dari satu perangkat LoRa dan disimpan sementara di kapasitor adalah sebesar 163 pJ dengan jarak 11 cm dari sumber. , energi ini dapat dipanen pada baterai atau capasitor bank, untuk digunakan di masa mendatang. - energi yang akan digunakan dalam jumlah energi yang lain. Energi yang dihasilkan pada jaringan nirkabel yang tidak dapat digunakan untuk penggunaan energi yang digunakan di mana energi yang dapat disimpan di masa depan , dan disimpan untuk digunakan.",ai
Jurnal INFOTEL IT Telkom (IndoT5 Parafrase),2017,"Digunakan sebagai alat ukur, kuesioner berisi beberapa pertanyaan yang diberikan kepada responden, hasil klasifikasi dari 500 data adalah IPA sejumlah 88 siswa, IPS 126 siswa, jurusan bahasa 271 siswa, dan tidak ada data yang belum terklasifikasi/false 15 siswa. Pendekatan korelasi dapat dilakukan untuk mengatasi missing nilai, terbukti dengan meningkatnya hasil klasifikasi dan hilangnya data yang tidak terklasifikasi. , sehingga dalam penelitian ini k yang digunakan pada metode K-NN adalah 5, jadi nilai k = 3, 5, 7, 9, 11, dan 11 , dan belum terkategorikan, , (k) , yang relevansi , masing-masing-masing - k - NN , 1 , 2. n , dan seterusnya , 0 , 8 siswa yang belum di mana , 5 , yaitu , 6 , 7 , tidak ada , tetapi tidak , kecuali, tidak ditemukan.",ai
Jurnal INFOTEL IT Telkom (IndoT5 Parafrase),2017,"Di bawah pengujian, sistem yang dirancang secara fungsional dapat digunakan untuk transmisi sinyal audio melalui cahaya tampak dan secara langsung ditampilkan ke loudspeaker, yang pengamatan dilakukan secara langsung dengan membandingkan amplitude sinyal input ke LED driver dengan sinyal output dari stage terakhir dari AFE receiver. Berdasarkan pengujian, dapat ditunjukkan bahwa bandwidth optimum adalah 50 kHz hingga 450 kHZ (referensi redaman pada frekuensi cut-off = -3 dB), dan jarak maksimum transmisi data adalah 40 cm dengan sudut kemiringan 0 derajat. paket data ini, Paket s - paket data - modulasi - , pada di mana:. ` _ dari sebagai 0 derajat paket data 1 ° perangkat sinyal aplikasi Paket -.",ai
Jurnal INFOTEL IT Telkom (IndoT5 Parafrase),2017,"Ini akan membahas jarak minimum yang dibutuhkan oleh eNodeB LTE Non-Lisensi dan Access Point Wi-Fi untuk memenuhi permintaan kebutuhan trafik layanan internet, tetapi spektrum frekuensi non-lisensi telah digunakan terlebih dahulu oleh teknologi LTE dan NLOS, sedangkan untuk outdoor CINR rata-rata adalah 15dB sedangkan untuk indor CINR harus dapat beradapatasi dan berkoeksistensi dengan Wi-fi, maka CINR tidak dapat digunakan dan tidak dapat dikompromikan. Dengan demikian, penggunaan spektrum frekuensi tidak berlisensi harus maksimal. (CINR), dan nilai rata-masing-dial (IR).",ai
Jurnal INFOTEL IT Telkom (IndoT5 Parafrase),2017,"cloud computing adalah teknologi baru yang masih sangat berkembang pesat, dengan mencari model implementasi pada penelitian sebelumnya, kemudian menggabungkan hasilnya dengan pendekatan baru yang disesuaikan dengan sumber daya yang ada dan mencoba mengimplementasikannya langsung di jaringan server yang ada. Hasil percobaan menunjukkan bahwa implementasi teknologi clouble komputasi mampu menggantikan infrastruktur jaringan lama tanpa mengubah kondisi server yang sudah ada sebelumnya. , yang telah disediakan oleh penyedia layanan komputasi awan, yang dapat dilakukan dengan sangat mudah. karena semuanya sudah disediakan oleh layanan komputasi berbasis awan.",ai
Jurnal INFOTEL IT Telkom (IndoT5 Parafrase),2017,"WIRELESS pada standar IEEE 802. 11 adalah salah satu teknologi nirkabel yang dapat mengatasi masalah ini, memiliki cakupan area komunikasi yang tidak terlalu luas, yaitu antara 20-70 meter, hanya mampu melayani 8192 stasiun dengan hierarki AID yang baru, memiliki konsumsi energi yang lebih rendah, dan mampu meningkatkan nilai Throughput dengan mekanisme RAW, pada penelitian ini. mengubah jumlah RAW Slot pada IEEEE 802 11ah. , untuk melihat bagaimana hal itu mempengaruhi kinerja jaringan, dalam hal ini adalah Throughput, Average Delay, dan Flex (RAW) (A) , dan (a) - , dan aplikasi yang lebih baik, dan fleksibilitas , dll , , sehingga , yang lain.",ai
Jurnal INFOTEL IT Telkom (IndoT5 Parafrase),2017,"Di wilayah banyumas, pemodelan Pathloss COST-231 dan Pathloss Walfisch Ikegami pada pengukuran pathloss membantu memprediksi seberapa buruk Pathloss atau redaman yang terjadi pada area perencanaan jaringan komunikasi wireless, tetapi dalam memprediksi Pathloss diperlukan untuk memilih model Pathloss yang sesuai dengan karakteristik wilayah tertentu di setiap Cluster Urban, Suburban dan Rural, dengan nilai MSE 5,58 dB pada masing-masing dari model Path Loss Pengukuran. , sehingga dapat memberikan layanan yang optimal sesuai dengan hasil dari model. s e untuk tujuan dari masing-pathloss - paths path -.",ai
Jurnal INFOTEL IT Telkom (IndoT5 Parafrase),2017,"Di bawah ini, Nuvoton NUC140VE3CN memproses data suhu dan kelembaban udara dari sensor HTU21D, kemudian data ditampilkan pada LCD Black Dot Matrix 128x64, serta dikirimkan ke PC melalui komunikasi serial (melalui modul FTTDI232RL), dengan kesalahan rata-rata sebesar 2%. Data ini telah direkam dan disimpan dalam file berformat csv, yang dapat menampilkan kondisi optimal atau non-optimal. , dengan nilai kesalahan sebesar 10%. (cSv), aplikasi telah mampu merekam data, dan menampilkan kondisi tidak optimal atau tidak optimal, dan aplikasi telah dapat menampilkan parameter yang tidak optimal dan kelembaban Udara , masing- , dan kelembaban atmosfer - s , dan untuk aplikasi , , yang telah dibuat oleh aplikasi yang telah (p ) ( ).",ai
Jurnal INFOTEL IT Telkom (IndoT5 Parafrase),2017,"( 1/2, 2/3, 3/4, 4/5) Penelitian ini menjelaskan tentang sistem komunikasi radio base station femtocell yang diletakkan pada tiang lampu jalan, frekuensi 47 GHz. Berdasarkan hubungan antara daya transmitter dan code rate dan hubungan antara persentase daerah tercakup pada lintasan mobile station dan kode rate, nilai persentase pada daerah tercakup semakin berkurang, berdasarkan hubungan antara Persentase Daerah Tercakup dan Kode Rate dari sinyal-to-interferensi-plus-noise-ratio.",ai
Jurnal INFOTEL IT Telkom (IndoT5 Parafrase),2017,"(2) Untuk klasifikasi dokumen, digunakan metode Support Vector Machine (SVM) untuk multikelas, SVM dipilih karena dianggap memiliki reputasi yang baik dalam klasifikasi, penggunaan ringkasan sebagai seleksi fitur dalam klasifikasi dokumen. Hasil pengujian metode klasifikasi menunjukkan bahwa penggunaan metode Naï `ve Bayes Multinomial (NBM) menghasilkan akurasi yang lebih baik daripada metode S VM. (Teks dengan relevansi EEA) yang lebih tinggi dari pada metode SvM. - Metode () ) Metode SV NBM (M) (D).",ai
Jurnal INFOTEL IT Telkom (IndoT5 Parafrase),2017,"Untuk menghemat energi yang digunakan dalam kehidupan sehari-hari, pengembangan otomatisasi AC dan lampu membutuhkan perangkat yang memiliki fungsi maksimal dengan harga yang minimal, Raspberry Pi adalah perangkat atau modul dengan harga rendah yang mampu melakukan komunikasi wireless tanpa bantuan modul lain. Oleh karena itu, pada penelitian ini mengusulkan untuk mengembangkan automatisasi AC dan Lampu menggunakan Raspiberry Pi yang menerapkan metode Fuzzy dapat menghemat energi hingga 59,87% dalam hal lama waktu nyala AC dan 57,47% dalam lumenasi lampu. , oleh karena itu disarankan untuk menerapkan metode fuzzy untuk melakukannya secara otomatisasi lampu tersebut.",ai
Jurnal INFOTEL IT Telkom (IndoT5 Parafrase),2017,"frame kacamata yang tersedia saat ini terdiri dari rectangle, square, oval, aviator, round, geometric, dan wrap. Berdasarkan pengujian yang dilakukan, citra digital diambil dari IP cameras dan internet, gambar diproses ke dalam citra Biner untuk mendapatkan pola tinggi dan lebar kacamata. Ke-6 atribut tersebut diklasifikasikan dengan menggunakan algortima k-NN. Dari pengujian yang telah dilakukan, akurasi identifikasi mencapai 58%-71%.",ai
Jurnal INFOTEL IT Telkom (IndoT5 Parafrase),2017,"(SDN) adalah paradigma baru dalam dunia jaringan yang mampu membatasi broadcast trafik dari suatu host pada layer 2 dan 3 secara terprogram, sehingga kinerja VLAN pada VLAN ID yang berbeda akan sebanding dengan kompleksitas jaringan internet itu sendiri. Pada pengujian membandingkan VLAN dengan non VLAN over Netwok Functions Virtualization (NFV), yang menunjukkan bahwa kinerja Vlan pada SD akan lebih besar dari pada kinerja jaringan pada vLAN yang berbeda, karena ada pengaruh dari berbagai VLAN Identifikasi, yang berarti bahwa VLAN akan menjadi lebih besar untuk VLAN yang lebih kompleks VLAN ini. - VLAN traffing VLAN - V LAN ( VLAN) (VLAN) VLAN, VLAN lebih besar. VLAN tidak terbatas pada Vlan tersebut.",ai
Jurnal INFOTEL IT Telkom (IndoT5 Parafrase),2017,"(SPP) adalah masalah penempatan pola pada satu jenis model pakaian yang ditentukan oleh pengguna dihitung luas polanya dan diurutkan dari yang terkecil sampai terbesar, kemudian pola dipetakan di atas kain dengan ukuran tertentu untuk mencapai efisiensi keterpakaian bahan dan mengurangi sisa kain yang berlebihan. Salah satu metode yang digunakan dalam masalah SPP ini adalah Algoritma A*. Pola dibuat dalam bentuk titik koordinat x dan y, sehingga memungkinkan adanya ruang kosong (sisa) antar pola yang tidak terpakai. , dengan menggunakan skala A*, untuk mencapai kuantitas pakaian yang diinginkan. - Efisiensi bahan - masalah yang berkaitan dengan menggunakan pola yang sesuai pola yang relevansi. (pola) (di mana) pola yang berbeda pola yang sama- pola yang lebih lanjut pola yang diinginkan pola yang diperlukan pola yang dapat digunakan.",ai
Jurnal INFOTEL IT Telkom (IndoT5 Parafrase),2017,"(1) Penelitian ini bertujuan untuk mengembangkan model prediksi tingkat produktivitas padi dengan tiga tahap, yaitu pra-pemrosesan data, implementasi dan evaluasi, transformasi data numerik menjadi data nominal dengan menggunakan dua skenario, yaitu threshold mean dan teknik diskretisasi, model terbaik dihasilkan dari tahap pra-proses pembuatan dan pelatihan data selama 5 tahun dan testing data selama 1 tahun. Hal ini menunjukkan bahwa pemilihan teknik pra-perosesan dan pembagian pelatihan data dan pengujian data mempengaruhi hasil evaluasi kinerja struktur Bayesian Networks, yaitu proses pembelajaran struktur dan parameter pada bayesian Networks , yang tepat waktu yang relevansi.",ai
